gene	chrom	strand	start	end
128up	chr2R	+	12037297	12038851
14-3-3epsilon	chr3R	+	18242530	18250550
14-3-3zeta	chr2R	+	10099676	10109687
140up	chr3R	-	14124162	14125548
18w	chr2R	+	20111510	20116932
26-29-p	chr3L	+	13994230	13996571
2SrRNA:CR45864	chrX	+	23291699	23291729
2mit	chr3R	-	13121950	13155687
312	chr3L	+	1351115	1352853
4E-T	chr4	-	951541	958392
5-HT1A	chr2R	+	19067154	19121958
5-HT1B	chr2R	-	19022324	19032642
5-HT2A	chr3R	+	4612869	4633304
5-HT2B	chr3R	+	8578204	8629996
5-HT7	chr3R	-	30968235	31016875
5.8SrRNA:CR40454	chrX	-	23280154	23280277
5PtaseI	chr3R	-	25040426	25045151
5SrRNA:CR33353	chr2R	-	19766143	19766278
5SrRNA:CR33354	chr2R	-	19765774	19765909
5SrRNA:CR33355	chr2R	-	19765408	19765543
5SrRNA:CR33357	chr2R	-	19764647	19764782
5SrRNA:CR33358	chr2R	-	19764288	19764423
5SrRNA:CR33359	chr2R	-	19763912	19764047
5SrRNA:CR33360	chr2R	-	19763543	19763678
5SrRNA:CR33361	chr2R	-	19763174	19763309
5SrRNA:CR33362	chr2R	-	19762801	19762936
5SrRNA:CR33364	chr2R	-	19762067	19762202
5SrRNA:CR33365	chr2R	-	19761701	19761836
5SrRNA:CR33366	chr2R	-	19761342	19761477
5SrRNA:CR33367	chr2R	-	19760966	19761101
5SrRNA:CR33368	chr2R	-	19760590	19760725
5SrRNA:CR33369	chr2R	-	19760214	19760349
5SrRNA:CR33370	chr2R	-	19759841	19759976
5SrRNA:CR33372	chr2R	-	19759100	19759235
5SrRNA:CR33373	chr2R	-	19758734	19758869
5SrRNA:CR33374	chr2R	-	19758361	19758496
5SrRNA:CR33375	chr2R	-	19757992	19758127
5SrRNA:CR33376	chr2R	-	19757623	19757758
5SrRNA:CR33377	chr2R	-	19757254	19757389
5SrRNA:CR33378	chr2R	-	19756878	19757013
5SrRNA:CR33379	chr2R	-	19756509	19756644
5SrRNA:CR33380	chr2R	-	19756140	19756275
5SrRNA:CR33381	chr2R	-	19755771	19755906
5SrRNA:CR33382	chr2R	-	19755402	19755537
5SrRNA:CR33383	chr2R	-	19755033	19755168
5SrRNA:CR33384	chr2R	-	19754664	19754799
5SrRNA:CR33385	chr2R	-	19754295	19754430
5SrRNA:CR33386	chr2R	-	19753926	19754061
5SrRNA:CR33387	chr2R	-	19753557	19753692
5SrRNA:CR33388	chr2R	-	19753188	19753323
5SrRNA:CR33389	chr2R	-	19752815	19752950
5SrRNA:CR33390	chr2R	-	19752456	19752591
5SrRNA:CR33391	chr2R	-	19752095	19752229
5SrRNA:CR33392	chr2R	-	19751726	19751861
5SrRNA:CR33393	chr2R	-	19751357	19751492
5SrRNA:CR33394	chr2R	-	19750988	19751123
5SrRNA:CR33395	chr2R	-	19750619	19750754
5SrRNA:CR33396	chr2R	-	19750250	19750385
5SrRNA:CR33397	chr2R	-	19749877	19750012
5SrRNA:CR33398	chr2R	-	19749511	19749646
5SrRNA:CR33399	chr2R	-	19749142	19749277
5SrRNA:CR33400	chr2R	-	19748773	19748908
5SrRNA:CR33401	chr2R	-	19748404	19748539
5SrRNA:CR33402	chr2R	-	19748042	19748177
5SrRNA:CR33403	chr2R	-	19747676	19747811
5SrRNA:CR33404	chr2R	-	19747317	19747452
5SrRNA:CR33405	chr2R	-	19746942	19747076
5SrRNA:CR33406	chr2R	-	19746573	19746708
5SrRNA:CR33407	chr2R	-	19746200	19746335
5SrRNA:CR33408	chr2R	-	19745827	19745962
5SrRNA:CR33409	chr2R	-	19745461	19745596
5SrRNA:CR33410	chr2R	-	19745095	19745230
5SrRNA:CR33411	chr2R	-	19744719	19744854
5SrRNA:CR33412	chr2R	-	19744360	19744495
5SrRNA:CR33413	chr2R	-	19743994	19744129
5SrRNA:CR33414	chr2R	-	19743628	19743763
5SrRNA:CR33415	chr2R	-	19743252	19743387
5SrRNA:CR33417	chr2R	-	19742502	19742637
5SrRNA:CR33418	chr2R	-	19742136	19742271
5SrRNA:CR33419	chr2R	-	19741767	19741902
5SrRNA:CR33420	chr2R	-	19741405	19741540
5SrRNA:CR33421	chr2R	-	19741039	19741174
5SrRNA:CR33422	chr2R	-	19740663	19740798
5SrRNA:CR33423	chr2R	-	19740304	19740439
5SrRNA:CR33424	chr2R	-	19739935	19740070
5SrRNA:CR33425	chr2R	-	19739569	19739704
5SrRNA:CR33426	chr2R	-	19739193	19739328
5SrRNA:CR33427	chr2R	-	19738817	19738952
5SrRNA:CR33428	chr2R	-	19738451	19738586
5SrRNA:CR33429	chr2R	-	19738085	19738220
5SrRNA:CR33430	chr2R	-	19737723	19737858
5SrRNA:CR33431	chr2R	-	19737354	19737489
5SrRNA:CR33432	chr2R	-	19736985	19737120
5SrRNA:CR33433	chr2R	-	19736616	19736751
5SrRNA:CR33434	chr2R	-	19736247	19736382
5SrRNA:CR33435	chr2R	-	19735878	19736013
5SrRNA:CR33436	chr2R	-	19735509	19735644
5SrRNA:CR33437	chr2R	-	19735140	19735275
5SrRNA:CR33438	chr2R	-	19734771	19734906
5SrRNA:CR33439	chr2R	-	19734395	19734530
5SrRNA:CR33440	chr2R	-	19734036	19734171
5SrRNA:CR33441	chr2R	-	19733670	19733805
5SrRNA:CR33442	chr2R	-	19733287	19733422
5SrRNA:CR33443	chr2R	-	19732925	19733060
5SrRNA:CR33444	chr2R	-	19732549	19732684
5SrRNA:CR33445	chr2R	-	19732169	19732304
5SrRNA:CR33446	chr2R	-	19731767	19731902
5SrRNA:CR33447	chr2R	-	19731408	19731543
5SrRNA:CR33448	chr2R	-	19731042	19731177
5SrRNA:CR33449	chr2R	-	19730669	19730804
5SrRNA:CR33450	chr2R	-	19730303	19730438
5SrRNA:CR33451	chr2R	-	19729920	19730055
5SrRNA:CR33452	chr2R	-	19729561	19729696
7B2	chr3R	+	5376779	5377975
7SLRNA:CR32864	chr3R	+	6822499	6822798
7SLRNA:CR42652	chr3R	-	6820130	6820429
825-Oak	chr3L	-	19471655	19472228
A16	chr2L	-	13019574	13021312
AANAT1	chr2R	+	24139562	24157762
AANATL2	chr2L	+	6255858	6256822
AANATL3	chr2L	-	20024974	20025811
AANATL4	chr2R	+	19289108	19289852
AANATL5	chr2R	-	19284550	19285219
AANATL6	chr2R	+	19287982	19288995
AANATL7	chrX	+	2580957	2583823
ABCA	chrX	-	21292307	21306665
ABCB7	chr3L	+	1618413	1623413
ABCD	chr4	-	184075	193829
ACC	chr2R	-	7974114	7991862
ACXA	chr2L	+	12921090	12925453
ACXB	chr2L	+	12916813	12921008
ACXC	chr2L	+	12912529	12916774
ACXD	chr3L	+	2237607	2243719
ACXE	chr2L	+	12925610	12929823
ADD1	chr2R	+	11970685	11977721
ADPS	chr2R	-	14929702	14934861
AGBE	chr2R	+	13171400	13174796
AGO1	chr2R	-	13943386	13958089
AGO2	chr3L	+	15554112	15561042
AGO3	chr3L	+	23554592	23689640
AIF	chr2L	+	2151753	2155389
AIMP1	chr2R	-	8927013	8928105
AIMP2	chr3L	+	15583637	15585347
AIMP3	chr2R	+	23544023	23544901
ALiX	chr3R	-	27696465	27700110
AMPKalpha	chrX	+	1375535	1378896
AMPdeam	chrX	-	13830740	13845866
AOX1	chr3R	-	15532136	15537292
AOX2	chr3R	-	15537712	15542414
AOX3	chr3R	-	15542747	15548188
AOX4	chr3R	-	15548627	15552833
AP-1-2beta	chrX	+	19731003	19734581
AP-1gamma	chrX	+	9108690	9117744
AP-1mu	chr3R	-	9557711	9559525
AP-1sigma	chr3R	+	23958650	23962555
AP-2alpha	chr2L	-	408029	414777
AP-2mu	chr3R	+	22462454	22464603
AP-2sigma	chr3R	-	21269208	21270075
APC10	chr2R	-	17517260	17518186
APC4	chrX	+	9082930	9085867
APC7	chrX	+	6597087	6599699
APP-BP1	chr3L	+	11098411	11100578
AQP	chr2R	-	13212404	13214496
ARY	chrY	+	702429	704048
ASPP	chr2R	-	21217855	21251150
ATP6	chrM	+	4061	4736
ATP6AP2	chr3R	+	9260637	9262590
ATP7	chrX	+	11855021	11864754
ATP8	chrM	+	3906	4068
ATP8A	chr2R	-	13414977	13439051
ATP8B	chr3R	-	12068374	12090612
ATPCL	chr2R	-	15993530	16001290
ATPsynB	chr3L	+	9729998	9731224
ATPsynC	chr3R	-	31216144	31219630
ATPsynCF6	chr3R	-	23355219	23356064
ATPsynCF6L	chr3L	-	5011443	5012133
ATPsynD	chr3R	+	19094999	19096271
ATPsynE	chr3R	+	14326946	14327735
ATPsynF	chr2R	-	24599087	24599821
ATPsynG	chr2L	-	10975521	10976399
ATPsynGL	chr2L	+	7747274	7747874
ATPsynO	chr3R	+	15265590	15266690
ATPsynbeta	chr4	+	1031483	1034917
ATPsynbetaL	chr3L	+	16097833	16100088
ATPsyndelta	chrX	+	10212969	10217393
ATPsynepsilonL	chr3R	+	10121772	10122320
ATPsyngamma	chr3R	-	29747703	29749163
ATbp	chrX	+	23106002	23108331
Aasdh	chr2L	-	8445860	8449576
Aatf	chr2L	+	6717624	6719389
Abd-B	chr3R	-	16927211	16972236
Abi	chr3R	-	14119261	14122420
Abl	chr3L	-	16615865	16647882
Abp1	chr3L	-	13483532	13486280
Ac13E	chrX	-	15510876	15554278
Ac3	chr2L	+	21632586	21647964
Ac76E	chr3L	+	19939286	19977960
Ac78C	chr3L	-	21136446	21171930
AcCoAS	chr3L	-	21270721	21280243
Acam	chr3R	+	25811910	25813134
Acbp1	chr2L	-	8161795	8162452
Acbp2	chr3L	+	7131862	7133463
Acbp3	chr3L	+	7130873	7131505
Acbp4	chr3L	-	7127912	7128264
Acbp5	chr3L	-	8788143	8788545
Acbp6	chr3L	+	7128902	7129673
Ace	chr3R	-	13222950	13259517
Acer	chr2L	+	8521932	8525740
Acf	chr3R	+	31793980	31799799
Achl	chr2R	+	14420323	14424764
Ack	chr3L	+	4108185	4114157
Ack-like	chr2R	-	13142833	13152677
Acn	chr2L	+	19045354	19048817
Acox57D-d	chr2R	+	21389404	21392439
Acox57D-p	chr2R	+	21386308	21389276
Acp1	chr2L	-	7740561	7741537
Acp24A4	chr2L	-	3693183	3693905
Acp26Aa	chr2L	-	5892882	5893896
Acp26Ab	chr2L	-	5892297	5892862
Acp29AB	chr2L	-	8392455	8393222
Acp32CD	chr2L	+	11015619	11016571
Acp33A	chr2L	-	11591338	11591678
Acp36DE	chr2L	-	18356046	18359028
Acp53C14a	chr2R	-	16747833	16748590
Acp53C14b	chr2R	-	16748814	16749460
Acp53C14c	chr2R	-	16750775	16751495
Acp53Ea	chr2R	-	16749802	16750335
Acp54A1	chr2R	+	17133444	17133750
Acp62F	chr3L	+	2739749	2740228
Acp63F	chr3L	-	3815838	3816354
Acp65Aa	chr3L	-	6152049	6152745
Acp76A	chr3L	-	19050756	19052026
Acp95EF	chr3R	+	24228974	24229279
Acp98AB	chr3R	+	27694882	27695057
Acph-1	chr3R	-	29991143	29993411
Acsl	chr2R	+	8665812	8683022
Act42A	chr2R	-	6013909	6015689
Act57B	chr2R	+	20944020	20946431
Act5C	chrX	+	5900860	5905399
Act79B	chr3L	+	21985209	21987190
Act87E	chr3R	+	13425982	13428375
Act88F	chr3R	+	15439968	15442177
Actbeta	chr4	-	1077330	1084796
Actn	chrX	-	2023821	2042311
Actn3	chr3R	-	16975884	16977795
Acyp	chr2L	+	13912082	13912652
Acyp2	chr3R	+	15792687	15793487
AdSL	chr3R	-	17018779	17021120
AdSS	chr3R	-	20824666	20830580
Ada	chr3R	+	9065182	9066303
Ada1-1	chr2L	+	11996808	11997965
Ada1-2	chr2L	+	11992901	11994054
Ada2a	chr3R	-	18252842	18255487
Ada2b	chr3R	-	8236631	8240515
Ada3	chrX	+	18085760	18088418
AdamTS-A	chr3R	-	15442245	15476193
AdamTS-B	chrX	+	5698556	5708633
Adar	chrX	+	1773724	1788065
Adat1	chr2L	-	13808359	13811474
Adck1	chr2R	+	24611702	24613906
Adck5	chr3L	+	11169816	11172411
AdenoK	chr3L	-	13019714	13022688
Adf1	chr2R	+	6662264	6668085
Adgf-A	chr3L	-	17751730	17764158
Adgf-A2	chr3L	-	17754935	17764158
Adgf-B	chr3L	-	17748832	17750588
Adgf-C	chr3R	+	13706756	13709129
Adgf-D	chr3R	-	13703083	13705402
Adgf-E	chr2R	-	14656797	14658755
Adh	chr2L	+	14615551	14618902
Adhr	chr2L	+	14615551	14618902
Adi1	chr3L	+	10663375	10664435
AdipoR	chr3R	-	22543692	22547846
Adk1	chr3L	-	12200321	12204082
Adk2	chr2R	+	24024206	24025877
Adk3	chr3R	-	10887344	10889588
AdoR	chr3R	-	30134855	30149606
Aduk	chr3R	-	9332063	9334714
Ady43A	chr2R	-	7243023	7245776
Ae2	chr3L	+	9763543	9786466
Aef1	chr3L	+	21433421	21438639
Afti	chr3R	-	14320190	14326689
Ag5r	chrX	-	14784663	14786551
Ag5r2	chrX	-	14782961	14784052
AgmNAT	chrX	-	5814863	5815820
Agpat1	chrX	+	12765265	12772851
Agpat2	chr2L	-	8449690	8463994
Agpat3	chr3L	-	16381771	16385957
Agpat4	chr3L	-	16378973	16381570
Ahcy	chrX	+	15450260	15453167
AhcyL1	chr3L	-	2768465	2772325
AhcyL2	chr3R	-	16978438	16982158
Ak6	chr2R	-	12569013	12569847
Akap200	chr2L	+	8415689	8431297
Akh	chr3L	+	4141466	4142070
AkhR	chr2L	-	6711285	6716186
Akr1B	chr3L	-	11620534	11624381
Akt1	chr3R	+	16099227	16105670
AlaRS	chr2L	-	8378261	8381764
AlaRS-m	chr3L	+	5146097	5149852
Aladin	chrX	+	9273412	9275653
Alas	chr2R	+	23964771	23966757
Ald1	chr3R	-	26254068	26261591
Ald2	chr3R	+	26414087	26416192
Aldh	chr2L	+	9387388	9391567
Aldh-III	chr2R	-	7466878	7477162
Aldh7A1	chr3L	-	19266472	19268913
Alg-2	chr3R	+	3623142	3627690
Alg1	chr3R	-	17809400	17811134
Alg10	chr3L	+	11164970	11166620
Alg11	chr3L	+	21625805	21628571
Alg14	chrX	+	15472163	15472859
Alg2	chr3L	+	3143807	3145284
Alg3	chr2R	-	23705438	23709792
Alg9	chr3R	+	25221588	25224118
Alh	chr3R	-	7094595	7124185
Alk	chr2R	-	16625292	16640011
AlkB	chrX	-	15858133	15859487
Alp1	chr3L	-	21442226	21444819
Alp10	chr3L	-	5592740	5595272
Alp11	chrX	+	15587732	15589365
Alp12	chr2L	+	19424049	19429224
Alp13	chr3R	-	10073820	10075373
Alp2	chr2R	-	22206004	22207987
Alp4	chr3R	+	31048928	31052540
Alp5	chr3R	-	21005159	21006990
Alp6	chr2R	+	9561637	9563871
Alp7	chr2R	-	22203693	22205593
Alp8	chr2R	-	22208463	22210765
Alp9	chr3L	+	5595541	5597422
Alr	chrX	+	19748313	19750167
Als2	chr3L	-	21674393	21679755
Ama	chr3R	+	6762592	6765261
Amacr	chr2L	-	20750933	20752341
Amnionless	chr2L	-	287251	289144
Amph	chr2R	+	12593603	12612068
Amt	chr3R	-	15247162	15249137
Amun	chrX	-	11710119	11715565
Amy-d	chr2R	+	17124763	17126369
Amy-p	chr2R	-	17118635	17120303
Amyrel	chr2R	-	16651094	16652699
Ance	chr2L	+	13905644	13909212
Ance-2	chr2L	+	13909332	13911719
Ance-3	chr2L	+	13914724	13956188
Ance-4	chr2R	-	9039727	9042142
Ance-5	chr2R	-	24888627	24891023
Andorra	chrX	-	18178525	18179472
Ank	chr4	-	115073	129849
Ank2	chr3L	-	7655388	7718395
Ankle2	chrX	-	17571853	17579229
Anp	chr3R	+	30209947	30210382
Ant2	chrX	-	10778953	10786907
Antp	chr3R	-	6896252	6999228
AnxB10	chrX	-	20171444	20173514
AnxB11	chrX	-	16416957	16422265
AnxB9	chr3R	+	21065240	21070917
Aos1	chr3R	-	12432532	12433822
Apc	chr3R	-	28832300	28844748
Apc2	chr3R	+	24163965	24168264
ApepP	chr2L	-	16908228	16910418
Apf	chr2L	-	9938177	9938790
Apl	chr3L	+	16595180	16600459
Aplip1	chr3L	+	1196316	1199339
Apoltp	chr2L	+	9634178	9656026
Appl	chrX	+	530500	579044
Aprt	chr3L	-	1883794	1885019
Aps	chr3L	-	10894775	10899123
Arc1	chr2R	-	14357926	14360297
Arc2	chr2R	+	14361923	14362825
Arc42	chr3R	+	19877736	19879309
Archease	chr3R	-	21661185	21662972
Arf102F	chr4	+	1124166	1125325
Arf51F	chr2R	+	15322500	15325490
Arf79F	chr3L	-	22868379	22872231
ArfGAP1	chr3L	-	12415025	12417580
ArfGAP3	chr3L	-	22714312	22717577
Arfip	chr3R	-	11232428	11235013
Arfrp1	chrX	+	9107068	9108354
ArgRS	chrX	-	15841768	15844145
ArgRS-m	chr3R	+	7887044	7890150
Argk	chr3L	-	9048780	9066027
Argl	chr2L	-	8939724	8942105
Arl1	chr3L	+	15983134	15984362
Arl2	chr3R	+	8341099	8341872
Arl4	chr4	-	177347	179389
Arl5	chr3L	-	8298500	8299839
Arl6	chr2R	+	19444178	19445058
Arl6IP1	chr3R	+	16643604	16645171
Arl8	chr3R	+	8126604	8129835
Arp1	chr3R	+	12691742	12694232
Arp10	chrX	-	19644530	19646176
Arp2	chrX	-	16548289	16553968
Arp3	chr3L	-	8113406	8115902
Arp5	chr3R	+	18185497	18187875
Arp53D	chr2R	+	16774245	16775676
Arp6	chrX	-	15735773	15737120
Arp8	chrX	-	17858378	17860800
Arpc1	chr2L	-	13827940	13829741
Arpc2	chr2L	+	20417056	20423027
Arpc3A	chr3R	+	15834647	15836021
Arpc3B	chrX	-	17104570	17105852
Arpc4	chr2L	+	6125131	6125911
Arpc5	chr2L	+	2580291	2581423
Arr1	chr2L	+	18078268	18081307
Arr2	chr3L	-	8647260	8648936
Ars2	chr2R	-	6080827	6085625
Art1	chr3R	-	10786480	10788226
Art2	chr2L	-	4277695	4281324
Art3	chr3R	-	15227604	15229408
Art4	chr3R	-	9982815	9986060
Art6	chr3R	-	13944653	13945812
Art7	chr2R	-	23076687	23079038
Art8	chr2L	-	11009820	11011086
Art9	chr3R	-	13942237	13943460
Arts	chr3L	+	16603052	16608146
Arv1	chr3L	-	21528217	21529333
Asap	chr2R	-	8114285	8123001
Asator	chr4	-	469408	488994
Asciz	chr3L	-	3163785	3166250
Ask1	chr3R	+	19879718	19886030
AsnRS	chr2L	-	19129468	19131954
AsnRS-m	chr2R	+	17001993	17003599
AsnS	chr3L	+	21173117	21174973
AspRS	chr2R	+	12877003	12883168
AspRS-m	chr2L	+	16827077	16832093
Asph	chr2R	+	16110330	16116996
Ass	chr3R	-	6642261	6644434
AstA	chr3R	-	24760529	24765071
AstA-R1	chrX	+	3574535	3666724
AstA-R2	chr3R	-	28737108	28744782
AstC	chr2L	-	11076164	11081399
AstC-R1	chr3L	+	18560257	18576326
AstC-R2	chr3L	-	18485136	18502557
AstCC	chr2L	-	11083458	11085229
Asx	chr2R	+	14503957	14512493
Atac1	chr2L	-	6959098	6960328
Atac2	chr2L	-	18609575	18612249
Atac3	chr3L	-	324984	327992
Ate1	chr2R	-	20254965	20257390
Atet	chr2L	+	4333912	4345776
Atf-2	chr2R	+	24870107	24871509
Atf3	chrX	-	1242739	1275284
Atf6	chr2R	+	5144732	5154756
Atg1	chr3L	-	12784428	12805116
Atg10	chr2R	+	7832170	7835518
Atg101	chrX	+	18791667	18793517
Atg12	chr3L	+	12136966	12137559
Atg13	chr3R	+	8349814	8352817
Atg14	chr3R	+	29116390	29118390
Atg16	chr3R	-	29827280	29835101
Atg17	chr3R	+	5669712	5679930
Atg18a	chr3L	+	8186856	8191118
Atg18b	chr2L	-	21212321	21220572
Atg2	chr3L	+	2774337	2780677
Atg3	chr3L	+	18748686	18750483
Atg4a	chr2L	+	1080910	1085380
Atg4b	chr3R	-	15353719	15356924
Atg5	chrX	-	7314621	7323770
Atg6	chr3R	-	24049179	24050782
Atg7	chr2R	-	18620465	18625044
Atg8a	chrX	-	10764877	10768338
Atg8b	chr3R	-	17724409	17725063
Atg9	chr2R	+	16294399	16297232
Atox1	chr3L	+	21640994	21642599
Atpalpha	chr3R	+	20948713	20976239
AttA	chr2R	+	14747361	14748215
AttB	chr2R	+	14749222	14750165
AttC	chr2R	+	13393704	13394667
AttD	chr3R	+	17625267	17626086
Atu	chr3R	+	5613357	5615939
Atx-1	chrX	+	6823203	6824203
Atx2	chr3R	+	15408422	15417277
Atxn7	chr2L	+	2375840	2380506
Aven	chrX	-	12628369	12629640
Awh	chr3L	+	3846205	3861692
Axn	chr3R	+	30022841	30035311
Axs	chrX	-	16680088	16683895
Axud1	chr2L	+	2365344	2370137
B-H1	chrX	+	17397477	17403278
B-H2	chrX	+	17314580	17324175
B4	chr2L	-	13500623	13549328
B52	chr3R	+	13661310	13666891
B9d1	chr3R	+	15481905	15482904
B9d2	chr2L	-	6127871	6130651
BBIP1	chr3R	+	9404384	9407857
BBS1	chr3L	+	7125904	7128118
BBS4	chr2R	+	11135922	11139315
BBS5	chr3R	+	4816317	4817776
BBS8	chr2L	+	422872	425321
BBS9	chr2R	+	21341971	21345608
BCAS2	chr3R	-	27921282	27922356
BCL7-like	chrX	+	9356633	9358594
BEAF-32	chr2R	+	14770468	14772630
BG642163	chr2L	+	4641295	4642872
BG642167	chr3R	+	25806444	25806961
BG642312	chr3L	-	6232468	6233381
BHD	chr3L	+	7238541	7240245
BI-1	chr3L	-	8307144	8308941
BOD1	chr3R	+	27938244	27942778
BORCS5	chrX	-	11871298	11872779
BORCS6	chr3L	+	540850	542147
BORCS7	chr2R	-	20550333	20552090
BRWD3	chr3R	+	24318999	24328619
BTBD9	chrX	+	10768536	10772154
Bacc	chr2L	+	2752444	2757975
Bace	chr2L	-	8494892	8496307
Balat	chr2R	-	12872786	12875012
Baldspot	chr3L	-	16648441	16661615
Bap111	chrX	+	9149308	9151976
Bap170	chr2R	+	6636511	6642358
Bap55	chr2R	-	17429352	17430963
Bap60	chrX	-	13157444	13159508
Bdbt	chr3R	-	21117856	21118856
Bdp1	chr2L	-	13371426	13373890
Bem46	chr2L	+	2988115	2990075
Best1	chr3R	-	10161463	10170487
Best2	chr3L	-	6245932	6256665
Best3	chr3L	-	15300914	15302785
Best4	chr3L	+	15298957	15300942
Bet1	chr3L	+	19261393	19262437
Bet3	chr3L	-	9438481	9442267
Bet5	chr3R	+	30180231	30181486
Bgb	chr3L	+	1639710	1640952
BicC	chr2L	+	16042046	16048757
BicD	chr2L	-	17459604	17473215
BigH1	chr3R	+	14663449	14664822
Bili	chr3R	+	25131305	25136709
Bin1	chr3R	-	16186155	16189564
Bka	chr2L	+	9895286	9896104
Blimp-1	chr3L	+	5630982	5652094
Blm	chr3R	-	11736809	11741783
Blos1	chr2R	+	14601277	14602010
Blos2	chr3L	+	11061570	11062215
Blos3	chr3L	+	18870223	18870897
Blos4	chr3L	+	10879084	10880188
Bmcp	chr3L	+	11720933	11728118
BoYb	chr3L	+	22901911	22905470
BobA	chr3L	-	14945498	14946125
BomBc1	chr2R	-	18382703	18383235
BomBc2	chr2R	-	18384823	18385589
BomBc3	chr3R	+	22087074	22088501
BomS1	chr2R	+	18383948	18384378
BomS2	chr2R	+	18386601	18387030
BomS3	chr2R	+	18387894	18388734
BomS4	chr2R	+	18384566	18384911
BomS5	chr2R	+	18389958	18390242
BomS6	chr2R	-	18390352	18390629
BomT1	chr2R	-	18381392	18381844
BomT2	chr2R	+	18388994	18389443
BomT3	chr3R	-	22085373	22086397
Boot	chr2R	-	9092505	9094658
Br140	chr2R	-	7272274	7278101
Brca2	chr2R	+	24526171	24529581
Brd	chr3L	+	14972666	14973198
Brd8	chr3R	+	29223484	29226276
Bre1	chr3L	-	5789830	5794192
Brf	chr3R	-	17374832	17391337
Brms1	chrX	-	12907985	12909622
Bro	chr3L	+	1647868	1648612
Bruce	chr3R	-	10312038	10331353
Bsg	chr2L	+	8083419	8116531
Bsg25A	chr2L	-	4683051	4684461
Bsg25D	chr2L	-	5271727	5278548
BtbVII	chr3L	+	3148645	3158408
BthD	chrX	+	13612130	13613228
Btk29A	chr2L	-	8258372	8301079
Btnd	chrX	-	6217267	6219327
BuGZ	chr2L	+	16743404	16753704
Bub1	chr2L	+	5278864	5283283
Bub3	chr3R	-	29674006	29675421
BubR1	chr2R	-	5969098	5974385
Buffy	chr2R	+	11679491	11688557
Bug22	chr2L	-	10429919	10430918
Burs	chr3R	+	21769517	21770279
Bx	chrX	+	18515427	18572809
Bx42	chrX	-	9103869	9106604
C15	chr3R	+	21499985	21512814
C1GalTA	chr2L	-	8943454	8951216
C3G	chrX	-	6780789	6803593
C901	chrX	-	10964031	10967134
CAH1	chr2L	+	13803625	13809994
CAH13	chr2R	+	10725269	10727272
CAH14	chr2R	+	20863780	20867076
CAH15	chr2R	+	20909703	20910801
CAH16	chr3R	+	31260246	31261667
CAH2	chr3L	+	12177600	12183347
CAH3	chrX	+	8681251	8688760
CAH4	chr3R	-	24856382	24857559
CAH5	chr3R	+	31262597	31263878
CAH6	chr3R	+	31257598	31260049
CAH7	chr3R	+	10112236	10120081
CAH8	chr3R	-	22386488	22389714
CAH9	chr3R	-	27102987	27106184
CAHbeta	chr3R	+	8980859	8982793
CAP	chr2R	+	10269015	10307024
CARPA	chrX	+	7826196	7842679
CARPB	chrX	+	9783222	9855449
CASK	chr3R	-	21783399	21822674
CBP	chrX	+	7337351	7342731
CCAP	chr3R	-	22700581	22702084
CCAP-R	chr3R	-	25923498	25956270
CCDC151	chr3L	+	11881383	11883546
CCDC53	chr2L	+	8041105	8041879
CCHa1	chr3R	-	14092503	14096835
CCHa1-R	chr2R	-	17646847	17665068
CCHa2	chr3R	-	13389058	13395197
CCHa2-R	chr2R	+	6050948	6068680
CCKLR-17D1	chrX	-	18707493	18726572
CCKLR-17D3	chrX	-	18764482	18774027
CCT1	chr3R	-	22489104	22491439
CCT2	chrX	+	9089512	9092826
CCT3	chr3R	+	16647604	16649978
CCT4	chr2L	-	12690335	12692934
CCT5	chr2R	+	12174801	12177516
CCT6	chrX	+	15746647	15748971
CCT7	chr3R	+	8801563	8806234
CCT8	chr2R	-	8904843	8906990
CCY	chrY	+	3649995	3666928
CD98hc	chr3R	-	7974408	7978428
CDC50	chrX	-	16438679	16441296
CDK2AP1	chrX	+	11137858	11139689
CDase	chr3R	+	30459520	30465736
CG10000	chr3R	-	28748383	28751661
CG10005	chr3R	-	11975155	11977197
CG10011	chr3R	-	28607938	28635099
CG10013	chr3R	+	12323520	12325210
CG10019	chr2L	+	3730465	3754617
CG10026	chr2L	+	19454255	19457723
CG10029	chr3R	-	7315723	7317207
CG10031	chr2L	-	3698450	3699092
CG10035	chr3R	-	12380868	12382691
CG10038	chr3R	-	12348986	12350644
CG10041	chr3R	-	12350814	12352103
CG10050	chr3R	+	7249794	7251750
CG10051	chr2R	+	19363640	19367294
CG10053	chr3R	+	7247089	7248140
CG10055	chr3R	-	7184100	7186673
CG10062	chr2R	+	19375312	19380174
CG10063	chr3L	-	6971578	6972467
CG10064	chr3L	-	6965259	6967897
CG10068	chr3R	-	7126270	7128027
CG10073	chr2R	+	19380542	19384965
CG10075	chr3L	-	6956945	6958108
CG10077	chr3L	-	6949490	6955904
CG10081	chr2R	+	19385922	19389318
CG10082	chr2R	+	21646176	21657935
CG10086	chr3R	+	7790632	7793483
CG10089	chr3L	-	13465551	13474787
CG10096	chr3R	-	12390165	12395980
CG10097	chr3R	-	12390165	12395980
CG10098	chr3R	+	7124547	7126503
CG10104	chr2R	+	14390695	14392209
CG10116	chr3L	-	13456207	13457238
CG10126	chr3R	-	12855543	12859246
CG10132	chr2L	+	19518823	19525453
CG10137	chr2L	+	19526685	19532985
CG10139	chr2R	+	14645269	14646344
CG10140	chr3L	-	13439316	13440470
CG10147	chr3L	-	6486166	6488424
CG10151	chr2R	-	14753336	14756288
CG10154	chr3L	-	13435679	13437136
CG10163	chr3L	-	6257422	6258760
CG10164	chr3R	-	23554322	23556943
CG10165	chr2L	-	19526909	19530305
CG10166	chr2L	-	19525433	19526368
CG10171	chr3L	-	13385945	13387907
CG10175	chr3R	-	23522263	23530986
CG10177	chr3R	-	23520145	23521583
CG10182	chr3R	-	23587119	23589819
CG10183	chr3R	-	23596560	23599034
CG10184	chr3R	-	23602506	23605495
CG10185	chr3R	-	16060588	16067594
CG10189	chr2L	-	19491646	19493253
CG10194	chr2L	-	19488681	19490104
CG10195	chr2L	-	19482231	19484705
CG10205	chr2R	+	14832831	14833951
CG10208	chr3R	-	23772997	23774127
CG10209	chr2R	-	14846063	14848366
CG10211	chr2L	+	18517486	18531967
CG10214	chr3R	-	23766518	23767488
CG10222	chr3L	-	13411121	13412453
CG10226	chr3L	-	6234322	6240068
CG10232	chr3R	-	23719342	23721625
CG10237	chr2L	-	19435849	19442727
CG1024	chr3R	-	6377348	6380328
CG10252	chr3R	-	23695220	23696245
CG10254	chr3R	-	23689006	23694983
CG10257	chr2R	+	14942397	14944469
CG10264	chr3R	+	16043497	16044832
CG10265	chr2R	-	14992331	14993835
CG10268	chr2L	-	19579092	19580351
CG10274	chr3L	-	6178676	6181829
CG10280	chr3R	-	6010572	6011932
CG10283	chr2L	-	18472963	18484513
CG10286	chr3R	+	6368964	6371115
CG10298	chr3R	+	6343001	6343799
CG10300	chr3R	+	23711526	23713313
CG10301	chr3R	+	23710157	23711338
CG10307	chr2R	+	21688772	21690253
CG10311	chr3R	-	16350785	16357015
CG10317	chr3R	-	16368854	16370533
CG10321	chr2R	+	21634678	21638399
CG10324	chr3R	-	16645071	16647004
CG10332	chr2R	-	23600913	23601773
CG10333	chr2L	+	18606831	18609550
CG10336	chr2L	+	18689527	18690906
CG10337	chr2L	-	19545375	19546959
CG10338	chr2L	+	18695663	18698571
CG10339	chr2R	-	24078233	24080527
CG10340	chr3R	-	16613397	16614391
CG10341	chr2L	+	18698713	18700645
CG10343	chr2L	+	18703472	18704454
CG10344	chr2R	-	22425732	22426977
CG10345	chr3R	-	16597072	16604861
CG10347	chrX	-	11852691	11854931
CG10348	chr2L	-	18714452	18732524
CG10352	chrX	-	11875305	11877168
CG10353	chrX	-	11877736	11887162
CG10357	chr3L	+	3615381	3616682
CG10359	chr3L	+	3612191	3615244
CG10361	chr3L	-	11798947	11800861
CG10362	chrX	-	11926423	11930850
CG10365	chr3R	+	23723330	23731499
CG10366	chr2L	+	19584234	19586440
CG10375	chr3R	+	23767711	23768984
CG10376	chr2L	-	18700605	18703105
CG10383	chr2L	-	18690903	18695602
CG10384	chr2R	+	22454740	22472995
CG10395	chr2R	+	5350476	5351972
CG10405	chr3R	+	16454491	16455797
CG10407	chr3R	-	16044746	16046130
CG10413	chr2L	-	18599754	18605249
CG10417	chr2R	-	5360330	5363104
CG10418	chr3L	+	12336675	12337236
CG10425	chr3R	-	25260962	25262498
CG10428	chr2L	+	18948883	18950973
CG10431	chr2L	+	18974709	18978187
CG10433	chr2R	-	21605675	21608125
CG10435	chr3R	-	8010906	8013201
CG10444	chr2R	-	20271652	20274499
CG10445	chr3R	-	7916598	7920299
CG10459	chr2R	+	9707535	9708722
CG10462	chr2L	-	19732079	19735980
CG10463	chr2L	+	19758878	19760986
CG10465	chr2R	-	5339705	5340995
CG10466	chr2L	+	19792103	19792782
CG10467	chr3L	-	6093203	6094747
CG10469	chr3L	-	6092187	6093313
CG10470	chr2L	+	19049075	19049884
CG10472	chr3L	-	6061371	6062910
CG10474	chr2R	-	19285394	19286730
CG10477	chr3L	-	6033198	6034611
CG10479	chr3L	-	5967544	5976007
CG10481	chr2L	-	19890200	19892550
CG10483	chr3L	-	5917904	5921316
CG10486	chr3L	-	5904210	5906699
CG10492	chr2L	+	19054077	19058821
CG10494	chr2R	-	21516773	21519125
CG10495	chr2L	+	19063294	19064726
CG10505	chr2R	-	21285247	21290343
CG10508	chr3L	+	21210214	21216051
CG10510	chr3L	-	21208147	21210084
CG10512	chr3L	+	21202919	21208092
CG10513	chr3R	-	25275789	25277212
CG10514	chr3R	-	25278426	25279846
CG10516	chr3L	+	15968203	15969902
CG10527	chr2R	-	21070367	21072789
CG10543	chr2R	+	20996219	21007740
CG10550	chr3R	-	25306406	25308391
CG10553	chr3R	-	25316460	25318111
CG10555	chrX	+	8398939	8404516
CG10559	chr3R	-	25314493	25316116
CG10560	chr3R	-	25318549	25320101
CG10561	chr2L	+	19114400	19116570
CG10562	chr3R	-	25321052	25322757
CG10565	chr3L	-	21133249	21136353
CG10570	chr2L	-	18808693	18811252
CG10576	chr3L	-	5761962	5765702
CG10581	chr3L	-	21033553	21034203
CG10584	chr3L	-	21030279	21031360
CG10587	chr3L	-	20961536	20962555
CG10588	chr3L	+	20956933	20960660
CG10589	chr3L	+	20927825	20929190
CG10591	chr3L	-	5598556	5599692
CG10597	chrX	-	17230274	17231044
CG10598	chrX	-	17225156	17226867
CG10600	chr2L	-	18833709	18839679
CG10602	chr2L	-	18855125	18859248
CG10616	chr3L	+	12471727	12474428
CG10621	chr2L	-	18952205	18954431
CG10623	chr2L	-	18955480	18957311
CG10628	chr2L	-	19757244	19758615
CG10631	chr2L	-	19742816	19756904
CG10638	chr3L	-	12498105	12501311
CG10646	chr3L	-	12502466	12503894
CG10650	chr2L	-	18993359	18995934
CG10651	chr2L	-	20133754	20134923
CG10654	chr3L	-	12505373	12507840
CG10657	chr3L	-	12491829	12497216
CG10660	chr3L	-	12486667	12490676
CG10663	chr3L	-	12474417	12485035
CG10669	chr3R	-	25331362	25335243
CG10672	chr3L	-	5140439	5141646
CG10674	chr3L	-	5135747	5136292
CG10680	chr2L	+	19964135	19965702
CG10681	chr3L	+	12501512	12502647
CG10694	chr3R	+	24107390	24108358
CG10700	chr2L	-	19077275	19079028
CG10702	chr2L	-	19064831	19069851
CG10710	chr3L	-	13516272	13519605
CG10713	chr3L	-	13428838	13435229
CG10725	chr3L	+	13437953	13439009
CG10730	chr2L	-	20070080	20072195
CG10731	chr2R	-	16148811	16149795
CG10734	chr2R	-	16157266	16158794
CG10737	chr2R	+	19164142	19178223
CG10738	chr3L	+	13450769	13465539
CG1074	chr3R	+	4433964	4436175
CG10747	chr2L	-	20089635	20091348
CG10748	chr3L	-	12971213	12972359
CG10749	chr3L	+	12972473	12973650
CG10750	chr2L	+	19300254	19301600
CG10752	chr3L	-	12952685	12954647
CG10761	chrX	-	8161539	8162792
CG10764	chr2R	+	17453398	17455729
CG1077	chr3R	+	6167482	6170309
CG10778	chrX	-	7931744	7933351
CG10793	chrX	-	3314743	3316402
CG10795	chr2R	-	21383226	21384391
CG10799	chr2R	+	13257885	13258477
CG10801	chrX	+	3460591	3462500
CG10802	chrX	+	3482964	3484555
CG10803	chrX	+	3485649	3490915
CG10804	chrX	-	3476462	3482322
CG10809	chr3L	-	9857382	9859889
CG10814	chr2R	-	13375974	13377731
CG10822	chr2R	+	19951344	19951950
CG10834	chr2L	-	22106861	22107304
CG10839	chr2L	+	15979485	15981455
CG10841	chr3R	+	13631941	13634861
CG10845	chr3R	+	24901115	24903048
CG10853	chr3L	+	3947890	3948687
CG10859	chr2L	-	13396391	13398664
CG10862	chr3L	-	3653404	3654771
CG10863	chr3L	-	3941007	3942465
CG10864	chr3R	-	18410079	18411631
CG10866	chr3L	-	3936059	3937992
CG10869	chr2L	-	1584865	1587155
CG10874	chr2L	-	2189913	2192386
CG10877	chr3R	-	20562485	20564067
CG10887	chr3R	+	20114837	20117139
CG10898	chr3R	+	11557775	11559877
CG1090	chr3R	+	4359882	4366855
CG10903	chr3R	+	8030410	8032145
CG10904	chr2R	-	23968940	23970073
CG10907	chr3L	+	11793513	11795418
CG10909	chr3R	-	12910119	12911292
CG10910	chr2R	+	18020267	18022406
CG10911	chr2R	-	18052549	18054066
CG10912	chr2R	-	18056063	18057065
CG10914	chr2R	+	18158256	18160310
CG10916	chr2R	+	18173668	18175725
CG10918	chrX	-	21428613	21429256
CG10919	chr3R	+	7758121	7759677
CG1092	chr3R	+	4266769	4268316
CG10920	chrX	-	7852480	7854244
CG10927	chr2R	+	18613089	18614255
CG10931	chr2R	+	17748934	17750136
CG10932	chrX	-	7887129	7888785
CG10934	chr2R	+	17722338	17723381
CG10936	chr2R	-	17604950	17639138
CG10939	chr2R	+	17394592	17405171
CG10943	chr3L	-	12861716	12862920
CG10947	chr2L	-	20385292	20414800
CG10948	chr3L	-	12844253	12850117
CG10949	chr2L	-	20415172	20416918
CG10950	chr2R	+	17195202	17197159
CG10953	chr2R	-	17165083	17166643
CG10958	chrX	+	8132284	8134967
CG10959	chrX	+	8148782	8150686
CG10960	chr3L	-	12824879	12843106
CG10962	chrX	-	8972907	8974255
CG10969	chr3L	-	12778749	12781097
CG10970	chrX	-	9069598	9071408
CG10973	chr3L	-	12753238	12754774
CG10979	chr3R	+	5794704	5799994
CG10984	chr3L	+	12750118	12753402
CG10993	chrX	-	13790337	13791111
CG10996	chrX	-	13796388	13797638
CG11000	chr3R	+	5802327	5813258
CG11007	chr2R	+	19503067	19504594
CG11018	chr2R	+	19662435	19663738
CG11029	chr2L	+	5746156	5747961
CG1103	chr3R	+	4337754	4339914
CG11030	chr2L	+	5724655	5762420
CG11034	chr2L	+	5805394	5809063
CG11035	chr3R	-	8031129	8033009
CG11037	chr3L	-	20960397	20961386
CG11041	chr2R	+	20146117	20146824
CG11044	chr2R	+	20231828	20234927
CG1105	chr3R	-	7064185	7067136
CG11050	chr2L	+	6611010	6617117
CG11052	chr3R	-	8008248	8009297
CG11060	chr2R	+	7175885	7178290
CG11068	chrX	+	13955235	13956574
CG11069	chr3R	+	24894741	24897613
CG11070	chr2L	+	6658516	6662033
CG11073	chr2R	-	22091488	22099534
CG11076	chr4	-	1029710	1031757
CG11077	chr4	-	1028674	1029361
CG11085	chrX	+	12616315	12621216
CG11089	chr3R	+	24877044	24881478
CG11095	chrX	+	13811683	13812870
CG11099	chr2R	+	20236234	20239200
CG11103	chrX	+	13782458	13783381
CG11106	chrX	+	11202247	11202806
CG11109	chr3L	+	22872199	22873702
CG11110	chr2R	+	20641741	20642558
CG11112	chr2R	+	7400742	7401482
CG11113	chr2R	+	7401858	7402364
CG11122	chrX	-	11112394	11124726
CG11123	chr2R	+	7440705	7442885
CG11125	chr2R	+	7447472	7449995
CG11127	chr2R	+	7463503	7464987
CG1113	chr3R	+	5253152	5255403
CG11131	chr3L	+	22898743	22900262
CG11134	chrX	+	13737941	13739177
CG11141	chr2R	-	7459684	7463395
CG11145	chr2R	-	7427904	7428593
CG11147	chr2L	-	5733674	5741244
CG11149	chr2L	-	5718120	5720899
CG11151	chrX	+	13739743	13741952
CG11155	chr4	+	1126601	1137919
CG11158	chrX	+	13682951	13684616
CG11159	chr2R	-	20655755	20656609
CG1116	chr3R	+	5219656	5221548
CG11162	chrX	+	13676893	13677882
CG11164	chrX	+	13668013	13669573
CG11168	chr3R	+	24918105	24922385
CG11170	chr2R	-	22177418	22182879
CG11178	chrX	+	13605680	13609529
CG11180	chr2R	-	20620913	20623429
CG11191	chr2R	-	8000489	8002120
CG11192	chr2R	-	20354107	20355067
CG11200	chr2R	-	20304516	20308671
CG11211	chr2R	-	6180925	6181626
CG11226	chr3L	+	22837067	22838170
CG11227	chrX	-	20930971	20933559
CG11236	chr2L	+	6803010	6804372
CG1124	chr3R	+	4965444	4968485
CG11241	chr3L	-	22732012	22738420
CG11247	chr3L	-	21724325	21728806
CG11248	chr3L	+	21680049	21683231
CG11249	chr3L	+	21672138	21674518
CG11251	chr3L	-	13088580	13089969
CG11257	chr2R	+	19390127	19391900
CG11262	chr3L	+	12995134	12997418
CG11263	chr3L	+	13006816	13007881
CG11267	chr3L	+	13016049	13016903
CG11269	chr2R	+	22138894	22139295
CG11275	chr2R	+	22179694	22182642
CG11279	chr3L	+	13046976	13048919
CG11286	chr3R	-	7770859	7771756
CG1129	chr3R	+	4811443	4816025
CG11291	chr2R	+	22211370	22212704
CG11294	chrX	-	8691819	8693620
CG11298	chr2R	+	22348306	22348875
CG11300	chr2R	+	23751914	23752495
CG11307	chr3L	+	21617622	21619873
CG11309	chr3L	-	21301784	21304658
CG11313	chr3R	-	30729836	30731165
CG11317	chr3R	-	31090711	31097321
CG11318	chr3R	-	31106361	31109191
CG11319	chr2L	-	6568399	6601068
CG11322	chr2L	-	6757863	6759628
CG11327	chr2L	-	6684841	6686712
CG11333	chr3R	+	31463300	31464134
CG11334	chr3R	-	31459821	31463037
CG11342	chr3L	-	4366493	4367458
CG11345	chr3L	-	4457176	4458163
CG11349	chr3L	+	4473067	4475095
CG11350	chr3L	+	4482808	4484370
CG11353	chr3L	+	4533169	4539270
CG11356	chrX	-	12102943	12103840
CG11357	chr3L	+	4542050	4553457
CG1136	chr3L	+	4046595	4059660
CG11360	chr4	+	671141	690650
CG11362	chr2R	+	22562306	22563131
CG11367	chr3L	+	22728110	22733446
CG11368	chrX	+	7452208	7452643
CG11369	chrX	+	7574289	7576767
CG1137	chr3R	-	6558617	6560351
CG11370	chr3L	+	22712154	22713660
CG11373	chr3R	-	5960293	5960987
CG11374	chr2L	+	76347	77783
CG11377	chr2L	+	102379	104142
CG11378	chrX	+	1170827	1173797
CG11379	chrX	+	1180164	1181551
CG1138	chr3R	-	6596624	6598022
CG11380	chrX	+	1191307	1196660
CG11381	chrX	+	1203776	1205433
CG11382	chrX	+	1209969	1211853
CG11384	chrX	-	1173876	1176035
CG1139	chr3L	+	1971637	1974285
CG11391	chr3R	+	19778749	19780727
CG11396	chr3L	-	20786339	20788137
CG11398	chrX	-	1211988	1215156
CG11399	chr3L	-	20780349	20786197
CG11400	chr2R	+	17134128	17135345
CG11403	chrX	-	1236872	1239884
CG11404	chr3L	+	22548436	22549342
CG11406	chr2R	-	24202090	24208203
CG11407	chr3R	+	19781245	19783145
CG11409	chrX	-	1329517	1341587
CG11413	chr2R	+	24536189	24536791
CG11414	chr2R	+	24561606	24565058
CG11417	chrX	+	1354013	1356473
CG1142	chr3R	-	7472457	7473781
CG11425	chr3L	+	22474794	22475792
CG11426	chr3L	+	22470555	22473509
CG1143	chr3L	+	2645367	2647192
CG11436	chrX	-	4549882	4551878
CG11437	chr3L	+	22468861	22469853
CG11438	chr3L	+	22465618	22468076
CG11444	chrX	-	4553116	4554398
CG11447	chr3R	+	19861609	19862600
CG11449	chr3L	+	22454372	22455989
CG11453	chr3R	+	19783521	19785519
CG11454	chr2L	+	143322	144227
CG11456	chr3L	+	20841986	20844340
CG11458	chr3L	+	20905794	20906331
CG11459	chr3R	-	6025825	6027238
CG1146	chr3L	+	2488803	2492613
CG11470	chr3R	-	29588992	29589762
CG11474	chr2R	-	22071233	22073443
CG11475	chr2R	-	22069724	22071286
CG11498	chr3R	-	30153021	30160473
CG11504	chr3R	+	29997899	29999755
CG11523	chr3L	-	22265805	22266679
CG11529	chr3L	+	12197790	12199030
CG11537	chr3L	-	3128033	3143457
CG11539	chr3R	-	31615283	31616160
CG11550	chr3R	-	31678146	31679880
CG11555	chr2L	+	273835	274766
CG11560	chr3L	+	12120018	12121185
CG11562	chr2L	+	292418	293222
CG11563	chr3R	+	31737034	31737999
CG11566	chrX	+	21093843	21111417
CG11570	chr3L	-	11956707	11957769
CG11581	chrX	+	14176922	14178456
CG11583	chr3L	-	4281503	4282817
CG11584	chrX	+	14181027	14183315
CG11585	chrX	+	14189515	14190755
CG11586	chr3L	-	4261296	4262470
CG11588	chr3L	+	11921512	11922599
CG11590	chrX	+	14200177	14200907
CG11593	chr3L	-	4037522	4040482
CG11594	chr3L	-	4022699	4026011
CG11596	chrX	+	1927682	1930517
CG11597	chr3L	-	11820337	11822275
CG11598	chr3R	+	12634916	12636283
CG11600	chr3R	+	12636539	12637976
CG11601	chr2L	-	281669	283269
CG11608	chr3R	+	12638480	12640033
CG1161	chr3R	+	5355091	5356748
CG11617	chr2L	-	204742	207297
CG11619	chr3L	-	18985904	18988323
CG11626	chr3R	+	19408872	19411265
CG11629	chr2L	-	21896665	21898289
CG11630	chr2L	-	21782045	21784065
CG11634	chr2L	+	21916299	21920324
CG11635	chr2R	+	8358537	8359472
CG11638	chrX	-	1013983	1026703
CG11655	chrX	+	15453470	15455551
CG11656	chr3R	+	13009894	13011086
CG11658	chr3L	-	11699495	11708553
CG11659	chr3R	-	19775458	19777280
CG11663	chrX	+	894481	895200
CG11664	chrX	+	875731	876612
CG11666	chrX	+	20984685	20985246
CG11668	chr3R	+	13038374	13040184
CG11670	chr3R	+	13042049	13044086
CG11672	chr3R	-	8289394	8290578
CG11674	chrX	-	14224646	14225879
CG11679	chrX	-	15737492	15738954
CG11686	chr3R	+	13260355	13262227
CG11693	chr3R	-	8308880	8310778
CG11694	chr3R	-	8311202	8312137
CG11695	chrX	+	11576882	11578806
CG11696	chrX	+	11573730	11576152
CG11698	chr3R	+	8312187	8313097
CG11699	chrX	+	11570620	11571718
CG11700	chrX	-	6282036	6283575
CG11703	chr3R	-	19226902	19228180
CG11710	chrX	-	20427410	20429673
CG11714	chr3L	-	11518797	11522713
CG1172	chr3R	+	5393921	5399510
CG11722	chr3R	-	10044595	10045542
CG11723	chr2L	-	2145296	2147275
CG11726	chr3L	+	11394689	11395673
CG11737	chr3R	+	8517867	8521378
CG11741	chr3R	-	8528422	8528877
CG11752	chrX	+	11349997	11350474
CG11753	chr3R	+	8652820	8653847
CG11755	chr3R	+	8676914	8678955
CG11756	chrX	+	11348119	11348865
CG11760	chr3R	+	8719197	8721320
CG11768	chr3R	-	8749205	8768200
CG11771	chr3R	+	24932009	24934919
CG11777	chr2R	+	10468615	10469643
CG11779	chr3R	-	19154096	19159878
CG11786	chr3R	+	25046322	25047409
CG11788	chr2R	+	20274596	20276142
CG11790	chr3R	+	25047705	25049455
CG11791	chr3R	+	25049615	25053074
CG11807	chr2R	+	15201252	15204466
CG11808	chr2R	+	15216206	15217070
CG11811	chr3L	+	10691023	10692598
CG11815	chr3L	-	1970190	1971200
CG11816	chrX	-	13552558	13555800
CG11825	chr2R	-	10420413	10423650
CG11828	chr3R	+	28923043	28925086
CG11835	chr2L	-	560567	563819
CG11836	chr3R	+	25071125	25072712
CG11837	chr3R	+	29049492	29050721
CG11839	chr3R	+	25069926	25070914
CG11841	chr3R	+	29051055	29052267
CG11842	chr3R	+	29052679	29053913
CG11843	chr3R	+	29054346	29055837
CG11852	chr3R	+	25237613	25238895
CG11854	chr3R	+	25242019	25243262
CG11857	chr3R	+	25258897	25260759
CG11858	chr3R	+	25262740	25263292
CG11865	chr2L	+	15616996	15617915
CG11873	chr3R	+	29063039	29108948
CG11878	chr3R	+	25273836	25275237
CG11882	chr3R	-	29147015	29148172
CG11883	chr2R	+	10617661	10641807
CG11885	chr2L	-	420894	421450
CG11889	chr3R	+	25270208	25273267
CG11891	chr3R	+	25270208	25273267
CG11892	chr3R	+	25281547	25283237
CG11893	chr3R	+	25289888	25291366
CG11898	chr3R	+	29165642	29171508
CG11899	chr3R	+	29200453	29201770
CG11902	chr3R	+	25335256	25340088
CG11905	chr3L	-	16928380	16935536
CG11906	chr2R	-	19281417	19283961
CG11911	chr2L	-	320278	321248
CG11912	chr2L	-	318361	319259
CG11920	chr3R	+	25074876	25076382
CG11927	chr2L	+	4847765	4849499
CG11929	chr2L	+	4682676	4687232
CG11951	chr3R	-	29235321	29238723
CG11961	chr2R	+	19357531	19363124
CG11964	chr3R	-	8942953	8945020
CG11970	chr3R	+	8984717	8990649
CG11975	chr3R	+	8993252	8995212
CG11977	chr3R	+	8997696	8998678
CG11980	chr3R	+	9004016	9005331
CG11983	chr3R	+	9008320	9010274
CG11986	chr3R	+	9015445	9016822
CG11997	chr3R	+	9177516	9179098
CG11999	chr3R	-	5353716	5354747
CG12003	chr3L	+	1565391	1567802
CG12004	chr3L	+	1569180	1576330
CG12007	chr3R	+	5128086	5129939
CG12009	chr3L	+	3291458	3299000
CG12010	chr3L	+	3374281	3376649
CG12011	chr3L	+	1694616	1696412
CG12012	chr3L	+	3376756	3377992
CG12016	chr3L	+	3319554	3322489
CG12017	chr3L	+	3280238	3290896
CG12020	chr3L	+	1797304	1798610
CG12024	chr3L	+	1857164	1859047
CG12025	chr3L	+	1865429	1869491
CG12035	chr3L	+	1724389	1725647
CG12038	chr3L	+	993982	995703
CG12054	chr3R	+	31220701	31231259
CG12056	chrX	+	9192668	9193620
CG12057	chrX	+	9191656	9192548
CG12061	chrX	+	23036065	23047678
CG12065	chrX	+	8574305	8588528
CG12069	chr3R	-	30693571	30695498
CG12071	chr3R	-	30877083	30881027
CG12075	chrX	+	8838322	8872774
CG12078	chr3L	-	3243273	3244294
CG1208	chr3R	+	5831638	5838782
CG12081	chrX	+	8588810	8590774
CG12084	chr3L	-	1490950	1496643
CG12091	chr3L	-	1534928	1536835
CG12093	chr3L	-	2772559	2774007
CG12096	chrX	+	13159603	13162854
CG12099	chr3L	-	1555362	1558484
CG12104	chr3L	-	1600725	1602674
CG12105	chr3L	-	1610695	1615801
CG12106	chrX	+	9193897	9195333
CG12107	chr2R	+	7674449	7675362
CG12111	chrX	-	8570207	8570948
CG12112	chrX	-	8558878	8560192
CG12115	chrX	-	9189325	9190605
CG12116	chrX	-	8467442	8469012
CG12118	chrX	-	9194749	9196414
CG12121	chrX	-	9228795	9232378
CG12123	chrX	-	8441246	8442348
CG12126	chr2R	-	8262673	8263278
CG12128	chr2R	+	10026838	10030668
CG12129	chr2R	+	10033303	10034698
CG1213	chr3R	+	5841169	5846568
CG12133	chr2R	+	9967230	9968388
CG12134	chr2R	+	9971142	9972780
CG12147	chr3R	-	5425368	5427257
CG12155	chrX	+	7728754	7731729
CG12158	chr2R	-	9362573	9362906
CG12159	chr2R	-	7915026	7916478
CG12163	chr3R	-	5237650	5251745
CG12164	chr2R	+	7311394	7313495
CG12170	chr3R	+	5637233	5638657
CG12171	chr3R	+	5633626	5634640
CG12173	chr3R	-	5255443	5256681
CG12177	chrX	-	13677898	13680500
CG12179	chrX	-	4631051	4636004
CG1218	chr3R	+	5791878	5793383
CG12182	chr3L	-	2595841	2599579
CG12184	chrX	-	4627379	4630936
CG12194	chr2L	+	4838346	4841465
CG12204	chrX	-	19493291	19494401
CG12206	chrX	-	3465736	3474524
CG12209	chr2R	-	10246070	10247560
CG12213	chr3R	-	11964673	11967691
CG12219	chrX	-	6299053	6301285
CG12224	chr3R	-	11980703	11982062
CG12229	chr3L	-	17434471	17436431
CG12231	chrX	-	19531031	19531742
CG12236	chrX	+	5908134	5913079
CG12237	chrX	-	19641190	19642869
CG12239	chrX	+	5792139	5794543
CG12241	chr3R	+	15219255	15222371
CG12253	chr2L	+	10987805	10989241
CG12256	chr3R	-	12225281	12226339
CG12259	chr3R	-	27919843	27921089
CG12267	chr3R	+	12460413	12462418
CG12268	chr3R	-	23943627	23948424
CG1227	chr3R	-	7248150	7249738
CG12278	chr3R	+	21044067	21044905
CG12279	chr3R	+	12705093	12705818
CG12288	chr2L	-	16900534	16902218
CG12289	chr3L	-	11457075	11458470
CG12290	chr3R	+	26230247	26234700
CG12299	chr2L	+	10737344	10740762
CG12301	chr3L	+	15580799	15583373
CG12307	chr2L	-	11651330	11652010
CG1231	chr3L	+	356421	357664
CG12310	chr3L	-	15050262	15050806
CG12316	chr3L	-	15131507	15136934
CG12320	chr3R	-	18251068	18252734
CG12321	chr3R	-	18187804	18188707
CG12325	chr2R	+	10823404	10827644
CG1233	chr3L	+	361471	365681
CG12338	chr2R	-	10729577	10731528
CG1234	chr3R	-	7244231	7246969
CG12341	chr2R	-	10812156	10813310
CG12343	chr2R	-	10822399	10823372
CG12344	chr2R	-	10827429	10835709
CG12347	chr3R	+	17906444	17907451
CG12355	chr3L	-	15492963	15495549
CG1236	chr3R	+	5736747	5738013
CG12362	chr3L	+	10412817	10414774
CG12374	chr2R	+	12762112	12763825
CG12375	chr2L	-	8125667	8126890
CG12376	chr2R	+	8701834	8704502
CG12379	chrX	-	15733221	15733996
CG12384	chr2R	-	11357901	11359176
CG1239	chr3R	+	5733512	5734702
CG12391	chr2R	-	11147601	11150068
CG12395	chrX	-	16061901	16062898
CG12398	chrX	-	14911780	14913812
CG12402	chr3R	-	14104487	14108321
CG12420	chr3R	+	10222697	10223745
CG12426	chr3R	-	27871500	27872390
CG12438	chr2L	+	8752284	8753209
CG12439	chr2L	+	9077120	9077988
CG12446	chrX	-	22809291	22811935
CG12448	chr2L	+	15941440	15942854
CG1246	chr3L	+	2648047	2650205
CG12464	chr2R	-	13608672	13609178
CG12470	chrX	+	307683	308935
CG12477	chr3L	-	18721892	18723272
CG12479	chrX	-	14151578	14152006
CG12480	chrX	+	14169591	14171545
CG12481	chrX	+	14187252	14187841
CG12483	chr3L	-	97627	98375
CG12490	chr2R	+	22834646	22836701
CG12491	chr2R	+	23750645	23751225
CG12493	chr3L	-	4752392	4753738
CG12496	chrX	-	2409364	2410901
CG12498	chrX	+	2809880	2810846
CG12499	chr3R	-	22440151	22446587
CG12502	chr3L	+	865395	871701
CG12506	chr2L	+	773546	774017
CG12507	chrX	-	16265241	16266537
CG12511	chr2L	+	5678581	5679499
CG12512	chr2L	-	5339131	5342234
CG12516	chr3R	-	28303630	28304605
CG12517	chr2L	+	10870166	10870722
CG12519	chr3L	+	19472490	19473145
CG12520	chr3L	-	12901246	12902737
CG12521	chr3L	-	11847382	11847803
CG12522	chr3L	+	11108234	11108732
CG12523	chr3L	+	10801189	10802350
CG12531	chrX	+	19718922	19730199
CG12535	chrX	-	3387943	3448943
CG12538	chr3R	-	13522950	13523535
CG12539	chrX	-	14842616	14844757
CG12540	chrX	+	14496134	14497240
CG12541	chrX	-	7021607	7066052
CG12546	chr3L	-	22693323	22693812
CG12547	chr2R	-	4785854	4788965
CG12560	chr2L	-	8008301	8009477
CG12567	chr2L	-	23161121	23174484
CG12576	chrX	-	22474850	22482357
CG12581	chr3R	+	4174631	4186751
CG12589	chr3R	-	5137056	5138989
CG12590	chr3R	+	5159611	5160901
CG12592	chr3R	+	10338341	10340872
CG12594	chr3R	+	11721733	11732479
CG12605	chr3L	-	3954250	3964771
CG12607	chr3L	+	4446572	4448072
CG12608	chrX	-	15342856	15344625
CG12609	chrX	-	18746366	18748306
CG12617	chr2L	+	20294692	20295804
CG12620	chr2L	+	17087640	17089186
CG12637	chrX	-	10672432	10673466
CG12640	chrX	-	10432464	10432812
CG12643	chrX	-	10264232	10265263
CG12645	chrX	+	10153611	10155009
CG1265	chr3L	+	4254775	4256053
CG12655	chrX	-	19958392	19959403
CG12659	chrX	-	8590774	8591729
CG12661	chrX	-	8922887	8923687
CG12662	chrX	-	8983633	8984442
CG12672	chrX	-	18005896	18007606
CG12674	chr2L	+	2079918	2081286
CG12679	chrX	-	20375763	20376522
CG12680	chrX	+	4997440	4998388
CG12682	chrX	+	4825973	4826833
CG12684	chrX	-	4570990	4571929
CG12688	chrX	+	4380757	4382466
CG12689	chrX	-	7585302	7586131
CG12691	chrX	+	4266096	4266669
CG12692	chrX	-	4300116	4302346
CG12693	chrX	-	4327079	4329457
CG12698	chrX	+	16006146	16008721
CG12699	chr2R	-	17246529	17247383
CG12702	chrX	-	19759172	19764874
CG12708	chrX	+	15675475	15677737
CG1271	chr3L	+	3052513	3054906
CG12713	chr3L	+	15832463	15833947
CG12715	chrX	-	13052846	13055328
CG12716	chrX	-	12974682	12976231
CG12717	chrX	-	12760641	12763611
CG12723	chrX	-	13189642	13191883
CG12725	chrX	-	13401838	13402863
CG12728	chrX	+	5942605	5945250
CG12729	chrX	+	5845279	5846106
CG1273	chr3L	+	4263718	4277778
CG12730	chrX	+	5516607	5518771
CG12744	chr2R	+	9874888	9876242
CG12746	chr3R	+	5564864	5567435
CG1275	chr3L	-	2252743	2257423
CG12766	chr3L	-	3938623	3940125
CG12768	chr3L	+	22910490	22923532
CG12769	chr2R	-	8052079	8065554
CG12773	chrX	-	1349622	1353981
CG12780	chr2R	-	8551858	8552290
CG12782	chr2R	-	23264268	23265543
CG12783	chr3R	-	16611418	16613400
CG12784	chr3R	+	15763114	15763551
CG12795	chr2L	+	3452465	3453755
CG12811	chr3R	-	10047251	10048797
CG12814	chr3R	-	10171155	10189603
CG12817	chr3R	-	10223439	10224725
CG12818	chr3R	+	10331580	10332695
CG12822	chr2R	+	7832170	7833841
CG12824	chr2R	+	7790367	7791170
CG12825	chr2R	+	7789205	7789988
CG12826	chr2R	-	7670326	7671103
CG12828	chr2R	-	7149173	7149677
CG12831	chr2R	-	7070494	7074152
CG12836	chr2R	+	7068571	7069896
CG12848	chr2R	-	24762565	24763094
CG12849	chr2R	+	24797924	24798613
CG12851	chr2R	+	24948644	24955677
CG12853	chr2R	+	14933514	14933913
CG12857	chr2R	-	14757906	14759602
CG12860	chr2R	-	14665640	14666817
CG12861	chr2R	-	14664245	14665356
CG12862	chr2R	-	14640213	14640626
CG12863	chr2R	-	14619797	14621320
CG12866	chr2R	+	14668390	14671675
CG12868	chr2R	-	14604548	14605297
CG12869	chr2R	+	14591202	14595617
CG12877	chr3R	+	27707099	27710857
CG1288	chr3R	-	7206651	7208431
CG12880	chr3R	+	27685961	27692790
CG12883	chr3R	+	27679290	27680336
CG12885	chr3R	+	27520865	27533934
CG12895	chr2R	-	10436597	10437382
CG12896	chr2R	-	10426879	10427915
CG12898	chr2R	-	10406974	10407445
CG12902	chr2R	-	10354723	10355831
CG12909	chr2R	+	10310112	10311143
CG12910	chr2R	+	10265056	10269205
CG12911	chr2R	+	10256685	10261276
CG12912	chr2R	-	10205453	10234607
CG12913	chr2R	+	10249219	10255495
CG12914	chr2R	+	10247813	10249404
CG12917	chr2R	+	10137655	10139267
CG12920	chr2R	+	10069105	10071067
CG12923	chr2R	+	9887647	9889485
CG12926	chr2R	-	9608127	9610290
CG12929	chr2R	-	9586109	9586714
CG12934	chr2R	+	10648887	10649830
CG12935	chr2R	+	10809396	10810655
CG12942	chr2R	+	10894458	10897222
CG12945	chr3R	-	9787815	9791221
CG12947	chr3R	+	9780063	9783054
CG12948	chr3R	-	9746166	9747744
CG12951	chr3R	-	9329222	9330331
CG12963	chr2R	+	15555445	15562436
CG12964	chr2R	-	15485952	15497231
CG12970	chr2R	+	15855960	15857522
CG12971	chr3L	-	21355099	21356495
CG12974	chr3L	-	21281751	21285962
CG12975	chr3L	-	21215994	21216839
CG12983	chr3L	-	20962654	20966762
CG12984	chr3L	+	20991672	20992930
CG12985	chrX	+	17883717	17885238
CG12986	chrX	-	17819154	17819685
CG1299	chr3L	+	4148695	4152473
CG12990	chrX	-	17669207	17671888
CG12991	chrX	+	17579860	17599314
CG12992	chrX	+	17588864	17591706
CG12994	chrX	-	17422319	17443994
CG12995	chrX	-	17209367	17209997
CG12998	chrX	+	17218666	17219787
CG13000	chrX	-	16947963	16948471
CG13001	chrX	-	16941085	16942871
CG13002	chrX	+	16889809	16890637
CG13003	chrX	-	16844806	16876544
CG13004	chrX	-	16826680	16835520
CG13005	chrX	+	16803649	16805754
CG13008	chrX	+	16711302	16714372
CG13010	chrX	-	16678264	16678945
CG13012	chrX	-	16668817	16676753
CG13014	chrX	+	16587872	16588930
CG13016	chr2R	+	14157761	14159434
CG13018	chr2R	-	14157049	14157488
CG13021	chrX	+	3514315	3515757
CG13022	chr3L	-	16938329	16938952
CG13023	chr3L	-	16923913	16927434
CG13024	chr3L	-	16809657	16829074
CG13025	chr3L	-	16776530	16779736
CG13026	chr3L	-	16724677	16726169
CG13028	chr3L	+	16923251	16923994
CG13029	chr3L	+	16860621	16861838
CG13031	chr3L	+	16724860	16725375
CG13032	chr3L	+	16673963	16676264
CG13033	chr3L	-	16544566	16545628
CG13038	chr3L	-	16327257	16327893
CG13039	chr3L	-	16326056	16326762
CG1304	chrX	-	20964526	20965419
CG13040	chr3L	-	16325082	16326757
CG13041	chr3L	-	16318953	16319526
CG13042	chr3L	-	16307845	16308480
CG13043	chr3L	-	16305224	16305870
CG13044	chr3L	-	16302489	16303178
CG13045	chr3L	-	16289711	16290950
CG13046	chr3L	-	16287579	16288422
CG13047	chr3L	-	16284679	16285396
CG13048	chr3L	-	16282808	16283921
CG13049	chr3L	-	16281131	16281930
CG13050	chr3L	-	16278457	16279271
CG13051	chr3L	-	16264712	16265100
CG13053	chr3L	-	16259036	16259722
CG13054	chr3L	-	16255851	16257191
CG13055	chr3L	-	16249559	16252355
CG13056	chr3L	+	16333312	16333782
CG13058	chr3L	+	16328840	16329534
CG13059	chr3L	+	16323671	16324308
CG13060	chr3L	+	16319855	16320454
CG13062	chr3L	+	16314284	16315149
CG13063	chr3L	+	16306599	16307205
CG13064	chr3L	+	16280403	16280860
CG13065	chr3L	+	16277434	16278180
CG13066	chr3L	+	16272908	16273608
CG13067	chr3L	+	16271281	16271918
CG13068	chr3L	+	16269391	16269911
CG13069	chr3L	+	16265384	16265804
CG1307	chr3R	-	6656029	6657442
CG13070	chr3L	+	16263342	16264151
CG13071	chr3L	+	16262739	16263247
CG13073	chr3L	-	16213050	16217303
CG13074	chr3L	-	16095767	16097493
CG13075	chr3L	+	16083992	16085264
CG13077	chr2L	+	19565862	19567359
CG13078	chr2L	+	19563929	19565158
CG13081	chr2L	+	19540606	19541540
CG13082	chr2L	+	19538424	19539740
CG13083	chr2L	+	19487489	19488691
CG13084	chr2L	+	19484929	19486532
CG13085	chr2L	+	19424049	19430270
CG13086	chr2L	+	19364374	19365470
CG13088	chr2L	+	8488980	8490546
CG1309	chr3L	+	4259429	4261643
CG13096	chr2L	-	8509068	8511866
CG13097	chr2L	-	8512173	8514868
CG13101	chr2L	-	8977833	8984872
CG13102	chr2L	+	9012187	9014149
CG13108	chr2L	+	9164234	9165426
CG13110	chr2L	+	9350469	9350996
CG13113	chr2L	+	9544170	9544875
CG13114	chr2L	+	9545810	9547424
CG13116	chr2L	+	9729939	9730945
CG13117	chr2L	+	9736644	9737949
CG13123	chr2L	-	9791960	9793107
CG13124	chr2L	-	9903278	9908633
CG13126	chr2L	-	9952071	9954181
CG13127	chr2L	+	10026675	10029298
CG13131	chr2L	-	10013226	10017463
CG13133	chr2L	-	10091207	10092389
CG13135	chr2L	-	10122128	10122771
CG13137	chr2L	+	10172701	10174090
CG13138	chr2L	-	10299976	10302018
CG1314	chrX	-	20867988	20869397
CG13144	chr2L	-	10489899	10491454
CG13148	chr2R	+	12686248	12688786
CG13151	chr2R	+	12515374	12517284
CG13154	chr2R	-	12426882	12427861
CG13155	chr2R	-	12379613	12380426
CG13157	chr2R	+	12416043	12418231
CG13159	chr2R	+	12375285	12375678
CG1316	chr3L	+	4283850	4286865
CG13160	chr2R	+	12371593	12375081
CG13168	chr2R	+	12253991	12255701
CG1317	chr3L	-	2367842	2371939
CG13170	chr2R	+	12240398	12240813
CG13171	chr2R	+	12214009	12214395
CG13175	chr2R	+	12182638	12185506
CG13177	chr2R	+	12163674	12164896
CG13185	chr2R	-	11867875	11885585
CG13186	chr2R	+	12081275	12082057
CG13192	chr2R	+	11825344	11827097
CG13193	chr2R	+	11768452	11769561
CG13196	chr2R	-	11684164	11686434
CG13197	chr2R	+	11691284	11697785
CG13198	chr2R	+	11654897	11655762
CG13202	chr2R	-	11356113	11356600
CG13203	chr2R	+	11373606	11377109
CG13204	chr2R	+	11366709	11370287
CG13215	chr2R	-	11239493	11240114
CG13216	chr2R	-	11238107	11238995
CG13217	chr2R	-	11236202	11236686
CG13218	chr2R	-	11233191	11233714
CG13220	chr2R	+	11284282	11285098
CG13223	chr2R	+	11256506	11258767
CG13226	chr2R	+	11244246	11245199
CG13227	chr2R	+	11235251	11235755
CG13228	chr2R	+	11233994	11234465
CG13229	chr2R	-	11139303	11172206
CG13230	chr2R	+	11154895	11155293
CG13231	chr2R	+	11146288	11147128
CG13239	chr3L	+	22860786	22861490
CG1324	chrX	-	20734454	20735960
CG13243	chr2L	+	15852591	15854110
CG13244	chr2L	+	15916887	15917607
CG13245	chr2L	+	16004324	16005461
CG13247	chr3L	+	20370312	20371746
CG13248	chr3L	-	20407102	20410566
CG13250	chr3L	+	20533708	20535335
CG13251	chr3L	+	20637198	20640910
CG13252	chr3L	+	20730590	20744508
CG13255	chr3L	+	20837487	20838839
CG13258	chr2L	-	16292009	16293025
CG13272	chr2L	+	16804883	16816069
CG13280	chr2L	-	16802025	16821093
CG13282	chr2L	-	16832064	16834502
CG13284	chr2L	-	16842299	16848716
CG13285	chr3L	-	5533967	5535759
CG13287	chr3L	+	5882303	5884090
CG13288	chr3L	+	5907380	5917540
CG13293	chr3L	+	6082882	6092188
CG13295	chr3L	-	6073489	6075245
CG13297	chr3L	-	6156591	6157377
CG13299	chr3L	-	6231804	6232361
CG13300	chr3L	-	6329323	6352390
CG13305	chr3L	-	8644915	8646822
CG13306	chr3L	-	8749138	8749726
CG13308	chr3L	+	8808543	8809307
CG13309	chr3L	+	8810394	8811265
CG13310	chr3L	-	8798729	8800532
CG13311	chr3L	-	8801539	8802164
CG13312	chr3L	-	8805810	8807213
CG13313	chr3L	+	8958856	8960921
CG13314	chr3L	+	8981794	8983212
CG13315	chr3L	+	9096876	9097494
CG13318	chr3R	-	8771245	8772691
CG13319	chr2R	+	12923903	12924664
CG13321	chr2R	+	12953111	12955712
CG13323	chr2R	-	13044694	13047256
CG13324	chr2R	-	13049145	13049656
CG13325	chr2R	+	13110768	13126014
CG13326	chr2R	-	13129510	13132455
CG13330	chr2R	+	13515258	13517452
CG13331	chr2R	+	13521768	13523375
CG13332	chr2R	+	13525376	13526448
CG13334	chr2R	+	13558544	13560768
CG13337	chr2R	+	13665113	13667756
CG13339	chr2R	+	13824857	13825572
CG13344	chr2R	+	13861996	13864156
CG13358	chrX	-	803423	804921
CG13359	chrX	-	801668	803470
CG13360	chrX	-	787854	790089
CG13361	chrX	-	752010	753653
CG13362	chrX	-	749240	751301
CG13364	chrX	-	624756	625203
CG13365	chrX	-	620716	621215
CG13366	chrX	-	585080	620195
CG13367	chrX	+	644760	646386
CG13369	chrX	+	623467	624765
CG13373	chrX	+	476983	478191
CG13375	chrX	-	283185	294962
CG13376	chrX	-	265723	267028
CG13377	chrX	-	258334	263999
CG13380	chr3L	-	18600149	18617943
CG13384	chr2L	+	8384454	8388804
CG13385	chr2L	+	8396648	8397886
CG13386	chr2L	+	8399020	8400078
CG1339	chr2R	-	7659103	7660588
CG13390	chr2L	-	8375501	8376797
CG13392	chr2L	-	8381820	8382807
CG13397	chr2L	-	8408887	8411868
CG13398	chr2L	-	8412143	8415256
CG13403	chrX	-	14191219	14192018
CG13404	chrX	-	14264736	14266250
CG13405	chr3L	-	73944	75332
CG13407	chr3R	+	22103413	22105590
CG13408	chr3R	+	22080381	22083473
CG13409	chr3R	-	22029439	22031900
CG13423	chr2R	+	20536577	20538264
CG13426	chr2R	-	20512696	20513169
CG13427	chr2R	-	20538876	20539316
CG13428	chr2R	-	20539511	20540448
CG13430	chr2R	-	20550333	20552090
CG13436	chr2R	+	20636391	20638423
CG13437	chr2R	+	20661584	20662595
CG13438	chr2R	+	20692828	20693739
CG1344	chr2R	+	5653675	5656778
CG13442	chr2R	-	20727828	20730610
CG13443	chr2R	+	20773686	20775364
CG13445	chr3L	+	15809484	15809977
CG13449	chr3L	-	15610630	15612828
CG13454	chr3L	-	15516532	15517056
CG13455	chr3L	+	15496573	15498055
CG13457	chr3L	-	15127939	15131378
CG13458	chr3L	+	15113556	15116373
CG13460	chr3L	-	15061028	15061705
CG13461	chr3L	-	15051930	15052490
CG13465	chr3L	-	14943729	14944331
CG13471	chr3L	-	14732588	14733517
CG13473	chr3L	+	14728759	14729343
CG13474	chr3L	-	14696550	14697105
CG13476	chr3L	+	14705463	14706157
CG13481	chr3L	-	14368924	14369707
CG13482	chr3L	+	14329345	14329885
CG13484	chr3L	-	14052427	14053079
CG13488	chr2R	+	21951591	21952562
CG13492	chr2R	-	21820661	21831409
CG13494	chr2R	-	21954241	21954845
CG13500	chr2R	-	22056466	22057681
CG13501	chr2R	-	22058903	22061517
CG13502	chr2R	-	22085781	22088727
CG13506	chr2R	+	22383133	22394015
CG13510	chr2R	+	22657900	22661389
CG13511	chr2R	+	22657900	22661389
CG13516	chr2R	+	22669144	22670622
CG13526	chr2R	+	22755218	22755896
CG13527	chr2R	+	22763705	22765422
CG13531	chr2R	-	22847831	22853827
CG13532	chr2R	+	22871189	22874427
CG13538	chr2R	+	23087176	23088165
CG13539	chr2R	+	23183976	23185288
CG1354	chrX	+	9778741	9782094
CG13540	chr2R	+	23270476	23271059
CG13541	chr2R	+	23284226	23285821
CG13544	chr2R	-	23139079	23140577
CG13545	chr2R	-	23157576	23158185
CG13551	chr2R	-	23377865	23383424
CG13557	chr2R	-	23475697	23476418
CG13558	chr2R	+	23499650	23500702
CG13559	chr2R	+	23502945	23503815
CG13560	chr2R	+	23747559	23748477
CG13561	chr2R	-	23804314	23806249
CG13562	chr2R	+	23903749	23905269
CG13563	chr2R	+	24055305	24057599
CG13564	chr2R	+	24080924	24081424
CG13566	chr2R	-	23961476	23962577
CG13575	chr2R	+	24255326	24257414
CG13577	chr2R	-	24267376	24269179
CG13578	chr2R	+	24377830	24378740
CG13579	chr2R	+	24455291	24490656
CG1358	chr2R	-	7595264	7620711
CG13581	chr2R	+	24506869	24507706
CG13585	chr2R	+	24531593	24533391
CG13587	chr2R	+	24597994	24599091
CG13589	chr2R	-	24492213	24492855
CG13590	chr2R	-	24493255	24493948
CG13594	chr2R	-	24615422	24638588
CG13599	chr3R	+	23931638	23932728
CG1360	chr2R	-	7587772	7590109
CG13601	chr3R	-	23926371	23927634
CG13603	chr3R	-	23985212	23986569
CG13604	chr3R	-	23988805	23992916
CG13605	chr3R	-	24109943	24112389
CG13606	chr3R	+	24172627	24184144
CG13607	chr3R	-	24114042	24116322
CG13609	chr3R	+	24227022	24228538
CG13613	chr3R	+	24365553	24366349
CG13614	chr3R	+	24369567	24370731
CG13615	chr3R	+	24390591	24391870
CG13616	chr3R	+	24392888	24393762
CG13617	chr3R	+	24515277	24518128
CG13618	chr3R	+	24524793	24527533
CG13622	chr3R	-	24522477	24523678
CG13623	chr3R	-	24529772	24530558
CG13625	chr3R	-	24583066	24585160
CG13627	chr3R	+	24712779	24717430
CG13630	chr3R	-	24717936	24719364
CG13631	chr3R	+	24769350	24770933
CG13634	chr3R	-	24788247	24790136
CG13639	chr3R	-	24859899	24860366
CG13640	chr3R	-	24861658	24862165
CG13641	chr3R	-	24864190	24864732
CG13643	chr3R	-	24897684	24906004
CG13653	chr3R	+	25195526	25196531
CG13654	chr3R	+	25199817	25214255
CG13658	chr3R	+	25287473	25288930
CG13659	chr3R	+	25300890	25302317
CG13663	chr3R	-	25214324	25215188
CG13667	chr3L	+	8405453	8407354
CG13670	chr3L	+	8320762	8322280
CG13671	chr3L	+	8300063	8302341
CG13674	chr3L	-	8218231	8218983
CG13675	chr3L	-	8160314	8165518
CG13676	chr3L	-	8141867	8151813
CG13678	chr3L	+	8222140	8222953
CG13679	chr3L	+	8202791	8203345
CG1368	chrX	+	14174755	14175670
CG13685	chr3L	+	7747343	7750552
CG13689	chr2L	+	602812	604430
CG13690	chr2L	-	418433	419652
CG13692	chr2L	+	421770	422489
CG13693	chr2L	+	232486	234208
CG13694	chr2L	-	115364	116488
CG13698	chr3L	-	18088416	18106149
CG13699	chr3L	-	18154896	18162522
CG13700	chr3L	-	18298741	18301260
CG13704	chr3L	+	4898899	4900869
CG13705	chr3L	+	4896863	4898470
CG13707	chr3L	-	4837790	4840108
CG13708	chr3L	-	4829091	4833591
CG1371	chr2R	-	10070980	10075645
CG13711	chr3L	+	4757882	4758708
CG13712	chr3L	-	4709208	4709890
CG13713	chr3L	+	4697600	4698058
CG13716	chr3L	-	4634435	4634789
CG13720	chr3L	-	4498855	4500500
CG13721	chr3L	-	4496882	4497777
CG13722	chr3L	-	4485158	4490963
CG13723	chr3L	+	17264415	17264986
CG13724	chr3L	+	17322840	17324493
CG13725	chr3L	-	17324617	17325518
CG13727	chr3L	-	17340278	17341316
CG13728	chr3L	-	17380025	17382728
CG13731	chr3L	-	17383635	17388956
CG13733	chr3L	-	17477794	17478926
CG13737	chr3L	+	13878993	13883056
CG13738	chr3L	-	13973122	13973477
CG13739	chr2R	-	9309295	9351655
CG13742	chr2R	-	9084597	9087808
CG13743	chr2R	-	9044849	9060608
CG13744	chr2R	-	9014367	9017195
CG13747	chr2R	+	9017814	9019032
CG13748	chr2R	+	8940414	8941136
CG13749	chr2R	+	8933422	8934445
CG13751	chr2R	+	8900240	8900617
CG13760	chrX	-	2583744	2585699
CG13766	chr2L	-	6564111	6566181
CG13771	chr2L	-	6662060	6663612
CG13773	chr2L	-	6906665	6907844
CG13775	chr2L	-	6954356	6956950
CG13784	chr2L	-	7204537	7220033
CG13786	chr2L	-	7250606	7252982
CG13793	chr2L	-	7716973	7719487
CG13794	chr2L	-	7719846	7722823
CG13795	chr2L	-	7723044	7726298
CG13796	chr2L	-	7727156	7732670
CG13801	chr3L	+	2360556	2362686
CG13806	chr3L	+	2266393	2267640
CG13807	chr3L	+	2262918	2263615
CG13810	chr3L	+	2185929	2187676
CG13813	chr3L	+	20231668	20233255
CG13827	chr3R	+	23258364	23260602
CG13829	chr3R	-	23160476	23161338
CG13833	chr3R	-	23033283	23035563
CG13837	chr3R	+	23043989	23044661
CG13838	chr3R	+	23042240	23042669
CG13840	chr3R	-	22814482	22816178
CG13841	chr3R	-	22766731	22767699
CG13842	chr3R	-	22704253	22707278
CG13843	chr3R	+	22609484	22610715
CG13847	chr3R	-	22425213	22436150
CG13850	chr3R	-	22408565	22410915
CG13855	chr3R	+	22405938	22408640
CG13856	chr3R	+	22402654	22405059
CG13857	chr3R	-	22392188	22394104
CG13862	chr3R	+	22331990	22332559
CG13868	chr2R	-	20308776	20316917
CG13869	chr2R	-	20238494	20239429
CG1387	chrX	+	8385780	8389504
CG13870	chr2R	+	20343844	20346018
CG13871	chr2R	+	20317322	20319039
CG13872	chr2R	-	19878835	19880920
CG13875	chr3L	+	179922	182535
CG13876	chr3L	+	206133	207527
CG13877	chr3L	+	218067	218663
CG13884	chr3L	-	365663	366437
CG13887	chr3L	+	837860	839931
CG13891	chr3L	-	433145	433906
CG13893	chr3L	-	599093	604008
CG13894	chr3L	-	693082	699144
CG13895	chr3L	-	705947	708205
CG13896	chr3L	-	710819	711850
CG13898	chr3L	-	803426	804051
CG13901	chr3L	-	836666	837821
CG13905	chr3L	+	902897	903810
CG13907	chr3L	-	877290	882013
CG13912	chr3L	+	1189587	1190472
CG13917	chr3L	+	1576698	1600845
CG13919	chr3L	+	1645466	1645983
CG13920	chr3L	+	1648943	1651501
CG13921	chr3L	+	1746906	1752390
CG13924	chr3L	+	1870018	1871564
CG13926	chr3L	-	1617347	1618158
CG13928	chr3L	-	1625790	1628377
CG13930	chr3L	-	1670406	1672727
CG13931	chr3L	-	1700955	1702407
CG13933	chr3L	-	1771808	1775147
CG13937	chr3L	-	1876550	1883041
CG1394	chrX	-	11169810	11170678
CG13946	chr2L	+	776535	776941
CG13947	chr2L	+	779172	779655
CG13949	chr2L	+	855336	856639
CG13950	chr2L	+	860196	861806
CG13954	chr2R	-	9309295	9389467
CG13955	chr2R	-	9421971	9423688
CG13962	chr2L	-	19813703	19814532
CG13965	chr2L	-	19961757	19962352
CG13970	chr2L	-	20103385	20104150
CG13972	chr3R	-	27515910	27517257
CG13978	chr3R	+	27464188	27467080
CG13982	chr2L	+	6412314	6415335
CG13983	chr2L	-	6263556	6264490
CG13984	chr2L	+	6308818	6309475
CG13989	chr2L	+	6160399	6161309
CG13991	chr2L	+	6139381	6145010
CG13992	chr2L	-	5965390	5967752
CG13994	chr2L	+	6062988	6063671
CG13995	chr2L	+	6054301	6060169
CG13996	chr2L	+	6020834	6021718
CG13998	chr2L	-	5956488	5956819
CG13999	chr2L	-	5955311	5956466
CG14000	chr2L	-	5908926	5910289
CG14005	chr2L	-	5800516	5801975
CG14006	chr2L	-	5726414	5728811
CG14007	chr2L	-	5715348	5716680
CG14011	chr2L	-	5579579	5581116
CG14013	chr2L	-	5552842	5553850
CG14014	chr2L	-	5549708	5550835
CG14015	chr2L	-	5536849	5539196
CG14017	chr2L	+	5553896	5555137
CG14020	chr2L	+	5517736	5518949
CG14022	chr2L	-	5327974	5328879
CG14024	chr2L	-	5311310	5314895
CG14034	chr2L	-	5215188	5216542
CG14036	chr2L	-	5054578	5055016
CG14042	chr2L	+	5037708	5040818
CG14043	chr2L	+	4971701	4973687
CG14044	chr2L	+	4942741	4944305
CG14050	chrX	-	2324747	2326217
CG14052	chrX	+	2223753	2224969
CG14053	chrX	-	2191638	2193909
CG14054	chrX	-	2065272	2066359
CG14062	chr3R	-	28641584	28642891
CG14069	chr2L	-	10910050	10910648
CG1407	chr2R	-	10028442	10032893
CG14070	chr2L	-	10900500	10901785
CG14071	chr2L	-	10887644	10888927
CG14072	chr2L	+	10936661	10937931
CG14073	chr3L	-	18802264	18820675
CG14074	chr3L	+	18866224	18867431
CG14075	chr3L	+	18984960	18985634
CG14077	chr3L	-	18908259	18914150
CG14079	chr3L	+	19097998	19099064
CG14082	chr3L	-	19105380	19138975
CG14085	chr3L	+	19269350	19274168
CG14086	chr3L	+	19275790	19279919
CG14088	chr3L	-	19269771	19270642
CG14089	chr3L	-	19280119	19280800
CG1409	chrX	+	7858172	7858794
CG14095	chr3L	-	19464048	19464759
CG14096	chr3L	-	19466566	19467079
CG14100	chr3L	-	19589071	19590524
CG14102	chr3L	-	19798974	19801291
CG14104	chr3L	-	19806810	19807199
CG14105	chr3L	-	13425890	13426673
CG14106	chr3L	-	13424570	13425671
CG14107	chr3L	-	13380358	13381346
CG14109	chr3L	+	13440909	13442420
CG14110	chr3L	+	13384788	13385925
CG14111	chr3L	+	13377956	13380380
CG14113	chr3L	+	13329134	13329699
CG14115	chr3L	-	13060399	13061422
CG14118	chr3L	+	12892657	12894758
CG14120	chr3L	+	12885038	12889244
CG14125	chr3L	+	11974904	11975810
CG14130	chr3L	+	11815443	11816710
CG14131	chr3L	+	11777072	11780485
CG14132	chr3L	-	11712228	11715285
CG14135	chr3L	+	11691570	11692757
CG14137	chr3L	-	11599504	11600065
CG14142	chr3L	+	11173513	11176892
CG14143	chr3L	+	11134986	11135480
CG14147	chr3L	+	10972647	10973476
CG14151	chr3L	-	10627679	10628484
CG14153	chr3L	+	10643527	10644615
CG14154	chr3L	+	10641888	10643009
CG1416	chr2L	+	21758009	21761000
CG14160	chr3L	-	10086746	10089400
CG14174	chr3L	+	9719327	9720464
CG1418	chr2R	-	9963834	9965067
CG14182	chr3L	-	19978712	19979812
CG14183	chr3L	-	20024686	20027835
CG14184	chr3L	-	20027818	20029020
CG14185	chr3L	+	20106093	20107557
CG14186	chr3L	-	20098083	20103827
CG14187	chr3L	-	20112264	20112847
CG14190	chrX	+	19056910	19067792
CG14191	chrX	+	19081664	19082566
CG14194	chrX	+	19193554	19196037
CG14195	chrX	-	19208693	19212082
CG14196	chrX	-	19236058	19241840
CG14200	chrX	+	19495504	19518402
CG14204	chrX	+	19583616	19587057
CG14205	chrX	+	19592608	19595548
CG14207	chrX	+	19605198	19611413
CG1421	chr2L	+	21902992	21903739
CG14210	chrX	+	19616195	19616825
CG14212	chrX	+	19625704	19626601
CG14218	chrX	-	19580349	19581981
CG14219	chrX	-	19587347	19590170
CG14220	chrX	-	19599802	19601851
CG14221	chrX	-	19618818	19621245
CG14223	chrX	-	19659441	19663971
CG14227	chrX	-	19687790	19688948
CG14229	chrX	-	19693976	19695250
CG14230	chrX	+	19704175	19706417
CG14231	chrX	-	19699819	19701755
CG14232	chrX	-	19701926	19704259
CG14234	chrX	+	19735569	19740456
CG14237	chr3R	+	26456876	26457242
CG14238	chr3R	+	26458248	26460981
CG14244	chr3R	+	26726132	26726681
CG14245	chr3R	+	26728726	26729341
CG14246	chr3R	+	26727313	26730117
CG14247	chr3R	+	26737609	26738593
CG14252	chr3R	+	26945533	26947248
CG14253	chr3R	+	26978540	26985706
CG14257	chr3R	+	27075869	27082818
CG14258	chr3R	+	27093142	27094224
CG14259	chr3R	+	27094532	27095856
CG14260	chr3R	+	27265456	27266423
CG14262	chr3R	-	27264373	27265430
CG14265	chrX	-	3236129	3236686
CG14269	chrX	-	3434942	3435807
CG14270	chrX	-	3484604	3485378
CG14273	chr2L	+	8342694	8344378
CG14274	chr2L	+	8338286	8342056
CG14275	chr2L	+	8327455	8332911
CG14277	chr2L	+	8242485	8243426
CG1428	chr2L	+	21906288	21908319
CG14280	chr3R	+	19256776	19260132
CG14282	chr3R	+	19176999	19177986
CG14285	chr3R	+	19025098	19026203
CG14286	chr3R	+	19024091	19024853
CG14292	chr3R	-	18904932	18905655
CG14294	chr3R	-	18901662	18902264
CG14297	chr3R	+	18898120	18899342
CG14298	chr3R	+	18875527	18877204
CG14300	chr3R	-	18693292	18693711
CG14301	chr3R	-	18629150	18641457
CG14302	chr3R	+	18732680	18733034
CG14304	chr3R	-	18592800	18621327
CG14305	chr3R	+	18598690	18600097
CG14309	chr3R	-	18381579	18385072
CG14312	chr3R	-	18282977	18283528
CG14313	chr3R	-	18191243	18191967
CG14314	chr3R	+	18216141	18218014
CG14315	chr3R	+	18158700	18159471
CG14316	chr3R	+	18152119	18153640
CG14317	chr3R	+	18081047	18082583
CG14321	chr3R	+	17733597	17734381
CG14322	chr3R	+	17647678	17669985
CG14323	chr3R	-	17621198	17622112
CG14324	chr3R	-	17618280	17618799
CG14325	chr3R	+	17627126	17629012
CG14326	chr3R	+	17619099	17619688
CG14327	chr3R	+	17613708	17614933
CG14329	chr3R	+	17609358	17610533
CG14330	chr3R	-	17455889	17456776
CG14331	chr3R	-	17438967	17440728
CG14332	chr3R	-	17421689	17422202
CG14339	chr2L	+	1108539	1112694
CG1434	chrX	+	14237987	14240152
CG14340	chr2L	+	1112940	1114138
CG14341	chr2L	+	1166505	1167211
CG14342	chr2L	+	1204214	1205250
CG14346	chr2L	+	1367995	1369050
CG14352	chr2L	+	1611409	1612576
CG14354	chr3R	+	25815478	25816574
CG14355	chr3R	-	14148507	14151940
CG14356	chr3R	-	14130679	14132072
CG14357	chr3R	-	14111150	14112166
CG14362	chr3R	-	13854598	13855454
CG14367	chr3R	+	13694052	13695513
CG14369	chr3R	-	13591631	13592657
CG14370	chr3R	+	13587996	13588725
CG14374	chr3R	-	13396693	13397140
CG14377	chr3R	+	13397834	13398583
CG14380	chr3R	+	13188518	13189568
CG14383	chr3R	-	12987375	12988511
CG14384	chr3R	-	12965937	12967712
CG14391	chr3R	-	12694228	12694842
CG14395	chr3R	+	12662830	12673959
CG14397	chr2L	+	21091226	21094864
CG1440	chrX	+	8437056	8441264
CG14400	chr2L	-	20856986	20857891
CG14401	chr2L	+	20869853	20871565
CG14402	chr2L	+	20849299	20850987
CG14406	chrX	-	14909872	14910845
CG14407	chrX	-	14837470	14838198
CG14408	chrX	-	14826866	14832033
CG1441	chr2R	-	9899017	9903287
CG14410	chrX	+	14836724	14837330
CG14411	chrX	+	14832646	14836262
CG14414	chrX	+	14580599	14582174
CG14416	chrX	-	2871883	2872853
CG14417	chrX	-	2875427	2876533
CG14418	chrX	-	2882225	2883661
CG14419	chrX	-	2885185	2885914
CG14420	chrX	+	2938855	2940527
CG14421	chrX	+	2941407	2942329
CG14422	chrX	+	2943385	2944569
CG14423	chrX	+	2945402	2946589
CG14424	chrX	-	2925883	2927258
CG14427	chrX	+	7040602	7041769
CG14431	chrX	+	6908276	6968829
CG14434	chrX	-	6851908	6867194
CG14435	chrX	-	6838173	6843921
CG14439	chrX	+	6747543	6755752
CG14440	chrX	-	6695865	6698567
CG14441	chrX	+	6699507	6719389
CG14442	chrX	-	6689295	6695007
CG14443	chrX	+	6633958	6636169
CG14445	chrX	+	6237314	6240558
CG14448	chr3L	+	22788438	22789247
CG14450	chr3L	-	22726233	22727789
CG14451	chr3L	-	22721229	22722091
CG14452	chr3L	+	22695952	22696435
CG14453	chr3L	+	22694082	22694648
CG14454	chr3L	-	22691673	22692528
CG14455	chr3L	-	22686359	22687087
CG14456	chr3L	+	22687221	22688288
CG14457	chr3L	+	22669955	22680034
CG14459	chr3L	-	22573113	22637916
CG14464	chr2R	+	4829245	4830587
CG14478	chr2R	+	17457662	17465795
CG14480	chr2R	+	17564339	17565852
CG14483	chr2R	-	17585194	17586294
CG14488	chr2R	-	17767164	17767786
CG14490	chr2R	+	17860759	17861591
CG14491	chr2R	+	17895077	17895578
CG14492	chr2R	-	17893681	17894342
CG14495	chr2R	-	18048803	18049922
CG14499	chr2R	+	18187706	18188573
CG14500	chr2R	+	18188977	18189654
CG14502	chr2R	+	18288695	18294712
CG14505	chr2R	-	18302944	18303977
CG14506	chr3R	-	29293742	29297180
CG14507	chr3R	-	29226203	29227725
CG14511	chr3R	-	29145677	29146893
CG14512	chr3R	-	29137969	29138573
CG14515	chr3R	+	29197555	29199211
CG14516	chr3R	+	29138661	29145787
CG14518	chr3R	+	29024970	29026159
CG14535	chr2L	-	7844904	7855475
CG14537	chr2L	+	7840451	7841262
CG14540	chr3R	+	25959278	25961686
CG14543	chr3R	+	26056629	26057350
CG14544	chr3R	+	26059495	26061293
CG14545	chr3R	-	25850409	25851291
CG14546	chr3R	-	25921041	25922634
CG14551	chr3R	-	26061267	26063011
CG14556	chr3R	+	26126658	26127868
CG14561	chr3L	+	22065906	22067216
CG14562	chr3L	+	21942220	21949866
CG14563	chr3L	-	21841807	21842386
CG14564	chr3L	+	21757156	21758046
CG14565	chr3L	-	21743247	21744269
CG14566	chr3L	-	21739478	21740309
CG14567	chr3L	-	21737705	21738430
CG14568	chr3L	-	21732805	21733487
CG14569	chr3L	-	21730724	21731550
CG14570	chr3L	-	21729674	21730454
CG14572	chr3L	+	21741533	21742441
CG14573	chr3L	+	21734098	21734788
CG14579	chrX	+	21193252	21194521
CG14589	chr2R	+	6137302	6138411
CG14591	chr2R	-	6036556	6040647
CG14598	chr3R	+	7439759	7441976
CG14605	chr3R	-	7217678	7219705
CG14606	chr3R	-	7214338	7217083
CG14607	chr3R	+	7241759	7244006
CG14609	chr3R	+	7200969	7203450
CG1461	chrX	+	14261222	14265379
CG14610	chr3R	-	7143728	7144295
CG14613	chrX	-	22469980	22472021
CG14615	chrX	-	22447182	22449491
CG14618	chrX	+	22473697	22474998
CG14621	chrX	+	22444226	22447808
CG14624	chrX	+	1206736	1207555
CG14625	chrX	+	1199545	1203157
CG14626	chrX	+	1184777	1188585
CG14627	chrX	+	1181619	1183502
CG14628	chrX	+	1145643	1146132
CG14629	chrX	+	1051524	1052631
CG1463	chrX	-	12609976	12611667
CG14630	chrX	+	1031495	1033165
CG14631	chrX	+	1012034	1012624
CG14634	chrX	+	862607	863200
CG14635	chrX	+	844822	845297
CG14636	chr3R	-	4204492	4215314
CG14641	chr3R	-	4230778	4232342
CG14642	chr3R	-	4241044	4242717
CG14644	chr3R	-	4251893	4253043
CG14645	chr3R	+	4335097	4335506
CG14646	chr3R	+	4390365	4392111
CG14647	chr3R	+	4400509	4402017
CG14650	chr3R	+	4437386	4441328
CG14651	chr3R	+	4480811	4484215
CG14655	chr3R	-	4777496	4780302
CG14657	chr3R	-	4817979	4821432
CG14658	chr3R	-	4829910	4830513
CG14659	chr3R	-	4830848	4831297
CG14661	chr3R	-	4953505	4955252
CG14662	chr3R	-	4981998	4984232
CG14664	chr3R	+	5224138	5225542
CG14667	chr3R	+	5375021	5376460
CG14668	chr3R	-	5386716	5387664
CG14669	chr3R	+	5414526	5458394
CG14671	chr3R	-	5563976	5564815
CG14676	chr3R	+	5847219	5848177
CG1468	chrX	+	9878421	9879279
CG14683	chr3R	+	10696646	10698976
CG14684	chr3R	+	10706973	10707460
CG14687	chr3R	+	10792903	10793643
CG14688	chr3R	-	10677736	10680925
CG14689	chr3R	-	10709587	10711248
CG14691	chr3R	-	10753330	10755634
CG14692	chr3R	-	10794057	10803955
CG14693	chr3R	-	10811580	10815047
CG14694	chr3R	-	10858201	10859813
CG14695	chr3R	-	10878203	10879319
CG14696	chr3R	-	10882432	10885001
CG14701	chr3R	+	11231911	11232539
CG14708	chr3R	+	11554144	11554869
CG14710	chr3R	+	11620089	11621728
CG14711	chr3R	+	11623338	11624948
CG14712	chr3R	+	11628758	11633206
CG14715	chr3R	+	11674220	11674923
CG14717	chr3R	+	11696508	11698327
CG14718	chr3R	+	11700613	11702720
CG14720	chr3R	+	11711675	11712371
CG14721	chr3R	+	11735446	11736877
CG14722	chr3R	+	11741889	11744027
CG14731	chr3R	+	11931261	11933640
CG14736	chr3R	+	12040527	12043453
CG14739	chr3R	-	12048252	12049213
CG14740	chr3R	-	12061069	12062944
CG14742	chr3R	+	12214500	12215659
CG14743	chr2R	-	8710397	8712913
CG14744	chr2R	-	8706387	8709486
CG14752	chr2R	+	8590496	8591948
CG14756	chr2R	-	8204887	8205706
CG14757	chr2R	-	8172363	8173613
CG14759	chr2R	+	8259840	8260483
CG14760	chr2R	+	8254222	8256931
CG14762	chr2R	-	8009118	8013755
CG14763	chr2R	-	7966028	7968024
CG14764	chr2R	-	7942042	7955882
CG14767	chr2R	-	8718016	8723839
CG14770	chrX	+	1369248	1370176
CG14777	chrX	+	1466133	1468692
CG14778	chrX	+	1467492	1470614
CG14780	chrX	+	1472521	1473727
CG14785	chrX	-	1455214	1457054
CG14787	chrX	-	1460806	1461676
CG14795	chrX	-	1512226	1512803
CG14797	chrX	+	1681565	1684891
CG14803	chrX	+	1868869	1872408
CG14805	chrX	+	1877316	1879077
CG14810	chrX	-	1819494	1820341
CG14811	chrX	-	1821468	1822381
CG14812	chrX	-	1857888	1858971
CG14814	chrX	-	1862008	1865835
CG14817	chrX	-	1876293	1877270
CG14818	chrX	-	1879018	1879774
CG14820	chr3L	+	6932925	6934824
CG14823	chr3L	+	7066313	7069463
CG14826	chr3L	+	7234511	7235965
CG14829	chr3L	-	7236799	7238122
CG14830	chr3L	-	7250717	7263920
CG14834	chr3L	-	7345697	7347123
CG14835	chr3L	-	7436807	7437466
CG14837	chr3L	-	7555779	7560037
CG14838	chr3L	+	7583453	7587248
CG14839	chr3R	+	14262386	14263367
CG14840	chr3R	-	14260207	14261213
CG14841	chr3R	-	14261390	14262418
CG14850	chr3R	+	14560934	14561521
CG14851	chr3R	+	14562339	14562845
CG14852	chr3R	+	14565926	14566513
CG14853	chr3R	+	14609641	14618987
CG14854	chr3R	-	14559165	14560054
CG14855	chr3R	+	14796304	14798474
CG14856	chr3R	+	14798985	14801163
CG14857	chr3R	+	14801772	14804342
CG1486	chrX	+	21324045	21328150
CG14860	chr3R	+	14894783	14896446
CG14861	chr3R	+	15014769	15016034
CG14864	chr3R	-	15266683	15268538
CG14866	chr3R	+	15316470	15318285
CG14868	chr3R	-	15367815	15369945
CG14877	chr3R	-	15889193	15896078
CG14879	chr3R	-	16345824	16349226
CG14880	chr3R	-	16360328	16368306
CG14881	chr3R	+	16434898	16436066
CG14882	chr3R	+	16443206	16445010
CG14883	chr3R	+	16456051	16458233
CG14891	chr3R	+	16571514	16573158
CG14892	chr3R	+	16594413	16597241
CG14893	chr3R	+	16620777	16622702
CG14894	chr3R	-	16441842	16443007
CG14903	chr3R	-	16573178	16573752
CG14905	chr3R	-	16622734	16624717
CG14906	chr3R	-	16649980	16651157
CG14907	chr3R	-	16651216	16652319
CG14913	chr2L	+	11016994	11018778
CG14915	chr2L	+	11071026	11071532
CG1492	chrX	-	12009710	12012211
CG14921	chr2L	-	11120641	11121714
CG14926	chr2L	-	11342300	11343318
CG14929	chr2L	+	11519831	11521444
CG14930	chr2L	-	11520357	11521285
CG14931	chr2L	+	11788333	11789475
CG14932	chr2L	+	11789918	11791011
CG14933	chr2L	+	11842827	11844012
CG14937	chr2L	-	11792411	11794086
CG1494	chrX	+	21285300	21292458
CG14947	chr2L	+	12076099	12077739
CG14949	chr3L	-	2642183	2643424
CG14957	chr3L	+	3187562	3188106
CG14958	chr3L	+	3189977	3190623
CG14960	chr3L	+	3271035	3276255
CG14961	chr3L	+	3330062	3333181
CG14963	chr3L	-	3171613	3172545
CG14964	chr3L	-	3172816	3178580
CG14965	chr3L	-	3190621	3192491
CG14966	chr3L	-	3197044	3197631
CG14968	chr3L	-	3299335	3303112
CG14969	chr3L	-	3333118	3334978
CG14971	chr3L	-	3468022	3471309
CG14974	chr3L	-	3620432	3621032
CG14977	chr3L	+	3896899	3897498
CG14982	chr3L	+	3942709	3947278
CG14983	chr3L	-	3948698	3949305
CG14984	chr3L	-	3951192	3952550
CG14985	chr3L	+	4003473	4006626
CG14989	chr3L	+	4087580	4092706
CG14990	chr3L	+	4093206	4094344
CG14995	chr3L	-	4094342	4103256
CG14997	chr3L	+	4240172	4242603
CG15005	chr3L	-	4200824	4204339
CG15011	chr3L	-	4255990	4259152
CG15012	chr3L	-	4291207	4292246
CG15014	chr3L	-	4321104	4322259
CG15019	chr3L	-	4405126	4406059
CG15020	chr3L	+	4421661	4426621
CG15021	chr3L	+	4436720	4438311
CG15022	chr3L	-	4459192	4460317
CG15023	chr3L	-	4460621	4461504
CG15024	chr3L	-	4462973	4463823
CG15025	chr3R	-	19489569	19491115
CG15027	chrX	-	15085158	15085827
CG1503	chrX	-	21104694	21106369
CG15034	chrX	-	7346258	7347506
CG15035	chrX	-	7401697	7403174
CG15036	chrX	-	7424526	7424842
CG1504	chrX	-	20302014	20330372
CG15040	chrX	-	18606609	18617589
CG15042	chrX	-	18526861	18528266
CG15043	chrX	-	18493192	18494168
CG15044	chrX	-	18491184	18492006
CG15046	chrX	-	18487449	18489620
CG15047	chrX	+	18528682	18529593
CG15056	chrX	+	18415414	18416911
CG15059	chrX	-	18258550	18259517
CG15071	chr2R	+	18696584	18697345
CG15073	chr2R	+	18705976	18708226
CG15080	chr2R	+	18783298	18794594
CG15082	chr2R	+	18830330	18833241
CG15083	chr2R	+	18835262	18836842
CG15084	chr2R	+	18850843	18851963
CG15093	chr2R	-	18775668	18776978
CG15096	chr2R	-	18808355	18815019
CG15097	chr2R	-	18822187	18829699
CG15098	chr2R	-	18833371	18834775
CG15099	chr2R	-	18836820	18846619
CG15107	chr2R	-	18971308	18972537
CG15109	chr2R	+	19059420	19061065
CG15111	chr2R	+	19137371	19141034
CG15115	chr2R	-	19035491	19036387
CG15116	chr2R	-	19055230	19055924
CG15117	chr2R	-	19122230	19129300
CG15118	chr2R	-	19133726	19137169
CG15120	chr2R	+	19497751	19500372
CG15124	chr2R	+	19642946	19643698
CG15125	chr2R	+	19657572	19659599
CG15126	chr2R	+	19690797	19691078
CG15127	chr2R	-	19680767	19681391
CG15128	chr2R	-	19685613	19688078
CG1513	chr2R	-	9882571	9891689
CG15130	chr2L	-	20423105	20424660
CG15136	chr2L	-	17047160	17048281
CG15140	chr2L	+	17286239	17287663
CG15141	chr2L	+	17410640	17413499
CG15142	chr2L	-	17497993	17498821
CG15143	chr2L	-	17520891	17524549
CG15144	chr2L	-	17525584	17529122
CG15145	chr2L	-	17529310	17532234
CG15147	chr2L	-	17625745	17626381
CG15152	chr2L	+	18114546	18115220
CG15153	chr2L	-	18090736	18092256
CG15155	chr2L	+	18154850	18155942
CG15160	chr2L	+	18590890	18595429
CG15167	chr2L	+	18740357	18740807
CG15169	chr2L	+	18991019	18992409
CG15170	chr2L	-	18988267	18990233
CG15172	chr2L	+	19022416	19023646
CG15177	chr3R	-	6628203	6629321
CG15185	chr3R	+	6527507	6528674
CG15186	chr3R	+	6478310	6495025
CG15196	chrX	+	11409946	11411667
CG15198	chrX	+	11248235	11248885
CG15199	chrX	-	11140473	11141835
CG15200	chrX	+	11182930	11183476
CG15201	chrX	+	11144119	11144809
CG15202	chrX	+	11142540	11143755
CG15203	chrX	+	11066551	11068379
CG15208	chrX	+	10899964	10901811
CG15209	chrX	+	10842204	10842995
CG15210	chrX	+	10839229	10839895
CG15211	chrX	+	10772540	10778981
CG15212	chr3L	+	5131544	5132127
CG15213	chr3L	-	5132795	5133220
CG15219	chr2L	-	22104890	22105512
CG15221	chrX	+	11724245	11736617
CG15225	chr2R	+	20792981	20793795
CG1523	chr3R	-	28817341	28819668
CG15233	chr2R	-	6600043	6600978
CG15236	chr2R	+	6828355	6838360
CG15237	chr2R	-	6809043	6809766
CG15239	chrX	+	3884167	3890486
CG15247	chrX	-	9874492	9876672
CG15249	chrX	-	9887971	9899585
CG15252	chrX	-	9978152	9980564
CG15253	chr2L	-	15615356	15616351
CG15254	chr2L	-	15613904	15614828
CG15255	chr2L	-	15610170	15611719
CG15256	chr2L	+	15550371	15552029
CG15258	chr2L	-	15360920	15361627
CG15260	chr2L	-	15291425	15292239
CG15262	chr2L	+	15297807	15299367
CG15263	chr2L	+	15284999	15286047
CG15269	chr2L	+	15109404	15113092
CG15270	chr2L	+	15074775	15096915
CG15278	chr2L	-	14874375	14876333
CG15279	chr2L	-	14844992	14851749
CG15282	chr2L	+	14712470	14713298
CG15283	chr2L	-	14450281	14450922
CG15286	chr2L	+	14338239	14340080
CG1529	chrX	-	21028651	21031950
CG15293	chr2L	-	14108056	14109447
CG15296	chrX	-	10565841	10566591
CG15306	chrX	-	10330159	10331818
CG15308	chrX	-	10217912	10219139
CG15309	chrX	-	10205291	10212374
CG15312	chrX	-	10055628	10070868
CG15317	chrX	-	9555606	9556544
CG1532	chrX	-	21026124	21028361
CG15322	chrX	+	20133578	20138878
CG15330	chrX	+	7956063	7956702
CG15332	chrX	-	7953851	7955990
CG15333	chrX	-	8019522	8021345
CG15336	chrX	+	8147948	8148705
CG15337	chrX	+	8160053	8161552
CG15343	chrX	-	8272323	8273806
CG15347	chrX	-	8458493	8460898
CG15353	chr2L	-	2006762	2007193
CG15356	chr2L	-	1975462	1980755
CG15357	chr2L	-	1945149	1945709
CG15358	chr2L	-	1882007	1883214
CG15362	chr2L	+	1981175	1982099
CG15365	chrX	-	9054697	9067983
CG15368	chrX	+	9215784	9216540
CG15369	chrX	+	9216871	9217466
CG1537	chrX	-	11062026	11063170
CG15370	chrX	+	9225436	9226688
CG15373	chrX	+	18043990	18048720
CG15375	chrX	+	4101317	4102995
CG15382	chr2L	+	2155752	2156790
CG15385	chr2L	-	2209573	2212571
CG15386	chr2L	-	2216502	2217246
CG15387	chr2L	-	2225544	2226294
CG15390	chr2L	+	2374712	2375697
CG15394	chr2L	+	2591868	2592773
CG15395	chr2L	+	2609993	2611283
CG15399	chr2L	-	2770883	2771776
CG15403	chr2L	+	3128634	3129489
CG15404	chr2L	+	3173971	3174504
CG15406	chr2L	+	3309221	3311682
CG15408	chr2L	+	3332813	3334790
CG15412	chr2L	-	3373566	3375711
CG15414	chr2L	-	3480754	3491071
CG15418	chr2L	-	3621109	3621704
CG1542	chr3R	+	31213457	31214784
CG15422	chr2L	+	4004983	4005670
CG15423	chr2L	+	4006040	4006606
CG15425	chr2L	+	4257571	4258425
CG15429	chr2L	+	4352974	4354034
CG15431	chr2L	-	4403991	4441282
CG15432	chr2L	+	4442319	4442985
CG15435	chr2L	+	4459728	4461746
CG15436	chr2L	+	4463610	4465075
CG15439	chr2L	-	4449294	4453038
CG1544	chr3R	+	31196915	31203722
CG15443	chr2L	-	4461656	4463447
CG15445	chrX	+	21117158	21120444
CG15446	chrX	-	21095679	21102206
CG15449	chrX	-	21039513	21040605
CG1545	chrX	-	11057544	11059619
CG15450	chrX	+	20822145	20825641
CG15452	chrX	-	20744964	20745965
CG15456	chrX	-	20426430	20427042
CG15458	chrX	-	20413651	20414199
CG15459	chrX	-	20412340	20413581
CG15461	chrX	+	20486179	20486588
CG15465	chrX	+	5085758	5254864
CG15468	chrX	-	4959928	4961128
CG15471	chrX	-	4782200	4782789
CG15472	chrX	-	4768726	4770137
CG15473	chrX	-	4651954	4654497
CG15475	chr2L	+	20614521	20615559
CG15478	chrX	-	7712782	7717932
CG15480	chr2L	-	13224619	13225275
CG15482	chr2L	-	13210772	13211814
CG15483	chr2L	-	12760345	12761840
CG15484	chr2L	-	12706798	12707711
CG15497	chr3R	+	21664388	21666676
CG15498	chr3R	-	21567518	21569149
CG15506	chr3R	+	29718662	29722388
CG15514	chr3R	-	29860054	29861494
CG15515	chr3R	+	29905463	29906448
CG15517	chr3R	-	29903239	29903825
CG1552	chrX	-	11052170	11053556
CG15522	chr3R	+	29927254	29928766
CG15525	chr3R	-	29996960	29997676
CG15528	chr3R	-	30048634	30052112
CG15529	chr3R	+	30152058	30153699
CG15530	chr3R	+	30177876	30180178
CG15531	chr3R	-	30194789	30196228
CG15533	chr3R	+	30428819	30431362
CG15534	chr3R	+	30432063	30435139
CG15535	chr3R	-	30423031	30423929
CG15536	chr3R	-	30424498	30425162
CG15537	chr3R	-	30435176	30443599
CG15539	chr3R	+	30505986	30507977
CG15543	chr3R	+	30742879	30744474
CG15544	chr3R	+	30827818	30842034
CG15545	chr3R	-	30870938	30872351
CG15546	chr3R	-	30874364	30876186
CG15547	chr3R	-	30881791	30883503
CG15548	chr3R	+	30959699	30962307
CG15549	chr3R	-	30935395	30936507
CG15550	chr3R	-	30936588	30937102
CG15553	chr3R	-	31098867	31101169
CG15554	chr3R	+	31126148	31127335
CG15556	chr3R	-	31127964	31130666
CG15561	chr3R	-	31214775	31215942
CG15563	chr3R	-	31231684	31232336
CG15564	chr3R	-	31232414	31235362
CG15570	chrX	+	4218169	4223331
CG15571	chrX	-	4216872	4217394
CG15572	chrX	+	4268700	4271083
CG15576	chrX	-	4251869	4252790
CG15577	chrX	-	4276492	4277000
CG15578	chrX	-	4277546	4277961
CG15579	chrX	-	4311278	4311799
CG15580	chr3R	-	6054711	6057536
CG15594	chr3R	+	6287732	6289824
CG15597	chr3R	-	6284461	6285200
CG15599	chrX	-	15684946	15688857
CG15601	chrX	+	15710646	15712309
CG15602	chrX	+	15799425	15800961
CG15605	chr2R	-	17126409	17127023
CG1561	chrX	-	11581956	11584175
CG15611	chr2R	+	17108843	17114360
CG15614	chr2R	+	16945554	16947231
CG15615	chr2R	-	16793118	16796407
CG15617	chr2R	-	16745222	16746579
CG15625	chr2L	+	4889994	4891277
CG15628	chr2L	+	4821773	4828945
CG15629	chr2L	+	4813008	4815891
CG15631	chr2L	-	4732412	4734458
CG15635	chr2L	+	4642971	4646562
CG15638	chr2L	-	13535290	13535778
CG15641	chrX	+	15467890	15468303
CG15642	chrX	-	15466183	15467757
CG15643	chrX	-	15570379	15572149
CG15646	chrX	-	15667884	15671029
CG15649	chr2R	-	20972915	20974017
CG15650	chr2R	-	20977594	20978818
CG15651	chr2R	-	20983837	20986500
CG15653	chr2R	-	21059779	21060547
CG15657	chr2R	-	21147477	21148153
CG15673	chr2R	-	21608392	21613071
CG15674	chr2R	+	21632006	21634362
CG15676	chr2R	+	21671699	21672845
CG15695	chr3R	+	20842139	20844981
CG15696	chr3R	+	20847067	20847748
CG15701	chr2R	+	16230197	16234087
CG15705	chr2R	+	16280949	16281629
CG15706	chr2R	-	16223217	16230680
CG15708	chr2R	-	16240935	16241934
CG1571	chrX	+	8075876	8078240
CG15710	chr2R	-	16347613	16348527
CG15711	chr2R	-	16363550	16365895
CG15712	chr2R	-	16484840	16485552
CG15715	chr3L	-	15835692	15837482
CG15717	chrX	+	13128951	13134565
CG15719	chrX	-	13003954	13004879
CG1572	chrX	-	11555049	11558654
CG15721	chrX	+	12970710	12973967
CG15725	chrX	+	12705853	12708841
CG15728	chrX	+	12624291	12628445
CG15731	chrX	-	12456408	12457763
CG15734	chrX	-	12086468	12087025
CG15739	chrX	+	11873318	11875346
CG15740	chrX	-	11842661	11846099
CG15741	chrX	-	11837542	11838026
CG15742	chrX	-	13257391	13258495
CG15743	chrX	+	13285706	13287741
CG15744	chrX	+	13288050	13294433
CG15747	chrX	+	13338317	13341009
CG1575	chrX	+	8117011	8119130
CG15754	chrX	+	13528005	13529280
CG15756	chrX	+	13534399	13536202
CG15760	chrX	+	13669698	13676232
CG15764	chrX	+	5869094	5870266
CG15765	chrX	+	5818558	5840823
CG15767	chrX	+	5789486	5790919
CG15771	chrX	+	5755573	5759751
CG15772	chrX	+	5752248	5754041
CG15773	chrX	+	5732739	5734614
CG1578	chrX	-	11808505	11816551
CG15784	chrX	+	5429570	5432526
CG15800	chr2R	-	23790613	23791227
CG15803	chr3R	-	18330931	18360728
CG15812	chr3L	+	3159990	3162019
CG15814	chrX	-	17848109	17850342
CG15818	chr2L	+	7410908	7412229
CG1582	chrX	-	10894746	10899302
CG15820	chr3L	-	2172994	2174332
CG15822	chr3L	-	2153200	2163863
CG15824	chr2L	-	877171	885141
CG15861	chr2R	-	24943391	24945201
CG15864	chr3R	+	8248437	8250324
CG15865	chrX	-	16660897	16664455
CG15870	chr2R	-	13163362	13163948
CG15873	chr2R	-	24429577	24430699
CG15876	chr3L	-	4694204	4694845
CG15877	chr3L	-	2376483	2377556
CG15878	chr3L	-	2210872	2212503
CG15879	chr3L	-	2167549	2169108
CG15880	chr2L	-	816993	817950
CG15882	chrX	-	19123754	19124388
CG15888	chr3R	-	13284945	13286529
CG15890	chrX	-	14757530	14765787
CG15891	chrX	-	6294516	6295345
CG15892	chrX	-	6293105	6294343
CG15894	chrX	+	6309211	6329828
CG15905	chr2R	-	19646482	19647645
CG15908	chr2R	+	6668149	6668738
CG15909	chr2R	+	6683185	6684710
CG15912	chrX	+	4549069	4549957
CG15914	chrX	+	15853420	15854970
CG15916	chrX	+	15890588	15891547
CG15919	chr2R	+	16792641	16793179
CG15922	chr3R	-	20559707	20560280
CG15923	chr3R	-	20611250	20616901
CG15927	chrX	+	12454728	12455683
CG15930	chrX	-	5315129	5317295
CG1598	chr2R	-	7538231	7539696
CG1602	chr2R	-	7516922	7518936
CG1603	chr2R	-	7513845	7516390
CG1607	chr3R	+	31382108	31391893
CG1620	chr2R	-	7493805	7496466
CG1622	chrX	+	13297081	13299910
CG1628	chrX	-	10598145	10602714
CG1631	chrX	+	20327443	20328680
CG1632	chrX	+	8252669	8272462
CG1635	chr3R	+	31588672	31590392
CG1636	chrX	+	8273411	8276450
CG1637	chrX	-	10870593	10877893
CG1638	chr3R	+	31590580	31592316
CG1640	chrX	+	13370605	13380160
CG1646	chr3R	+	28812101	28817354
CG1647	chr3R	+	28820220	28824508
CG1648	chr2R	-	9810973	9820053
CG1662	chrX	+	13387562	13389332
CG1663	chr2R	+	9836984	9838481
CG16700	chrX	+	17091853	17098488
CG16704	chr2L	-	3692122	3692587
CG1671	chr2R	+	9848060	9850642
CG16710	chr3R	+	23682502	23683980
CG16711	chr3L	+	9704330	9710329
CG16713	chr2L	-	3695031	3695411
CG16717	chr3L	+	9679200	9681060
CG16719	chr3L	+	9685170	9686250
CG16721	chrX	+	5879868	5883391
CG16723	chr3R	-	23593624	23596273
CG16727	chr3R	+	19613380	19615784
CG1673	chrX	+	13396898	13401224
CG16734	chr3R	+	9255051	9256731
CG16736	chr3R	-	9256688	9257716
CG16739	chr2R	+	20341992	20342749
CG1674	chr4	+	230729	245903
CG16741	chr2R	+	20347040	20347589
CG16743	chr2L	+	10972279	10973408
CG16749	chr3R	-	9330884	9331885
CG16753	chr3L	+	3055078	3055842
CG16756	chrX	+	5427516	5428217
CG16758	chr3L	-	2499371	2503606
CG16762	chr3L	-	2474666	2475614
CG1677	chrX	-	7281088	7405797
CG16772	chr2L	+	19962678	19963844
CG16775	chr3L	-	17885947	17886645
CG16779	chr3R	-	9461083	9493677
CG16781	chrX	-	3462473	3464044
CG16782	chrX	-	3459015	3460240
CG16786	chr2R	+	24081781	24086287
CG16787	chr2R	-	23956334	23957405
CG16789	chr3R	+	9566194	9569189
CG16790	chr3R	-	9569073	9570214
CG16791	chr3R	-	21318299	21349601
CG16798	chr2L	-	20376980	20382356
CG16799	chr2R	-	20652556	20655096
CG16800	chr2L	+	12966589	12967810
CG16812	chr2L	+	13222586	13224545
CG16813	chr2L	+	13227528	13228521
CG16815	chr2L	+	13229831	13230549
CG16820	chr2L	+	13246231	13250189
CG16824	chr2L	+	13293008	13293415
CG16825	chr2L	+	13304787	13307807
CG16826	chr2L	+	13347772	13349020
CG16837	chr2R	+	24475385	24476032
CG16848	chr2L	+	13412518	13413716
CG16852	chr2L	+	13540750	13541646
CG16853	chr2L	+	13542267	13543633
CG16854	chr2L	+	11086720	11090973
CG16863	chr2L	+	13790958	13793264
CG16865	chr2L	+	13811521	13813316
CG16868	chr2R	-	20281628	20287094
CG1688	chr2R	-	9766363	9806875
CG16888	chr2L	-	13812699	13813256
CG16890	chr2L	-	13782230	13784338
CG16894	chr2R	-	20211584	20212619
CG16896	chr2R	-	24871406	24874912
CG16898	chr2R	-	20003619	20005003
CG1690	chr2R	-	9756292	9758068
CG16903	chrX	-	2078342	2080405
CG16904	chr3R	-	9815927	9816979
CG16908	chr3R	-	9751087	9754686
CG16926	chr2R	-	19500294	19501418
CG16935	chr2R	-	13860348	13862002
CG1695	chrX	+	20433949	20445599
CG16952	chrX	+	15870182	15875607
CG16953	chr3R	-	20581769	20585833
CG16956	chr2L	-	13413782	13414575
CG16957	chr2L	-	13395359	13396184
CG16959	chr3L	-	15119877	15125321
CG16964	chr2L	+	11947940	11948803
CG16965	chr2L	+	11981590	11984380
CG16972	chr2L	-	13197101	13203295
CG16974	chr2L	-	13183848	13191979
CG16978	chr2L	-	13143213	13143622
CG16979	chr3L	+	15576569	15578674
CG1698	chr2R	+	9793325	9798006
CG16984	chr3L	+	2595780	2596998
CG16985	chr3L	+	2599296	2600242
CG16986	chr3L	+	2600330	2601536
CG16989	chrX	+	793146	797061
CG16995	chr2L	+	2307947	2308872
CG16998	chr3L	-	7539059	7539836
CG17002	chr2R	+	6986042	6988922
CG17003	chrX	-	20000967	20002096
CG17005	chr2L	+	9327743	9330332
CG1701	chr2R	-	7408370	7409385
CG17010	chr2L	+	12356440	12357906
CG17019	chr2R	-	12930911	12934045
CG17026	chr3L	+	15975367	15976428
CG17027	chr3L	+	15980099	15981888
CG17028	chr3L	+	15978523	15980004
CG17029	chr3L	+	15976869	15978435
CG1703	chrX	+	11611926	11615128
CG17030	chr3L	-	4980002	4980769
CG17032	chr3L	+	15958842	15960609
CG17036	chr2L	-	12698917	12700746
CG17047	chr2R	+	13298994	13301547
CG17048	chr2R	-	13353637	13354499
CG17059	chr2R	+	13220282	13221015
CG17065	chrX	-	20254691	20257199
CG17068	chrX	-	20248308	20251093
CG17075	chr2L	-	259948	267505
CG17078	chr2L	-	274739	278234
CG17083	chr3R	-	23286092	23288051
CG17097	chr2L	+	10646414	10650152
CG17104	chr2L	+	10677197	10679707
CG17105	chr2L	+	10681029	10681775
CG17107	chr2L	+	10681901	10682528
CG17108	chr2L	-	10692939	10694103
CG17109	chr3R	+	23095689	23097240
CG17110	chr3R	+	23091723	23095441
CG17111	chr3R	-	23062712	23067259
CG17118	chr2L	+	10730254	10731356
CG17119	chr3R	-	23054409	23058958
CG17121	chr3R	-	23044663	23048214
CG17122	chr3L	-	20273388	20275335
CG17124	chr2L	-	10744074	10756325
CG17127	chr2L	+	10770867	10771370
CG17129	chr3L	-	677878	680326
CG17134	chr2L	+	10820704	10821967
CG17139	chr2L	-	10843013	10845664
CG17140	chr2L	-	10843013	10845664
CG17141	chr3R	-	22746445	22747599
CG17145	chr3L	+	20221813	20223197
CG17147	chr3L	+	20223931	20225324
CG17154	chr3L	+	12088625	12089225
CG17159	chrX	-	23084959	23092631
CG17162	chrX	-	23084959	23096735
CG17163	chrX	-	23080758	23082709
CG17167	chrX	+	23068300	23081144
CG17168	chrX	+	23082737	23084576
CG17169	chrX	+	23084671	23085536
CG17173	chr3L	-	14767702	14769283
CG17177	chr3L	-	14697312	14701678
CG17186	chr3R	-	19875973	19877514
CG17187	chr3R	-	11230616	11231879
CG17189	chr3R	+	27101229	27102917
CG17190	chr3R	-	20011775	20013504
CG17191	chr3R	-	27018607	27019751
CG17192	chr3R	-	27017179	27018287
CG17193	chr3R	-	20036420	20056097
CG17195	chr3R	-	25776275	25777198
CG17196	chr3R	-	25775287	25776237
CG17197	chr3R	-	25773333	25775369
CG17198	chr3R	-	25773333	25775369
CG17199	chr3R	-	20208200	20209791
CG17202	chr3R	+	12422767	12423606
CG17207	chr3R	-	12437816	12439139
CG17211	chr2L	+	12114359	12129896
CG17217	chr2L	+	12170549	12171232
CG17219	chr2L	+	3029252	3030616
CG1722	chrX	-	21249975	21251148
CG17221	chr2L	+	3039975	3041890
CG17224	chr2L	-	3016440	3018308
CG17230	chr3R	+	11437784	11467372
CG17233	chr3L	-	20233172	20241903
CG17234	chr2L	+	2253044	2253852
CG17237	chr2L	-	2288502	2289416
CG17239	chr2L	-	2251509	2252341
CG1724	chrX	-	21202498	21203341
CG17242	chr2L	-	2268105	2269140
CG17249	chr3L	-	1645930	1647464
CG17258	chr2L	-	3032209	3035348
CG17260	chr2L	+	3037229	3038793
CG17261	chr2L	+	3042550	3043593
CG17264	chr2L	+	3018507	3021506
CG17266	chr2R	-	6675027	6676001
CG17267	chr3R	-	20737324	20739100
CG17270	chr3R	-	20816444	20818929
CG17271	chr3R	-	20819128	20821848
CG17272	chr3R	-	20823312	20824239
CG17278	chr3R	-	21021043	21024163
CG17279	chr3R	-	21050013	21050975
CG17283	chr3R	+	17407875	17409460
CG17287	chr2R	-	17156533	17158316
CG17290	chr2R	+	17154588	17157125
CG17292	chr2L	+	8370453	8374250
CG17294	chr2L	+	8377034	8378206
CG17298	chr3R	+	21283196	21284050
CG17300	chr3L	-	13086386	13087289
CG17321	chr2L	+	18845183	18855110
CG17325	chr2L	+	18812647	18813941
CG17327	chr3R	-	12996875	12997726
CG17328	chr2L	+	16299942	16301765
CG17329	chr2L	+	16291283	16291948
CG17333	chrX	+	10847437	10848534
CG17343	chr2L	+	19064928	19069673
CG17344	chr2L	+	19102043	19102909
CG17349	chr2L	+	19370444	19372711
CG17350	chr2L	+	19380929	19383093
CG17359	chr3L	-	13997899	13999251
CG17361	chr3L	+	13997190	13998055
CG17362	chr3L	+	13986619	13987184
CG17364	chr3L	-	13977904	13993400
CG1737	chrX	+	11350607	11355539
CG17375	chr2L	-	6804323	6805792
CG17376	chr2L	-	6799945	6800894
CG17377	chr2L	-	6801357	6802840
CG17378	chr2L	+	6774040	6778444
CG1738	chrX	+	11349048	11349847
CG17380	chr3R	-	23402607	23403728
CG17385	chr2R	-	14409294	14411572
CG17387	chr3R	-	4781119	4784722
CG17404	chr3R	-	12223990	12225019
CG17440	chrX	-	9268437	9269925
CG17450	chrX	-	21605883	21608920
CG17454	chr3L	+	23715022	23716689
CG17470	chr2L	-	20642305	20643244
CG17472	chr2L	+	20634514	20635167
CG17475	chr3R	-	17129338	17130426
CG17477	chr3R	-	17126087	17126938
CG17486	chr2R	+	4619029	4620833
CG17490	chr2L	+	22537667	22540597
CG17493	chr2L	+	22550063	22556295
CG1750	chr3R	-	31253658	31254900
CG17508	chr2R	+	5608634	5611586
CG17528	chr2R	-	4815425	4824319
CG17544	chr2L	-	19390369	19398493
CG17549	chr2L	-	19387049	19390075
CG17560	chr3R	+	16617949	16619878
CG17562	chr3R	+	16615308	16617154
CG17564	chr2L	-	19298344	19299933
CG17565	chr3R	+	16432997	16434740
CG17568	chr2L	-	19179748	19181702
CG17570	chr2L	-	20263418	20264424
CG17571	chr2L	-	20255987	20257192
CG17572	chr2L	-	19071130	19074149
CG17574	chr2R	-	12849357	12869423
CG17575	chr2R	-	12845543	12846596
CG17580	chr2R	+	12806613	12807811
CG17593	chr2L	+	3514871	3517264
CG17597	chr2L	-	18829011	18831153
CG17598	chrX	-	22534830	22540383
CG17600	chrX	+	22515196	22542024
CG17601	chrX	+	22547096	22548056
CG17612	chr2L	-	4380721	4382735
CG17625	chr3R	+	22686848	22687407
CG17633	chr2L	+	9769059	9770409
CG17636	chrX	-	124369	126714
CG17637	chr3L	+	20504185	20505700
CG1764	chrX	-	13294472	13302415
CG17646	chr2L	+	1732523	1750612
CG17648	chr2L	+	1752307	1752848
CG17650	chr2L	-	1758285	1759093
CG17652	chr2L	-	1731032	1732356
CG17658	chr2R	+	23895062	23896997
CG17660	chr2L	-	1707131	1710421
CG17666	chr3L	+	12781324	12784377
CG17669	chr2R	-	18452736	18454462
CG17672	chr3L	+	13028961	13036504
CG17681	chr2L	+	18153122	18154516
CG17683	chr2R	+	4130973	4133484
CG17684	chr2R	-	1866079	2262115
CG17687	chr3L	+	13349032	13354940
CG17691	chr2R	+	1590483	1596457
CG17698	chr3L	+	23737959	23749058
CG17707	chrX	-	142730	148426
CG17712	chr2L	-	1750686	1752122
CG17715	chr2L	+	22844219	22854541
CG17716	chr2R	+	13623043	13749367
CG17717	chrX	+	6589289	6590646
CG17721	chr3R	+	11235139	11236077
CG17724	chr2R	-	13176093	13190086
CG17726	chr3R	+	11226761	11228227
CG1773	chr2R	+	9706266	9707580
CG17732	chr3L	+	19981684	19984191
CG17734	chr3R	-	11242207	11243999
CG17738	chr3R	+	12270889	12271300
CG17739	chr2R	+	12306527	12310412
CG1774	chr3R	+	31592802	31594719
CG17744	chr3L	-	7025800	7026794
CG17746	chr3L	-	3236804	3239578
CG17751	chr3R	+	19607253	19609322
CG17752	chr3R	+	19610224	19612437
CG17754	chrX	+	9250419	9255953
CG17760	chr2R	+	12625807	12628619
CG17764	chrX	-	5306260	5307417
CG17765	chr2R	+	10480162	10481886
CG17768	chr2L	-	10403196	10405203
CG17770	chr3R	+	25811910	25813134
CG17776	chrX	+	2184724	2185258
CG17777	chrX	+	2186854	2187741
CG17778	chrX	+	494613	496369
CG17780	chr3R	-	24382919	24385052
CG17781	chr3R	-	24373455	24375661
CG17782	chr3R	-	24370750	24372762
CG17784	chr3R	-	24364080	24364980
CG17786	chr3R	-	24214630	24218718
CG17801	chr3R	-	17805678	17807085
CG17802	chr3R	-	17803224	17805249
CG17803	chr3R	-	17798876	17801512
CG17806	chr3R	-	17801541	17803260
CG17807	chr2R	-	22634018	22635942
CG17816	chr3R	-	7855581	7886733
CG17819	chr3R	-	21884727	21885550
CG17821	chr2R	-	18743805	18744996
CG17826	chr3L	+	11949838	11952225
CG17829	chrX	+	625541	628016
CG17834	chr2L	+	8529140	8541439
CG17839	chr3L	+	14805135	14882224
CG17841	chrX	+	10368051	10384183
CG1785	chrX	+	8714935	8717065
CG17855	chr2L	+	9540522	9542480
CG17883	chr2R	+	4671852	4673639
CG1789	chrX	+	8720519	8721503
CG17896	chrX	-	490786	493495
CG17904	chr2L	+	16732549	16733624
CG17906	chr2L	+	8994390	8995617
CG1791	chrX	-	9963452	9964878
CG17917	chr3R	+	6341967	6342873
CG17919	chr3R	+	6344028	6345087
CG1792	chr3R	+	31616302	31617837
CG17928	chr2L	+	16791567	16793444
CG17929	chr3R	+	16325491	16327331
CG17930	chr3R	+	16327848	16329622
CG17931	chr3R	-	16357534	16359466
CG17944	chr3R	-	7361367	7362123
CG17959	chrX	+	2947093	2947580
CG17974	chr2R	-	21348944	21350578
CG17977	chr2R	-	8066273	8067655
CG17982	chrX	-	8142549	8143835
CG17985	chr2R	-	7651624	7655302
CG17991	chr3R	+	27241266	27242330
CG17994	chr2R	-	6207218	6209468
CG17996	chr2L	-	16730457	16731039
CG17999	chr2R	-	20847979	20849939
CG18003	chr2R	+	10883546	10884936
CG18004	chr2R	+	10885018	10886375
CG1801	chrX	-	21307585	21317522
CG18011	chr2R	+	10142337	10146206
CG18048	chr3R	+	6346110	6347519
CG1806	chrX	+	12007175	12009904
CG18063	chr2L	+	15957857	15959431
CG18067	chr2R	+	20534244	20535835
CG18081	chr3L	-	15833794	15835388
CG18088	chr2L	+	8967534	8970627
CG18094	chr2L	+	19490261	19491679
CG18095	chr2L	-	14029261	14031539
CG18109	chr2L	+	15784084	15790146
CG1812	chrX	+	20511543	20515828
CG18128	chr2R	-	23718797	23719936
CG18130	chrX	-	11990117	11992768
CG18131	chr2L	-	1498454	1500608
CG18132	chr2L	-	1516794	1517478
CG18135	chr3L	-	18990025	18998283
CG1814	chr2R	+	9577426	9581847
CG1815	chr3R	+	31669464	31677971
CG18155	chrX	+	7329045	7331255
CG18170	chr3L	+	1602953	1617355
CG18171	chr3L	-	1720615	1723153
CG18178	chr3L	-	9717785	9719144
CG18179	chr3L	+	9639270	9640140
CG18180	chr3L	+	9641012	9641913
CG18190	chr2R	-	18851906	18853043
CG18213	chr3R	-	17036393	17040203
CG18223	chr3L	-	18919223	18920319
CG18231	chr3L	+	18607461	18609512
CG18233	chr3L	+	18605471	18607349
CG18234	chr3L	+	18603424	18605415
CG1824	chrX	-	12592554	12595624
CG18249	chr3R	+	8220145	8222188
CG18258	chrX	+	17212306	17213977
CG18259	chrX	-	18781264	18783494
CG18262	chrX	+	8152947	8154533
CG18265	chr3L	+	17439400	17457461
CG18266	chr2L	+	5596832	5598636
CG18268	chr3R	-	7802830	7804432
CG18269	chr2L	+	5551837	5552756
CG1827	chr2R	+	9589049	9590443
CG18273	chrX	-	482776	487581
CG18278	chr2R	-	13408041	13409887
CG18281	chr3L	+	20499835	20501500
CG18284	chr2L	+	10643970	10645891
CG18294	chr3L	-	19475016	19475578
CG18301	chr2L	+	10531820	10533647
CG18302	chr2L	+	10534321	10536587
CG18304	chr2L	-	6932544	6942814
CG18324	chr2R	+	14168785	14170233
CG18327	chr2R	+	14166981	14168233
CG18335	chr2R	-	11289687	11291096
CG18336	chr2R	-	11293775	11294586
CG18343	chr2R	+	12138694	12139324
CG1835	chrX	+	20661916	20669669
CG18367	chr2R	+	19636659	19637400
CG18368	chr2R	+	13667735	13671594
CG18371	chr2R	+	14028619	14029096
CG1840	chrX	+	11888351	11889186
CG18404	chr3R	+	30253181	30254097
CG18417	chr3L	+	7400069	7401671
CG18418	chr3L	-	4688928	4690070
CG18420	chr2L	-	14794515	14796642
CG18428	chr3R	+	24109335	24110010
CG18449	chr2R	-	8367162	8367927
CG18467	chr2R	+	17440296	17442483
CG18469	chr2R	-	17245768	17246277
CG1847	chrX	+	11869169	11871168
CG18473	chr3R	+	9363304	9364838
CG18476	chr3R	-	11674919	11678116
CG18477	chr2L	+	15661040	15662753
CG18478	chr2L	+	15670173	15671223
CG18480	chr2L	+	15630001	15634987
CG18493	chr3R	+	19390269	19392132
CG1850	chr2R	-	7258866	7261269
CG18507	chr2L	+	13665524	13672967
CG18508	chrX	-	3172267	3173140
CG18518	chr2L	-	15834568	15835658
CG18528	chr3R	-	24358094	24360144
CG18530	chr3R	+	12633358	12634670
CG18536	chr2R	+	18294758	18295658
CG18537	chr2R	+	18295927	18296656
CG18538	chr2R	+	18297069	18297751
CG18539	chr2R	+	18297794	18298903
CG18540	chr2R	+	18299316	18300072
CG18542	chr3R	+	9685759	9687141
CG18545	chr3R	+	10340948	10341668
CG18547	chr3R	-	11978573	11980390
CG18549	chr3R	+	12449295	12456355
CG18557	chr2L	-	2844600	2845734
CG18558	chr2L	-	2842588	2844513
CG18563	chr2L	-	17456669	17458044
CG18568	chr2R	-	13971324	13972834
CG18577	chr3R	+	11196091	11197285
CG18581	chr3L	-	15049549	15050209
CG18585	chr2L	-	7689310	7691061
CG18586	chr3L	+	5873310	5875466
CG18596	chr3R	+	22375922	22379955
CG18598	chr3R	+	18251114	18251539
CG18599	chr3R	+	18267788	18271172
CG18600	chr3R	-	18300194	18301728
CG18605	chr2R	+	18977513	18979279
CG18609	chr2R	-	18742516	18743626
CG18622	chr3R	-	16983509	16987732
CG18628	chr3L	+	10639739	10640136
CG18635	chr2R	-	17767807	17769989
CG18636	chr2L	-	14783300	14784598
CG18641	chr2L	-	2410623	2415322
CG18649	chr3L	-	15053567	15054135
CG18659	chr2R	-	9123303	9132030
CG18661	chr2L	+	8997604	8998544
CG18662	chr2L	+	8980658	8981432
CG18666	chr2L	+	11034794	11035308
CG18675	chr3L	+	4173883	4192968
CG18731	chr3R	+	29725026	29725690
CG18735	chr2R	-	21798016	21799195
CG18744	chr3R	-	7797077	7798771
CG18745	chr3R	-	7783842	7786119
CG18746	chr3R	-	7788281	7790187
CG18747	chr3R	-	7780883	7783446
CG18748	chr3R	-	7786169	7787923
CG18749	chr3R	+	8244054	8248054
CG18754	chr3R	+	23684056	23686537
CG18764	chr3R	+	11626888	11628452
CG18765	chr3R	-	11690385	11691799
CG18766	chr3R	-	27242334	27245249
CG18787	chr2L	-	11997899	11999340
CG18788	chr2L	+	12034189	12036131
CG18789	chr2L	-	11993988	11995432
CG18808	chr3L	-	4806052	4807406
CG18809	chrX	-	19741223	19744335
CG18810	chr2L	+	20648911	20650079
CG18814	chr3L	+	16369825	16370945
CG18815	chr3L	+	11628036	11630749
CG18823	chrX	+	990517	991184
CG18853	chr2R	+	7829061	7830429
CG18858	chr2L	-	20456846	20459075
CG18870	chr2R	-	21613844	21616907
CG1888	chr2R	-	9541946	9548135
CG1889	chrX	+	9965240	9966959
CG1890	chr3R	+	31743489	31744248
CG1894	chr3R	+	28484556	28486062
CG1896	chr3R	+	31744281	31745178
CG1902	chr2R	+	9594044	9605624
CG1907	chr3R	+	29619064	29620758
CG1909	chr4	+	583107	589348
CG1910	chr3R	+	31747642	31751894
CG1924	chrX	-	12176439	12178626
CG1927	chr3L	-	1966724	1970079
CG1941	chr2R	+	7709872	7711981
CG1943	chr3R	+	7074858	7077981
CG1946	chr2R	+	7714922	7716781
CG1951	chr3R	+	29027235	29030938
CG1958	chrX	+	7266903	7267883
CG1965	chr3R	+	7067400	7071624
CG1971	chr3R	+	31805467	31806769
CG1979	chr3R	+	7054585	7058671
CG1983	chr3R	-	30175785	30177700
CG1986	chrX	-	9908662	9911126
CG1998	chrX	-	13409368	13413074
CG1999	chrX	+	7358795	7360058
CG2003	chr3R	+	31978120	31990909
CG2004	chrX	-	8712471	8714924
CG2006	chr3R	+	29489467	29491383
CG2016	chr3R	-	4956998	4961351
CG2017	chr3R	-	5858082	5862405
CG2021	chr3L	-	1777009	1777411
CG2034	chr3L	+	2257455	2258922
CG2053	chr3R	+	32038329	32039753
CG2059	chrX	+	7286357	7288117
CG2061	chrX	+	11092491	11094947
CG2063	chr2R	-	9285309	9286634
CG2064	chr2R	+	7665827	7667343
CG2065	chr2R	+	7663785	7665269
CG2070	chr2R	+	7661854	7663408
CG2076	chrX	+	11090209	11092098
CG2082	chr3R	-	5758679	5781076
CG2091	chr3R	-	5753317	5754774
CG2100	chr3R	-	5734697	5736355
CG2104	chr3R	-	5690890	5693286
CG2111	chrX	+	10657679	10660671
CG2113	chr3L	+	2995171	2996155
CG2116	chrX	+	8129811	8131783
CG2120	chrX	+	8135823	8137046
CG2121	chr2R	-	8396396	8411767
CG2124	chrX	+	10596121	10599169
CG2126	chr3R	-	31775048	31776652
CG2127	chr2R	-	8368343	8370038
CG2129	chrX	+	8145838	8147855
CG2145	chrX	+	10927398	10929712
CG2147	chrX	+	8240683	8241483
CG2150	chr3R	-	31763303	31764772
CG2157	chrX	+	10869283	10870705
CG2162	chr3L	+	3035195	3040469
CG2182	chr3R	-	5656235	5659912
CG2186	chrX	+	10857654	10866246
CG2187	chr3R	-	31755355	31758637
CG2199	chr3L	-	1339459	1342403
CG2200	chrX	+	13094298	13095732
CG2201	chr2L	-	21614231	21624080
CG2202	chrX	+	10848756	10852327
CG2209	chrX	+	13022197	13022949
CG2211	chr3L	-	1333238	1335359
CG2217	chr3R	-	30418766	30422971
CG2218	chr3R	-	30425426	30428276
CG2224	chr3R	-	30456440	30459300
CG2225	chr2L	-	21663805	21677530
CG2233	chrX	-	8035740	8037517
CG2246	chr3R	-	30592970	30601489
CG2247	chrX	-	11606289	11611652
CG2256	chrX	-	8084017	8087213
CG2258	chrX	-	8094249	8102095
CG2260	chrX	-	8119081	8121147
CG2267	chr3R	-	30627240	30629028
CG2269	chr2R	+	10085168	10096416
CG2277	chr3L	-	1304849	1307418
CG2278	chrX	-	8165832	8170266
CG2291	chr2R	-	8260606	8261463
CG2310	chr3R	-	29491523	29493518
CG2321	chr3R	-	29484782	29489265
CG2336	chr3R	+	6580783	6582271
CG2444	chrX	-	11704309	11705300
CG2493	chr2L	-	20461584	20463444
CG2519	chr3R	-	5539509	5547775
CG2528	chr2L	-	21974748	21992933
CG2533	chrX	-	11603242	11604194
CG2540	chrX	+	12629877	12631111
CG2556	chrX	+	12497187	12516565
CG2574	chrX	+	12408860	12409825
CG2577	chrX	+	12373117	12374448
CG2608	chr2L	+	20645821	20647381
CG2611	chr2L	+	20650188	20650898
CG2614	chr2L	+	20656425	20659218
CG2616	chr3R	+	7722416	7724715
CG2617	chr2L	+	20682367	20683629
CG2641	chr3R	+	7794068	7796599
CG2652	chrX	-	2681986	2682932
CG2656	chr3R	+	7144723	7151270
CG2662	chrX	+	2698700	2701033
CG2663	chr3R	-	5400593	5404135
CG2678	chr3R	+	7913850	7916550
CG2680	chrX	-	2706150	2707427
CG2681	chrX	+	2708683	2711668
CG2685	chrX	-	2711755	2713960
CG2691	chrX	-	13619275	13624408
CG2694	chrX	+	2714078	2717654
CG2698	chr3R	+	8001561	8006033
CG2701	chrX	-	2717637	2720327
CG2712	chrX	+	2732468	2734402
CG2736	chr2R	-	24973430	24975341
CG2747	chr3R	-	8016209	8030790
CG2750	chrX	+	12107199	12113357
CG2765	chr2R	-	24959840	24965076
CG2767	chr3R	-	8005923	8008110
CG2772	chr2L	+	3445991	3447589
CG2790	chr2R	-	24946560	24948378
CG2794	chr2L	+	564162	566472
CG2811	chr2R	-	24939705	24940483
CG2812	chr2R	+	23925235	23926911
CG2816	chr2L	+	3703658	3704253
CG2818	chr2L	+	3713359	3716810
CG2839	chr2L	+	625651	628200
CG2841	chrX	-	2344948	2366356
CG2846	chr3R	-	7912016	7913290
CG2852	chr2R	-	22644645	22646344
CG2854	chrX	+	2327127	2328941
CG2861	chrX	-	4797230	4804862
CG2865	chrX	-	2278030	2293411
CG2871	chrX	-	4775983	4777375
CG2875	chrX	-	3571455	3573622
CG2887	chrX	-	10477259	10478493
CG2889	chrX	+	10473937	10477201
CG2898	chrX	+	10375373	10376628
CG2901	chrX	+	3828196	3831546
CG2906	chr2R	+	7956149	7958254
CG2909	chrX	+	10326463	10328946
CG2911	chr3R	-	5622118	5624125
CG2915	chr2R	-	7958206	7960015
CG2918	chrX	-	2271007	2275068
CG2921	chr2R	-	22073537	22075308
CG2924	chrX	-	2264656	2270761
CG2926	chr3R	-	5579300	5588380
CG2930	chrX	+	3868972	3880379
CG2931	chr3R	-	5567501	5568615
CG2938	chrX	-	3931999	3936469
CG2955	chr2L	+	4149278	4151203
CG2962	chrX	-	10214857	10216642
CG2964	chr2L	+	2812436	2814429
CG2972	chrX	+	10083153	10085050
CG2975	chr2L	+	2840123	2842638
CG2983	chr2L	+	2847631	2848997
CG2990	chrX	+	10010480	10014279
CG2991	chr2L	+	2857163	2868548
CG2993	chr3R	-	7804664	7810014
CG30001	chr2R	-	9821167	9822955
CG30002	chr2R	+	9704383	9706147
CG30008	chr2R	+	9889877	9891141
CG30010	chr2R	+	9863563	9864576
CG30015	chr2R	-	10839101	10874771
CG30016	chr2R	-	10874891	10875392
CG30020	chr2R	+	10886809	10893191
CG30022	chr2R	-	11387159	11388779
CG30025	chr2R	-	11353563	11354373
CG30026	chr2R	-	11408575	11409449
CG30031	chr2R	+	11350810	11351621
CG30033	chr2R	+	11292530	11293591
CG30036	chr2R	-	11977535	11979018
CG30037	chr2R	-	11979093	11980538
CG30039	chr2R	-	12050976	12051755
CG30043	chr2R	+	12359435	12363165
CG30046	chr2R	+	12314116	12317573
CG30047	chr2R	+	12351792	12355413
CG30048	chr2R	+	12394906	12399142
CG30049	chr2R	+	12355670	12359087
CG30050	chr2R	+	12408953	12409735
CG30053	chr2R	-	12688732	12689876
CG30054	chr2R	+	12623725	12625352
CG30056	chr2R	+	12562059	12562655
CG30058	chr2R	-	13209808	13212237
CG30059	chr2R	-	13412768	13414620
CG30060	chr2R	-	13422977	13423647
CG30062	chr2R	-	13445699	13446309
CG30065	chr2R	+	13433027	13433760
CG30069	chr2R	+	14185203	14198368
CG30075	chr2R	+	14375920	14376677
CG30076	chr2R	-	14544149	14546372
CG3008	chr2L	+	4883297	4885669
CG30080	chr2R	-	15698725	15701696
CG30082	chr2R	-	15685003	15686082
CG30083	chr2R	-	15711596	15712644
CG30087	chr2R	+	15692447	15693751
CG30088	chr2R	+	15691112	15692216
CG30089	chr2R	+	15727380	15762044
CG3009	chrX	-	4658157	4666700
CG30090	chr2R	+	15689825	15691014
CG30091	chr2R	+	15680544	15682477
CG30094	chr2R	+	16142201	16142935
CG30095	chr2R	+	16123483	16124577
CG30096	chr2R	-	16320814	16322124
CG30098	chr2R	-	16354223	16355215
CG30099	chr2R	-	16288207	16288969
CG30100	chr2R	+	16291452	16292269
CG30103	chr2R	+	17493694	17495998
CG30105	chr2R	-	17591803	17592509
CG30108	chr2R	+	17669394	17670000
CG30109	chr2R	+	17670081	17670748
CG30110	chr2R	-	17880193	17882245
CG30114	chr2R	+	18207754	18208978
CG30116	chr2R	-	18456601	18498026
CG30120	chr2R	+	18446547	18449420
CG30122	chr2R	-	18632327	18639270
CG3014	chr3R	-	7799263	7802793
CG30148	chr2R	-	20546594	20547658
CG30151	chr2R	-	20528502	20529464
CG30154	chr2R	+	20533358	20533934
CG30156	chr2R	-	6981445	6985712
CG30157	chr2R	-	6974037	6975133
CG30158	chr2R	+	6891759	6922613
CG30159	chr2R	+	6992680	6994306
CG30160	chr2R	+	7005156	7006136
CG30161	chr2R	-	24663531	24664377
CG30172	chr2R	-	24030545	24031427
CG30177	chr2R	+	23801541	23803070
CG30178	chr2R	+	23986614	23987308
CG30183	chr2R	-	23690246	23697824
CG30184	chr2R	+	23563972	23564780
CG30187	chr2R	-	22916842	22918790
CG30192	chr2R	+	23138588	23139085
CG30195	chr2R	-	22646615	22647245
CG30196	chr2R	-	22654804	22655392
CG30197	chr2R	+	14514029	14514992
CG30203	chr2R	+	12310688	12313834
CG3021	chrX	+	1026790	1028290
CG30222	chr2R	+	21583491	21585368
CG30259	chr2R	-	22701344	22704447
CG30265	chr2R	+	22832455	22834580
CG30268	chr2R	+	22712700	22717247
CG30269	chr2R	+	22667154	22668848
CG30270	chr2R	+	22784303	22784932
CG30271	chr2R	+	22816473	22822111
CG30273	chr2R	+	22667154	22668848
CG30274	chr2R	+	22825092	22828903
CG30275	chr2R	+	22707793	22712724
CG30278	chr2R	-	22217284	22218500
CG30280	chr2R	+	22113588	22114841
CG30281	chr2R	+	22114996	22116189
CG30283	chr2R	-	21539583	21540573
CG30284	chr2R	-	21650819	21651999
CG30285	chr2R	-	21687902	21688545
CG30286	chr2R	-	21535715	21536795
CG30287	chr2R	-	21536893	21538015
CG30288	chr2R	-	21519242	21520393
CG30289	chr2R	-	21520412	21521848
CG30291	chr2R	-	21007754	21009576
CG3032	chrX	-	7012238	7013881
CG30323	chr2R	+	17853294	17854296
CG30324	chr2R	-	16287585	16288233
CG30325	chr2R	-	17877542	17880012
CG30334	chr2R	-	12440632	12441320
CG30338	chr2R	+	9594044	9599505
CG30339	chr2R	-	9601430	9602901
CG30340	chr2R	-	9599908	9601252
CG30344	chr2R	+	9145259	9148512
CG30345	chr2R	+	9148688	9151892
CG30349	chr2R	+	8907517	8910885
CG30350	chr2R	+	8826390	8827755
CG30355	chr2R	-	8679145	8679953
CG30356	chr2R	-	8728963	8729501
CG30357	chr2R	-	8720099	8721624
CG3036	chr2L	+	4892111	4903889
CG30369	chr2R	+	8259285	8259784
CG30371	chr2R	-	8267642	8269334
CG30373	chr2R	-	8163999	8164869
CG30375	chr2R	-	8265692	8267295
CG30376	chr2R	-	8263485	8264426
CG30377	chr2R	+	7890024	7915032
CG30378	chr2R	+	7950338	7951492
CG30379	chr2R	+	7939955	7941870
CG3038	chrX	-	243953	245856
CG30380	chr2R	-	7939200	7939659
CG30382	chr2R	-	7830412	7831771
CG30383	chr2R	-	7823942	7825141
CG30384	chr2R	+	7182996	7185298
CG30385	chr2R	+	7181325	7183020
CG30389	chr2R	-	21148264	21160545
CG30391	chr2R	-	21264804	21266342
CG30392	chr2R	-	21290913	21292181
CG30393	chr2R	-	21266363	21267579
CG30394	chr2R	-	21320039	21323320
CG30395	chr2R	+	21765488	21770196
CG30398	chr2R	+	21717803	21718832
CG3040	chrX	-	6972323	6973393
CG30403	chr2R	-	21709894	21711613
CG30411	chr2R	+	23415938	23417238
CG30412	chr2R	-	23318188	23319348
CG30413	chr2R	-	23329542	23330068
CG30414	chr2R	-	23384199	23385468
CG30416	chr2R	-	23321480	23323399
CG30419	chr2R	-	24212490	24229795
CG30423	chr2R	-	24874975	24875865
CG30424	chr2R	-	24965274	24967298
CG30427	chr2R	-	24928746	24937477
CG30428	chr2R	+	25251926	25254535
CG30429	chr2R	+	25246466	25247584
CG30430	chr2R	+	25129431	25129985
CG30431	chr2R	+	6202724	6205224
CG30432	chr2R	-	6197386	6198266
CG30440	chr2R	-	5468318	5495861
CG30447	chr2R	+	19947195	19948080
CG3045	chr2R	-	22172802	22174691
CG30456	chr2R	+	17100240	17107542
CG30457	chr2R	-	17160121	17160829
CG30458	chr2R	-	17158324	17159038
CG30460	chr2R	-	17065970	17087633
CG30461	chr2R	-	16995990	16998594
CG30466	chr2R	+	15568959	15573170
CG30467	chr2R	+	15538174	15540014
CG30471	chr2R	+	15533519	15537782
CG30472	chr2R	-	15423184	15424139
CG30479	chr2R	-	14674464	14678136
CG30480	chr2R	-	14674605	14678136
CG30484	chr2R	+	13846392	13849832
CG30485	chr2R	+	13849881	13852983
CG30486	chr2R	-	12848033	12848993
CG30487	chr2R	-	12937615	12938343
CG30491	chr2R	+	7655071	7656770
CG30495	chr2R	+	7656894	7659061
CG30496	chr2R	+	7699499	7701878
CG30503	chr2R	-	7443823	7445792
CG3061	chr3R	+	14032370	14035041
CG3062	chrX	-	4641268	4644868
CG3065	chr2R	+	23970304	23972233
CG3071	chrX	+	2262836	2264825
CG3078	chrX	-	2254402	2259863
CG3081	chrX	-	4639258	4643987
CG3085	chr2R	+	23074822	23076857
CG3088	chr3L	-	9600489	9601325
CG3091	chrX	-	2252331	2254197
CG3092	chr2R	+	23232625	23233927
CG3097	chrX	-	5765854	5770780
CG31007	chr3R	-	30991699	30992457
CG31008	chr3R	-	30989477	30990006
CG31010	chr3R	-	30704761	30706121
CG31013	chr3R	-	30643766	30645880
CG31016	chr3R	+	30606188	30610456
CG31019	chr3R	+	30597003	30599296
CG31021	chr3R	+	30602205	30604041
CG31028	chr3R	-	30166630	30171207
CG31029	chr3R	-	30129278	30132395
CG31030	chr3R	-	30164691	30166419
CG31036	chr3R	+	29908106	29912892
CG31038	chr3R	+	29877058	29903231
CG3104	chr2L	-	2848988	2855778
CG31041	chr3R	-	29590069	29590906
CG31050	chr3R	-	28649908	28650480
CG31051	chr3R	-	28519547	28520515
CG31055	chr3R	-	27685631	27688134
CG3106	chrX	-	9659094	9662903
CG31064	chr3R	-	27229504	27239085
CG31068	chr3R	+	27233697	27236360
CG3107	chr2R	+	5090580	5095090
CG31075	chr3R	-	26985623	26988517
CG31076	chr3R	-	26989034	26989852
CG31077	chr3R	+	26999751	27002961
CG3108	chrX	-	5777194	5781620
CG31086	chr3R	+	26185250	26186227
CG31087	chr3R	-	25311026	25313833
CG31088	chr3R	-	15950200	15950943
CG31089	chr3R	+	25902642	25904178
CG31091	chr3R	+	25899902	25902172
CG31093	chr3R	-	25789818	25790471
CG31097	chr3R	-	25296127	25297778
CG31098	chr3R	-	25291369	25292977
CG31099	chr3R	-	25309428	25310943
CG31100	chr3R	-	8995228	9003650
CG31102	chr3R	-	25293457	25295594
CG31103	chr3R	+	25219317	25221444
CG31104	chr3R	+	25285472	25286974
CG31106	chr3R	+	25216296	25218708
CG31109	chr3R	-	25053368	25054653
CG31111	chr3R	-	25055075	25056177
CG31115	chr3R	+	25036943	25037982
CG31121	chr3R	-	24881465	24894605
CG31122	chr3R	-	18406063	18412874
CG31125	chr3R	-	24653370	24654820
CG31126	chr3R	+	24659620	24660265
CG31128	chr3R	+	24469396	24470310
CG31131	chr3R	-	27961991	27963219
CG31139	chr3R	-	22747689	22749056
CG31140	chr3R	+	23963179	23983232
CG31141	chr3R	+	23923299	23924319
CG31142	chr3R	+	23929242	23929988
CG31145	chr3R	-	23605750	23669659
CG31156	chr3R	-	22608669	22613656
CG31157	chr3R	+	13047730	13049294
CG31161	chr3R	+	22616510	22618300
CG3117	chr2L	-	2845925	2847212
CG31174	chr3R	-	21868680	21869514
CG31176	chr3R	-	21672302	21719660
CG31178	chr3R	+	21873738	21874922
CG31183	chr3R	-	15857870	15875939
CG31189	chr3R	-	21044897	21045842
CG3119	chr2L	-	2834886	2837833
CG31191	chr3R	-	20909212	20945530
CG31195	chr3R	-	20757268	20762369
CG31198	chr3R	+	21754323	21757758
CG31199	chr3R	-	20742799	20743869
CG31200	chr3R	-	20744233	20745338
CG31204	chr3R	-	31391893	31393527
CG31205	chr3R	+	20731630	20732707
CG31206	chr3R	-	20106935	20107963
CG31207	chr3R	-	21046031	21047027
CG31211	chr3R	+	11949679	11954038
CG31213	chr3R	+	19972897	19979569
CG31219	chr3R	+	19651017	19652430
CG31220	chr3R	+	19648486	19650586
CG31221	chr3R	+	19412688	19460311
CG31223	chr3R	+	20831126	20832455
CG31224	chr3R	-	18650120	18659309
CG31226	chr3R	-	18851304	18851798
CG31229	chr3R	+	18667851	18669083
CG3123	chr2L	-	2823545	2825506
CG31230	chr3R	+	18671678	18672094
CG31231	chr3R	+	18665360	18667733
CG31233	chr3R	+	21749852	21753237
CG3124	chr2R	-	23282742	23284113
CG31244	chr3R	-	19397429	19398567
CG31245	chr3R	-	19376194	19377225
CG31248	chr3R	+	7129319	7130908
CG31249	chr3R	-	17685688	17687071
CG31251	chr3R	-	17683739	17684915
CG31253	chr3R	-	27959345	27960573
CG31259	chr3R	+	8523943	8526667
CG31262	chr3R	-	17217115	17223074
CG31265	chr3R	+	17128211	17129120
CG31266	chr3R	+	17132661	17133719
CG31267	chr3R	+	17134196	17135283
CG31268	chr3R	+	17031801	17033515
CG31269	chr3R	+	17127125	17128201
CG31272	chr3R	-	10756295	10759398
CG31274	chr3R	+	16993015	16994532
CG31275	chr3R	-	16750740	16751334
CG31278	chr3R	-	10707397	10708340
CG31279	chr3R	+	16430680	16432897
CG31286	chr3R	+	6641231	6643346
CG31287	chr3R	+	16203370	16204961
CG31288	chr3R	-	25297959	25299557
CG31294	chr3R	-	15715504	15716585
CG31296	chr3R	-	15530071	15531473
CG31300	chr3R	+	25283619	25285224
CG31301	chr3R	+	15346204	15348012
CG31313	chr3R	-	14566431	14567429
CG31321	chr3R	+	14310361	14314412
CG31323	chr3R	+	26170846	26187307
CG31324	chr3R	+	26106867	26130674
CG31326	chr3R	-	14218135	14220205
CG31327	chr3R	-	14157559	14160278
CG31337	chr3R	-	13543965	13545400
CG31342	chr3R	+	12986040	12991543
CG31343	chr3R	+	21745265	21749003
CG31344	chr3R	-	15223377	15225329
CG31345	chr3R	-	12811144	12817029
CG31347	chr3R	-	12691732	12692597
CG31357	chr3R	-	24828278	24829959
CG31358	chr3R	-	12027735	12031757
CG31360	chr3R	+	17685096	17685807
CG31365	chr3R	-	23123961	23126422
CG31368	chr3R	+	11882789	11892382
CG31370	chr3R	+	25302463	25303986
CG31371	chr3R	-	30501123	30503506
CG31373	chr3R	-	10708486	10709364
CG31380	chr3R	-	25787996	25789455
CG31381	chr3R	+	24877044	24878827
CG31388	chr3R	+	11237814	11240114
CG31391	chr3R	-	10703371	10705075
CG31404	chr3R	-	19375042	19376023
CG31406	chr3R	+	10348760	10350010
CG31407	chr3R	-	10022844	10025150
CG31415	chr3R	+	9743516	9744662
CG31418	chr3R	+	17283794	17284511
CG31419	chr3R	+	17284647	17285421
CG31431	chr3R	+	21870680	21873640
CG31436	chr3R	+	25304136	25305651
CG31437	chr3R	+	25383699	25384623
CG31441	chr3R	+	11236285	11237624
CG31445	chr3R	-	29240579	29244827
CG31446	chr3R	+	15693085	15694194
CG31454	chr3R	+	8521657	8523520
CG31457	chr3R	-	23126580	23127981
CG31459	chr3R	+	19840844	19842040
CG31460	chr3R	+	8562672	8563445
CG31463	chr3R	+	8292334	8293609
CG31464	chr3R	+	8291239	8292034
CG31465	chr3R	+	21880809	21883990
CG31467	chr3R	-	10705169	10706863
CG31468	chr3R	-	23699327	23700354
CG31469	chr3R	-	13709158	13709939
CG31473	chr3R	+	7811813	7813009
CG31475	chr3R	+	19180658	19201096
CG31482	chr3R	+	6601241	6602201
CG3149	chrX	-	5692944	5695205
CG31493	chr3R	+	7131559	7132695
CG31495	chr3R	-	13838239	13839934
CG31496	chr3R	+	7345068	7346354
CG31510	chr3R	-	25117217	25122920
CG31515	chr3R	-	23388372	23388898
CG31516	chr3R	-	4218462	4220130
CG31517	chr3R	+	13948419	13949742
CG31522	chr3R	-	4441414	4462883
CG31523	chr3R	-	4465420	4479207
CG31524	chr3R	-	30512324	30514355
CG31525	chr3R	+	4427029	4428200
CG31528	chr3R	+	4416437	4417665
CG31533	chr3R	-	14154727	14157431
CG31538	chr3R	-	5275677	5277835
CG31542	chr3R	+	5369539	5371744
CG31546	chr3R	-	5634625	5635624
CG31548	chr3R	-	5635900	5636852
CG31549	chr3R	+	5632191	5633321
CG31550	chr3R	+	5485542	5489489
CG31551	chr3R	+	5627851	5632033
CG31559	chr3R	-	6150115	6157235
CG3156	chrX	+	487877	490725
CG31560	chr3R	+	6309975	6310998
CG31600	chr2L	-	21914268	21915358
CG31601	chr2L	-	22040726	22043877
CG31606	chr2L	+	8147610	8148356
CG31609	chr2L	+	9097562	9098175
CG31612	chr2L	-	21762313	21795447
CG31624	chr2L	-	21199044	21200375
CG31626	chr2L	-	21232494	21236733
CG31627	chr2L	+	21173221	21174179
CG3163	chr2R	+	24029316	24030555
CG31633	chr2L	-	6654759	6656321
CG31635	chr2L	-	6632797	6649114
CG31636	chr2L	-	6656458	6658152
CG31637	chr2L	+	6498646	6526996
CG31638	chr2L	+	6491060	6496988
CG31639	chr2L	-	6153839	6155141
CG3164	chr2L	-	122623	130791
CG31642	chr2L	+	6118511	6120522
CG31643	chr2L	+	6038116	6041283
CG31644	chr2L	-	5817889	5818443
CG31648	chr2L	+	5526956	5527854
CG3165	chr2L	+	2977121	2978500
CG31650	chr2L	-	5040647	5044712
CG31659	chr2L	-	1358924	1359790
CG31661	chr2L	+	1497242	1498583
CG31663	chr2L	-	1858608	1881480
CG31664	chr2L	-	1824171	1826500
CG31668	chr2L	-	2203720	2206166
CG31673	chr2L	+	20829608	20831161
CG31674	chr2L	+	20831261	20832859
CG31675	chr2L	+	20867754	20869650
CG31676	chr2L	+	20840749	20849182
CG31677	chr2L	-	20603534	20604196
CG31678	chr2L	-	20659131	20675941
CG3168	chrX	-	6720003	6739986
CG31680	chr2L	+	20640120	20640718
CG31681	chr2L	-	2285924	2286873
CG31683	chr2L	-	20447733	20449964
CG31687	chr2L	+	20450224	20456978
CG31688	chr2L	+	20426198	20447905
CG31689	chr2L	+	2725673	2739830
CG31690	chr2L	+	2677733	2719431
CG31693	chr2L	+	22015189	22017334
CG31694	chr2L	-	2868626	2874489
CG31697	chr2L	+	19535447	19536104
CG31698	chr2L	-	3173204	3173840
CG31704	chr2L	+	11840690	11841204
CG31705	chr2L	-	11523020	11528205
CG31706	chr2L	-	11529037	11531052
CG31709	chr2L	-	9578119	9579638
CG31710	chr2L	-	9702441	9705954
CG31712	chr2L	-	9934766	9938134
CG31715	chr2L	+	10341615	10342523
CG31717	chr2L	+	10250736	10251714
CG31729	chr2L	+	13289996	13301668
CG31730	chr2L	-	13259063	13259743
CG31735	chr2L	+	15895453	15897071
CG31740	chr2L	+	18008952	18009694
CG31741	chr2L	+	18084255	18086714
CG31743	chr2L	+	16879516	16886319
CG31750	chr2L	+	17181937	17183654
CG31751	chr2L	+	18677220	18683715
CG31752	chr2L	-	18839627	18841310
CG31759	chr2L	+	12207708	12210110
CG3176	chrX	+	481861	482768
CG31760	chr2L	+	12142779	12170508
CG31769	chr2L	-	14109596	14110739
CG31773	chr2L	-	3911795	3914288
CG31775	chr2L	-	14737089	14737769
CG31776	chr2L	+	3470181	3472364
CG31777	chr2L	-	3706550	3707063
CG31778	chr2L	-	3704105	3705488
CG31780	chr2L	+	15696037	15697750
CG31784	chr2L	-	17123306	17125961
CG31785	chr2L	-	18124097	18125749
CG31787	chr2L	-	18284844	18285720
CG31788	chr2L	-	18257493	18257978
CG31789	chr2L	+	18605927	18606684
CG31792	chr2L	+	18997447	19002713
CG31793	chr2L	+	19003366	19008234
CG31797	chr2L	-	19259431	19262240
CG31798	chr2L	+	19394159	19396190
CG31800	chr2L	-	19033656	19034576
CG31802	chr2L	-	18208414	18209237
CG31804	chr2L	+	17363495	17364351
CG31805	chr2L	-	16898174	16900473
CG31806	chr2L	+	16984977	16985634
CG31807	chr2L	-	16681818	16684008
CG31808	chr2L	-	16704285	16716195
CG31809	chr2L	-	16853619	16858714
CG31810	chr2L	-	16849017	16852368
CG31815	chr2L	+	16605821	16607321
CG31816	chr2L	+	16542545	16543263
CG31817	chr2L	-	16330559	16337885
CG31819	chr2L	+	16211458	16213304
CG31820	chr2L	-	16005788	16006279
CG31821	chr2L	-	15900934	15902410
CG31823	chr2L	-	15898878	15900524
CG31826	chr2L	-	15771262	15773113
CG31827	chr2L	+	15705170	15706220
CG31832	chr2L	-	15030927	15031750
CG31835	chr2L	+	14735842	14737067
CG3184	chrX	-	6687595	6688774
CG31848	chr2L	-	13264995	13265876
CG31849	chr2L	-	13180397	13182596
CG31855	chr2L	+	13369203	13370329
CG31861	chr2L	+	12161766	12162605
CG31862	chr2L	+	12338847	12339477
CG31867	chr2L	-	11144578	11145417
CG31869	chr2L	-	10772037	10801109
CG31870	chr2L	+	10790221	10791450
CG31871	chr2L	+	10662080	10671487
CG31872	chr2L	+	10639930	10643539
CG31875	chr2L	-	9995560	10002736
CG31882	chr2L	-	9624451	9625285
CG31883	chr2L	+	9528514	9529648
CG31886	chr2L	-	8953480	8959051
CG31897	chr2L	+	8442446	8445815
CG31898	chr2L	+	8400420	8401592
CG31904	chr2L	-	7734414	7738809
CG31908	chr2L	-	7024828	7027389
CG31909	chr2L	+	7257511	7258198
CG3191	chrX	-	2250144	2251993
CG31910	chr2L	-	6744662	6745622
CG31913	chr2L	+	5784030	5784893
CG31915	chr2L	+	5528122	5530682
CG31917	chr2L	-	5009930	5010834
CG31921	chr2L	-	329909	332335
CG31922	chr2L	+	1170180	1170789
CG31924	chr2L	-	1354100	1354919
CG31926	chr2L	+	1495459	1497071
CG31928	chr2L	+	1492294	1493859
CG31933	chr2L	-	1821255	1823331
CG31935	chr2L	-	1594821	1611157
CG31937	chr2L	+	1729886	1731070
CG31948	chr2L	-	2415358	2416720
CG31949	chr2L	+	2300102	2300888
CG31952	chr2L	+	3416692	3418068
CG31954	chr2L	-	3509057	3510102
CG31955	chr2L	-	3711880	3713105
CG31957	chr2L	-	3871270	3872458
CG31960	chr2L	+	3784946	3785622
CG31974	chr2L	-	141076	143091
CG31975	chr2L	-	138383	140992
CG3198	chrX	-	6668538	6673973
CG31988	chr2L	-	21201492	21202802
CG3199	chr3R	+	14162708	14163625
CG31997	chr4	-	154653	156060
CG31998	chr4	-	196674	205945
CG31999	chr4	-	215008	227748
CG32006	chr4	+	150763	153538
CG32017	chr4	-	1137829	1162158
CG32022	chr3L	-	8720279	8721272
CG32023	chr3L	-	8803601	8804182
CG32024	chr3L	+	8807600	8808407
CG32026	chr3L	+	8836461	8838843
CG32032	chr3L	+	9093052	9094856
CG32036	chr3L	-	9488049	9489233
CG32037	chr3L	-	9489501	9492215
CG32039	chr3L	+	9358998	9359996
CG32040	chr3L	+	9354032	9355457
CG32052	chr3L	+	9787045	9808713
CG32053	chr3L	-	10090169	10092346
CG32054	chr3L	-	10092767	10094738
CG32055	chr3L	-	10218503	10220164
CG32061	chr3L	+	10463815	10464635
CG32066	chr3L	-	10640285	10661013
CG32069	chr3L	-	11062130	11062614
CG32071	chr3L	-	11103420	11103873
CG32073	chr3L	-	11107007	11107582
CG32074	chr3L	-	11131882	11132322
CG32075	chr3L	-	11062725	11064941
CG32079	chr3L	+	11025560	11027332
CG32081	chr3L	+	11027578	11029444
CG32085	chr3L	-	11650516	11680344
CG32086	chr3L	-	11582400	11584064
CG32087	chr3L	+	11732140	11733610
CG32091	chr3L	+	11631391	11642902
CG32095	chr3L	-	11824206	11825732
CG32099	chr3L	+	12149272	12150329
CG32100	chr3L	+	12267527	12269803
CG32102	chr3L	-	12469071	12469784
CG32104	chr3L	-	12393803	12399322
CG32106	chr3L	-	12773950	12778716
CG32107	chr3L	-	12857281	12861305
CG32109	chr3L	+	12745343	12746770
CG32110	chr3L	+	12808720	12810096
CG32112	chr3L	+	12741717	12745154
CG32115	chr3L	-	12912026	12913646
CG32117	chr3L	-	12902924	12903711
CG32119	chr3L	-	13246863	13248702
CG32121	chr3L	-	13416575	13422336
CG3213	chr2L	-	3517272	3519651
CG32137	chr3L	+	13939249	13962647
CG32147	chr3L	-	15143062	15144059
CG32148	chr3L	+	15023491	15024009
CG32152	chr3L	-	16139500	16144036
CG3216	chr2R	-	20986832	20991171
CG32161	chr3L	+	16846226	16847000
CG32163	chr3L	+	16587156	16588143
CG32170	chr3L	+	16877308	16879372
CG32176	chr3L	+	17433867	17437971
CG32181	chr3L	+	17759696	17762904
CG32182	chr3L	+	17758111	17759553
CG32187	chr3L	-	17804915	17806365
CG32188	chr3L	-	17833276	17833625
CG32189	chr3L	-	17834744	17835174
CG32191	chr3L	-	17806450	17809146
CG32192	chr3L	+	18040316	18041738
CG32195	chr3L	+	18112958	18119150
CG32196	chr3L	-	18459463	18461024
CG32198	chr3L	+	18526975	18527445
CG32199	chr3L	+	18611899	18614004
CG32201	chr3L	+	18609619	18611862
CG32202	chr3L	+	18682183	18682860
CG32204	chr3L	-	18922418	18946038
CG32206	chr3L	-	19340320	19412912
CG32212	chr3L	+	19487559	19488348
CG32213	chr3L	+	19475838	19476423
CG32214	chr3L	+	19467345	19468160
CG32219	chr3L	-	19950022	19951135
CG3222	chr3L	+	9598987	9600341
CG32221	chr3L	+	19834669	19836413
CG32225	chr3L	-	20304309	20306283
CG32228	chr3L	+	20265813	20268800
CG3223	chr3R	+	8009399	8011018
CG32232	chr3L	-	4993949	4996877
CG32235	chr3L	-	4859809	4860470
CG32236	chr3L	-	4665926	4667389
CG32237	chr3L	-	4849437	4852461
CG3224	chrX	-	6660551	6661462
CG32240	chr3L	-	4380863	4381629
CG32241	chr3L	-	4465104	4466630
CG32243	chr3L	-	4539301	4541244
CG32246	chr3L	+	4621218	4622985
CG32248	chr3L	+	4471748	4472438
CG32249	chr3L	+	4470000	4471012
CG3225	chr2L	-	4815612	4818245
CG32259	chr3L	+	4069368	4070281
CG3226	chrX	-	6653112	6654248
CG32260	chr3L	+	4142363	4145966
CG32262	chr3L	-	3809145	3810196
CG32263	chr3L	-	3810311	3811114
CG32264	chr3L	-	3714825	3806459
CG32266	chr3L	+	3790803	3791560
CG32267	chr3L	-	3471554	3472113
CG32269	chr3L	-	3206948	3208985
CG32270	chr3L	-	3206948	3208985
CG32271	chr3L	-	3202237	3203162
CG32276	chr3L	-	3197862	3199047
CG32277	chr3L	-	3204599	3205449
CG32278	chr3L	+	3169285	3171767
CG32280	chr3L	+	3165180	3169080
CG32281	chr3L	+	3169374	3170913
CG32284	chr3L	+	3186663	3187245
CG32295	chr3L	-	2525798	2526973
CG32298	chr3L	-	2389582	2390989
CG32299	chr3L	-	2389582	2390989
CG32301	chr3L	+	2244477	2248614
CG32302	chr3L	+	2268824	2269903
CG32305	chr3L	+	2248634	2252729
CG32313	chr3L	-	1544827	1545743
CG32318	chr3L	-	1246072	1246923
CG32320	chr3L	+	1398585	1401612
CG32333	chr3L	+	1275955	1295699
CG32335	chr3L	-	1201870	1203036
CG32344	chr3L	-	321232	324720
CG32354	chr3L	-	8415856	8422205
CG32365	chr3L	+	7869041	7894814
CG32368	chr3L	+	7915436	7915846
CG32369	chr3L	-	7777104	7809825
CG32371	chr3L	-	7767268	7768352
CG32373	chr3L	+	7650547	7759123
CG32374	chr3L	-	7540268	7541168
CG32376	chr3L	-	7541581	7542457
CG32379	chr3L	+	7396354	7398208
CG32388	chr3L	-	6983472	6984586
CG32391	chr3L	-	7068210	7069199
CG32395	chr3L	-	6666637	6667816
CG32396	chr3L	+	6530728	6532429
CG32407	chr3L	+	5922054	5923567
CG32409	chr3L	+	5899527	5900936
CG32413	chr3L	-	5902886	5904055
CG32425	chr3L	+	20497322	20514107
CG32428	chr3L	-	20469673	20473723
CG32432	chr3L	-	20844331	20885188
CG32436	chr3L	+	21344032	21355049
CG32437	chr3L	+	21357682	21359867
CG32440	chr3L	+	21360178	21361229
CG32444	chr3L	+	21636946	21639060
CG32445	chr3L	+	21639358	21640710
CG32447	chr3L	-	21690611	21706365
CG32448	chr3L	-	21827773	21828480
CG32450	chr3L	+	22329777	22330657
CG32452	chr3L	+	22717727	22719943
CG32453	chr3L	+	22697229	22697970
CG32454	chr3L	+	22729765	22731600
CG32457	chr3L	+	22987641	22988262
CG32459	chr3L	-	22854582	22856059
CG3246	chr2L	-	3460321	3461952
CG32461	chr3L	-	22954420	22955302
CG32462	chr3L	-	22852269	22853512
CG32473	chr3R	+	13302647	13312785
CG32483	chr3L	-	688522	690081
CG32485	chr3L	+	3050322	3051765
CG32486	chr3L	-	3055907	3070839
CG32487	chr3L	-	3016149	3017256
CG32488	chr3L	-	3014760	3016069
CG32500	chrX	-	21621540	21623750
CG32507	chrX	-	20780149	20781220
CG3251	chr2L	-	4688964	4690702
CG32512	chrX	-	21062276	21067540
CG32521	chrX	-	21205309	21281171
CG32523	chrX	+	21217877	21218835
CG3253	chr2R	+	24114397	24116359
CG32532	chrX	-	19531850	19547482
CG32533	chrX	-	19474155	19479411
CG32536	chrX	-	19275003	19276898
CG32537	chrX	-	19273348	19276539
CG32544	chrX	+	18860283	18861964
CG32547	chrX	-	18443026	18479487
CG32548	chrX	-	18435718	18440581
CG32549	chrX	-	18390497	18410144
CG32551	chrX	+	18438867	18439260
CG32554	chrX	-	17851868	17852685
CG32563	chrX	+	17208435	17209063
CG32564	chrX	+	17206406	17207854
CG32568	chrX	+	16740905	16742918
CG3257	chr2R	+	24116791	24123263
CG32572	chrX	+	16721182	16726948
CG32573	chrX	+	16651375	16653275
CG32576	chrX	-	16285952	16288533
CG32579	chrX	+	16323285	16325768
CG32581	chrX	-	15796907	15799162
CG32588	chrX	-	15205806	15206636
CG32590	chrX	-	14838351	14839106
CG32591	chrX	-	14927201	14928944
CG32599	chrX	+	14243685	14246514
CG32603	chrX	+	14184560	14185807
CG3262	chr2L	+	22239915	22246988
CG32625	chrX	-	13756163	13756826
CG32631	chrX	+	13556471	13557866
CG32633	chrX	+	13561670	13563359
CG32638	chrX	-	13122875	13128794
CG32639	chrX	-	13235924	13236566
CG32640	chrX	+	13178004	13178523
CG32641	chrX	+	13184477	13184996
CG32642	chrX	+	12959219	12960790
CG32643	chrX	+	12984523	12985071
CG32645	chrX	+	13139198	13153462
CG32647	chrX	-	12771843	12784958
CG32650	chrX	-	12897502	12898669
CG32651	chrX	-	12404615	12408477
CG32655	chrX	-	12234561	12235877
CG32668	chrX	-	11156675	11159760
CG32669	chrX	-	10842696	10845081
CG32679	chrX	-	10366401	10367472
CG32681	chrX	-	10376650	10381352
CG32683	chrX	-	10410390	10454895
CG32686	chrX	-	10371716	10375316
CG32687	chrX	-	10482027	10487205
CG32694	chrX	+	9989689	10006882
CG32695	chrX	-	9872381	9874057
CG3270	chr2R	+	6693429	6695187
CG32700	chrX	-	9502825	9550838
CG32706	chrX	+	9087128	9088073
CG32708	chrX	+	9085931	9086864
CG32712	chrX	-	8433086	8433809
CG32713	chrX	-	8456836	8457632
CG32718	chrX	+	7778204	7779370
CG32719	chrX	-	7508650	7547992
CG32720	chrX	-	7535624	7536959
CG32726	chrX	-	7425219	7425743
CG32727	chrX	+	7407207	7407854
CG32736	chrX	+	7011356	7012137
CG32750	chrX	-	6194736	6196439
CG32751	chrX	-	6196579	6198654
CG32755	chrX	+	5950250	5951711
CG32756	chrX	+	5945681	5948353
CG32762	chrX	-	5500207	5501229
CG32767	chrX	-	5071026	5084768
CG3277	chr2L	+	3304099	3317418
CG32772	chrX	+	4909101	4915161
CG32793	chrX	+	2929795	2932626
CG32795	chrX	-	2782905	2790567
CG32797	chrX	-	2424924	2425855
CG32801	chrX	-	1902081	1903177
CG32803	chrX	-	1900698	1901911
CG32806	chrX	+	1789565	1790418
CG32808	chrX	-	1468692	1469817
CG32809	chrX	-	1673109	1692768
CG3281	chr3R	-	11960882	11962805
CG32811	chrX	-	1297983	1298387
CG32812	chrX	+	1287289	1288945
CG32813	chrX	+	1380913	1392843
CG32814	chrX	-	1019794	1026700
CG32815	chrX	+	932465	939424
CG32816	chrX	-	316575	470726
CG32817	chrX	+	479065	480166
CG32819	chrX	-	21617888	21621104
CG32820	chrX	-	21611796	21615239
CG32829	chr2L	-	6915580	6916445
CG32832	chr2L	-	16878325	16879290
CG32833	chr2R	-	22984272	22985334
CG32834	chr2R	-	22982541	22984293
CG32845	chr3L	-	271419	273391
CG32846	chr3L	-	2950173	2951618
CG32847	chr3L	+	15121571	15122301
CG3285	chr2L	+	3330927	3332876
CG32850	chr4	+	314922	331387
CG32855	chr3R	-	16078979	16080992
CG32856	chr3R	-	15964677	15965351
CG32857	chrX	-	21615448	21617617
CG3288	chr3L	+	20836181	20837153
CG32939	chr3R	+	9693078	9694461
CG3294	chr2L	+	4794548	4796581
CG32944	chr3R	-	4407226	4419578
CG32945	chr3R	-	4577938	4578644
CG3295	chr2R	-	21015593	21017446
CG32971	chr2L	+	14274820	14278002
CG32982	chr2L	+	9125736	9163721
CG32983	chr2L	+	8865849	8866670
CG32984	chr2L	+	8964956	8967035
CG32985	chr2L	+	8962532	8964620
CG32986	chr2L	+	8862775	8863743
CG32987	chr2L	+	8863810	8864847
CG32988	chr2L	+	8864863	8865692
CG33003	chr2L	+	4400952	4403142
CG3301	chr3R	-	21274242	21276249
CG33012	chr2R	+	12367352	12370886
CG33017	chr2R	+	16272113	16277655
CG33051	chr3L	-	17426285	17427130
CG33054	chr3L	-	21197410	21202882
CG33056	chr3L	-	21198260	21203232
CG33057	chr3L	-	8402167	8405277
CG3306	chr3L	+	9601522	9602548
CG33060	chr3L	+	16331039	16331767
CG33061	chr3L	+	16329794	16331227
CG33062	chr3L	-	19441718	19446444
CG3308	chr3R	-	21271077	21273817
CG33080	chrX	-	5708558	5717778
CG3309	chrX	-	5326674	5329347
CG33090	chr2L	+	14334157	14345795
CG33093	chr3R	-	22530693	22531922
CG33095	chr3R	+	25097671	25102146
CG33096	chr3R	+	25097671	25102146
CG33098	chr3R	+	12387187	12388794
CG33099	chr3R	-	22528919	22530572
CG33107	chr3R	-	22583351	22584718
CG33108	chr3R	+	23995658	23997544
CG33109	chr3R	-	14220559	14221584
CG33110	chr3R	+	22570187	22580392
CG33111	chr3R	-	23801713	23819237
CG33116	chr2L	+	19533478	19537363
CG33120	chr2L	-	18841399	18844579
CG33124	chr2L	-	2206524	2209102
CG33125	chr2L	-	2648359	2652414
CG33127	chr2L	+	322100	323091
CG33128	chr2L	+	1494069	1495456
CG33129	chr2L	-	10964904	10970275
CG33136	chr2R	-	18664448	18665792
CG33137	chr2R	+	13175394	13176075
CG33140	chr2R	+	7178389	7180730
CG33143	chr2R	+	22614327	22634084
CG33144	chr2R	-	10740053	10798709
CG33155	chr2R	+	13954194	13955664
CG33156	chr2R	-	13548243	13553240
CG33158	chr3L	+	16419596	16496560
CG33159	chr3L	-	3203674	3204448
CG33160	chr3L	-	3205538	3206363
CG33169	chr3L	+	22863863	22864496
CG33170	chr3L	+	22864599	22867535
CG33172	chrX	+	15769663	15772985
CG33177	chrX	+	15081366	15082369
CG33178	chrX	+	15082826	15084017
CG33181	chrX	+	8489347	8517029
CG33189	chr3R	-	8780112	8780789
CG33191	chr3R	-	8778378	8779923
CG33199	chr2R	-	8947680	8951086
CG33203	chr3R	-	28870605	28887709
CG33213	chr3R	-	27918181	27919460
CG33217	chr3L	+	23126024	23132209
CG33223	chrX	-	8465689	8483885
CG33225	chr2R	+	21590274	21591584
CG33226	chr2R	-	21538249	21539293
CG33228	chr2R	-	24668410	24669330
CG33229	chr3L	+	223851	225605
CG3323	chrX	-	5302987	5305691
CG33230	chr3L	+	1618413	1620397
CG33233	chr3L	+	2659638	2661501
CG33234	chr3L	+	2661621	2663622
CG33235	chrX	-	11486545	11491573
CG33252	chrX	-	16896214	16897187
CG33253	chrX	+	19183420	19187278
CG33257	chr3L	+	16346322	16347620
CG33258	chr3L	+	16082550	16083638
CG33259	chr3L	+	15407831	15408267
CG33262	chr3L	+	13136268	13137066
CG33263	chr3L	-	13423319	13424168
CG33267	chr3L	+	11564482	11572796
CG33268	chr3L	-	11590871	11591231
CG33269	chr3L	-	11581414	11582197
CG33270	chr3L	-	11578235	11578623
CG33271	chr3L	-	11577005	11577495
CG33272	chr3L	-	11510322	11510589
CG33278	chr3L	+	7450852	7452159
CG3328	chr2R	+	24162488	24173660
CG33281	chr2L	+	3324236	3326637
CG33282	chr2L	+	3327902	3329792
CG33284	chr3L	+	21123752	21124884
CG33285	chr3L	-	21088222	21088989
CG33286	chr3L	-	20970811	20974700
CG33287	chr3L	-	20966765	20970663
CG33288	chr3L	+	21427789	21433066
CG33290	chr3L	+	21542358	21543012
CG33293	chr3R	-	5240013	5240735
CG33296	chr2L	-	7713997	7716645
CG33298	chr2L	+	9495473	9520696
CG33299	chr2L	+	9656599	9657424
CG3330	chr3R	-	27329692	27330882
CG33301	chr2L	+	10049579	10051201
CG33303	chr2L	-	10373368	10375757
CG33306	chr2L	-	13842887	13843742
CG33307	chr2L	-	13839261	13841520
CG33308	chr2L	+	14802333	14803293
CG33309	chr2L	+	14810760	14812599
CG33310	chr2L	+	15026881	15029513
CG33322	chr2L	-	20814336	20816240
CG33325	chr3R	-	8678953	8680034
CG33331	chr3R	+	14886455	14887739
CG33332	chr3R	+	14886455	14889146
CG33333	chr3R	+	17417466	17418042
CG33337	chr3R	-	23590140	23592769
CG33339	chr3R	+	24361846	24363142
CG33340	chr3R	+	24363137	24364289
CG33341	chr3R	+	24368357	24369419
CG33342	chr3R	+	24376864	24377705
CG33346	chr3R	+	28669232	28670452
CG3335	chr3L	+	9624236	9627321
CG3337	chr3R	-	21220703	21223584
CG3339	chr3R	-	27294285	27322325
CG3342	chrX	-	6526105	6527888
CG3345	chr2L	+	269087	271626
CG33453	chr2R	-	19252500	19253228
CG33454	chr2R	-	19251026	19251666
CG33458	chr2R	+	16486673	16487801
CG33459	chr2R	+	16488052	16489182
CG33460	chr2R	+	15694091	15695232
CG33461	chr2R	+	15695385	15696478
CG33462	chr2R	+	15696793	15698010
CG33463	chr2R	-	15895828	15896563
CG33465	chr2R	-	15819113	15821114
CG33467	chr2R	-	15055502	15056241
CG33468	chr2R	-	14606306	14606980
CG33469	chr2R	-	14605651	14606302
CG3347	chr2L	+	3269436	3271806
CG33470	chr2R	+	13411738	13413085
CG33474	chr2R	+	10421705	10422989
CG33475	chr2R	-	10410769	10411213
CG33476	chr2R	-	10409984	10410570
CG33477	chr2R	-	10409154	10409751
CG3348	chr3R	-	27291534	27292209
CG33483	chr3R	-	30900717	30902161
CG33489	chr3L	-	11574763	11577044
CG3349	chr3L	+	14979619	14982432
CG33490	chr3L	-	11572796	11574663
CG33493	chr3L	-	10692529	10693167
CG33494	chr3R	-	25493480	25495161
CG33500	chr3L	+	11508636	11508903
CG33502	chrX	-	21609356	21611526
CG33506	chr2R	-	14857446	14858640
CG33509	chr2L	-	21084604	21086506
CG33510	chr2L	-	21082642	21084326
CG33511	chr2L	-	21081126	21082494
CG33514	chr3L	+	4365433	4366671
CG33521	chr4	+	1185767	1192985
CG33523	chr3L	+	5923861	5930120
CG33543	chr2L	-	1997101	2006313
CG3355	chr2L	+	4651402	4652892
CG33552	chr2L	+	16682502	16683290
CG33557	chrX	+	10009209	10010049
CG3356	chr2R	+	24197823	24202187
CG3358	chr2R	+	6923365	6924929
CG33626	chr2R	+	12410078	12410696
CG33627	chr2R	+	12411010	12411678
CG33630	chr3R	+	10062623	10063327
CG33631	chr3R	+	10064006	10064645
CG33632	chr2R	+	12522022	12522731
CG33635	chr2L	-	157835	158664
CG33639	chrX	-	18210811	18226076
CG33640	chr2L	+	13527840	13528537
CG33641	chr2L	+	13529041	13529821
CG33642	chr2L	+	13529974	13530736
CG33643	chr2L	+	13531073	13531662
CG33644	chr2L	+	13532084	13532636
CG33645	chr2L	+	13532823	13533454
CG33647	chr3L	+	19236359	19237057
CG33648	chr2L	+	14524311	14525656
CG33654	chr3R	-	9582514	9583222
CG33655	chr2R	-	21317792	21320017
CG33658	chr3R	-	24840508	24841163
CG33664	chrX	+	6384219	6384899
CG33665	chrX	-	6478137	6478849
CG33666	chrX	-	6476242	6476967
CG33667	chrX	-	6471672	6472378
CG33668	chrX	-	6418759	6419434
CG33669	chrX	-	6399454	6400100
CG33671	chr2R	-	12634165	12636141
CG33672	chr2R	-	12634165	12636141
CG33673	chr2L	-	1945814	1946728
CG33679	chr2L	+	15058302	15059120
CG3368	chr3R	+	27283779	27287448
CG33680	chr2R	-	25249006	25250316
CG33687	chr3L	+	16197867	16198852
CG33688	chr3L	+	16199219	16199926
CG33689	chr3L	+	16200228	16200926
CG33690	chr3L	+	16201327	16202032
CG33695	chr2L	+	11278020	11279982
CG33700	chr3L	-	9514118	9525544
CG33702	chr3L	-	9512796	9513409
CG33703	chr3L	-	9512007	9512660
CG33704	chr2R	+	20950101	20951094
CG33710	chr3L	-	19951953	19952790
CG33721	chr3R	+	22331068	22331801
CG33722	chr3R	+	8244054	8248054
CG33723	chr2L	-	9440010	9440740
CG33725	chr3L	+	12482608	12486446
CG33752	chr2R	+	12545688	12546301
CG33757	chr2R	-	9454296	9454948
CG33758	chr2R	-	9453408	9454055
CG3376	chr2R	+	24258012	24265213
CG33764	chr3L	-	4266788	4267503
CG33766	chr3L	+	22645626	22646236
CG33767	chr3L	+	22646306	22646959
CG33768	chr3L	+	22647162	22647748
CG33769	chr3L	+	22647926	22648519
CG33770	chr3L	+	22648671	22649287
CG33771	chr3L	+	22649395	22649988
CG33772	chr3L	-	22651854	22652525
CG33773	chr3R	+	31035345	31036124
CG33774	chr2R	-	9399752	9400329
CG33775	chr2R	-	12564223	12564901
CG33777	chr3L	-	4554536	4555236
CG33783	chr3R	+	10066769	10067567
CG33784	chr3R	+	10067904	10068572
CG33785	chr2R	-	20642465	20643785
CG33786	chr2R	-	20642465	20643785
CG33791	chr3L	+	1602953	1617355
CG33792	chr2R	+	12632673	12633454
CG33795	chr3L	-	16170728	16171380
CG33796	chr3L	-	16169454	16170106
CG33798	chr2R	+	12993896	12994622
CG3386	chr3L	-	680435	682470
CG33912	chr3L	-	20754975	20755685
CG33914	chr2R	-	7036767	7039050
CG33919	chr2R	-	6623831	6624577
CG33920	chr3R	-	31044390	31045105
CG33922	chr2L	-	1343442	1344171
CG33923	chr2L	-	1341364	1342095
CG33926	chr3L	+	9443231	9446388
CG33927	chr3R	-	4689950	4690608
CG33928	chr2L	-	17435890	17436600
CG33932	chrX	+	19744430	19745898
CG33934	chr3R	+	20042756	20048716
CG33939	chrX	-	19171076	19174900
CG33941	chr4	+	467496	471476
CG33946	chr3L	+	6220577	6220949
CG33947	chr3L	+	11096495	11098556
CG33958	chr2R	-	18184381	18192851
CG33964	chr2R	+	12182638	12185506
CG33965	chr3L	+	1232881	1234015
CG33966	chr3L	+	1234129	1235420
CG33969	chr3L	-	20391684	20393553
CG3397	chr3R	-	11983097	11984541
CG33970	chr3R	+	26318354	26362588
CG33977	chr3R	-	13402558	13403051
CG33978	chr4	-	157574	175639
CG33981	chr2R	-	17773963	17781930
CG33985	chr3L	-	15525890	15526812
CG33986	chr3L	-	15524324	15525253
CG33993	chr3L	-	5933035	5950658
CG33995	chr2L	+	5043269	5048365
CG33998	chr2R	+	18738491	18739143
CG34001	chr3L	+	10631078	10634612
CG34002	chr3L	+	17858473	17860482
CG34005	chr2R	+	18048107	18048909
CG34007	chr2L	+	20495029	20495758
CG34008	chr3R	-	20580682	20581522
CG34011	chr2L	+	5716700	5718067
CG34012	chr3L	-	11108819	11109505
CG34015	chrX	-	16447567	16448302
CG3402	chr3L	-	651541	652881
CG34021	chr2R	+	12336889	12337718
CG34025	chr3L	-	2959721	2961049
CG34026	chrX	+	9533817	9534625
CG34027	chr3R	-	25103669	25109032
CG34028	chrX	+	9511523	9512162
CG34029	chr2R	-	21970766	21971285
CG34030	chr3L	-	7073475	7075247
CG34031	chr3L	+	23174445	23185750
CG34033	chr2R	+	9820562	9821186
CG34034	chr3R	-	21738344	21739110
CG34038	chr2R	+	25167658	25169855
CG34039	chr3L	+	14559999	14562613
CG34040	chr2R	-	21832500	21833551
CG34041	chr3R	+	30508022	30510146
CG34043	chr2L	-	10278950	10280872
CG34045	chr2R	+	19330888	19335188
CG34049	chr2L	-	2264230	2265321
CG34051	chr2L	-	19960068	19961030
CG34054	chr2R	-	11409809	11410438
CG34056	chr3L	+	895950	897364
CG34057	chr3L	+	897379	898772
CG3407	chr2L	-	3810800	3813410
CG3408	chr3L	-	9506817	9509583
CG34105	chr2R	-	23749317	23749891
CG34106	chr2L	+	17131023	17173118
CG34107	chr3R	+	10224908	10225587
CG34109	chr2L	+	10094087	10125736
CG34112	chr3R	-	4391710	4394259
CG34115	chr2R	+	20975487	20976934
CG34116	chr3L	-	19805240	19806036
CG34117	chr3R	-	9399569	9400053
CG34120	chrX	+	21123633	21140951
CG34124	chr2L	+	4958410	4965430
CG34125	chr2L	+	4965672	4966399
CG34126	chr2L	+	4981613	4992702
CG34129	chr3R	-	26190233	26191205
CG34130	chr3R	-	26189003	26189977
CG34132	chr2L	+	7885502	7886109
CG34133	chr3R	+	29869364	29875159
CG34134	chr2L	-	8190296	8190781
CG34135	chr3R	-	8749205	8768191
CG34136	chr2L	+	21096921	21098932
CG34138	chr3R	+	19634948	19635879
CG34140	chr3L	-	182521	184424
CG34141	chr2R	-	9260277	9263971
CG34148	chr3R	-	21877869	21878686
CG34149	chr3R	+	22380127	22381253
CG34150	chr3R	+	24814261	24814930
CG34155	chr3R	-	30554553	30560199
CG34159	chr2L	-	10202519	10204317
CG34160	chr2L	+	10579752	10580324
CG34161	chr2L	-	10580956	10581702
CG34162	chr2L	+	11531819	11533756
CG34163	chr2L	+	11988269	11988801
CG34164	chr2L	+	12056347	12058251
CG34165	chr2L	+	14713749	14714526
CG34166	chr2L	+	14743192	14743879
CG34167	chr2L	-	16002980	16003641
CG34168	chr2L	-	16134713	16135272
CG34169	chr2L	+	17173480	17174105
CG34170	chr2L	-	17311467	17311820
CG34171	chr2L	+	18378590	18379909
CG34172	chr2L	-	2192524	2197912
CG34173	chr2L	-	22053833	22054302
CG34174	chr2L	+	2214265	2215167
CG34175	chr2L	+	3398022	3398684
CG34176	chr2L	+	4004079	4004480
CG34177	chr2L	+	4433907	4435057
CG34178	chr2L	+	4433907	4435057
CG34179	chr2L	-	6046650	6048706
CG34180	chr2L	+	6060509	6060938
CG34181	chr2L	+	9367639	9368434
CG34183	chr2L	-	9890060	9890772
CG34184	chr2R	+	14365655	14366658
CG34185	chr2R	-	14373828	14374395
CG34188	chr2R	-	15427090	15428023
CG34189	chr2R	+	16754443	16754925
CG34190	chr2R	-	16946454	16947554
CG34193	chr2R	+	17508994	17511394
CG34194	chr2R	+	17544189	17545045
CG34195	chr2R	+	17733237	17734483
CG34196	chr2R	+	18109984	18110494
CG34198	chr2R	-	19682445	19682977
CG34199	chr2R	+	20287595	20288346
CG3420	chr2R	-	6756295	6757209
CG34200	chr2R	+	5757661	5758067
CG34201	chr2R	+	20750913	20752135
CG34202	chr2R	+	20752585	20753739
CG34203	chr2R	-	21281062	21281656
CG34204	chr2R	+	21796394	21796941
CG34205	chr2R	-	22130111	22131299
CG34206	chr2R	-	22163737	22164594
CG34207	chr2R	-	22329194	22329720
CG34208	chr2R	+	22333125	22333505
CG34210	chr2R	+	23351517	23352144
CG34211	chr2R	+	6047194	6047392
CG34212	chr2R	-	6049873	6050286
CG34213	chr2R	-	23967123	23967745
CG34214	chr2R	-	24665426	24666022
CG34215	chr2R	-	6831295	6831793
CG34216	chr2R	-	7703505	7705095
CG34217	chr2R	-	8227989	8228727
CG34219	chr2R	-	8917707	8918877
CG34220	chr2R	-	10041064	10043507
CG34221	chr2R	-	10197135	10199711
CG34222	chr2R	-	10319843	10320500
CG34223	chr2R	+	11235859	11236204
CG34224	chr2R	-	11237171	11237644
CG34225	chr2R	+	11245405	11245995
CG34227	chr2R	+	11248125	11248610
CG34228	chr2R	+	11651856	11652339
CG34229	chr2R	+	11841607	11842164
CG34230	chr2R	+	11861309	11862015
CG34231	chr2R	+	11986007	11987653
CG34232	chr2R	-	12164908	12165812
CG34234	chr2R	-	12486718	12487391
CG34235	chr2R	-	13209808	13212237
CG34236	chr2R	-	13604494	13605655
CG34238	chr3L	+	10626498	10627439
CG34241	chr3L	+	12127978	12128461
CG34242	chr3L	+	12533995	12534403
CG34244	chr3L	-	14235052	14235941
CG34245	chr3L	-	14893733	14894416
CG34247	chr3L	-	16261184	16261605
CG34248	chr3L	-	16270368	16270902
CG34250	chr3L	+	17476221	17477103
CG34251	chr3L	+	17671621	17683581
CG34253	chr3L	-	18086673	18087320
CG34256	chr3L	-	18988735	18989815
CG34258	chr3L	-	19951234	19951968
CG34259	chr3L	+	2026990	2028326
CG34260	chr3L	+	20714099	20715158
CG34261	chr3L	+	21196830	21197738
CG34263	chr3L	-	265594	265908
CG34265	chr3L	+	3268460	3268994
CG34266	chr3L	+	4677831	4678233
CG34267	chr3L	-	500013	500451
CG34268	chr3L	+	500964	501400
CG34269	chr3L	+	528336	528996
CG34273	chr3R	+	14517041	14517487
CG34274	chr3R	+	15731745	15732694
CG34276	chr3R	+	15925628	15927577
CG34277	chr3R	+	5369539	5371744
CG34278	chr3R	+	17120464	17120808
CG34279	chr3R	-	17402361	17403288
CG34280	chr3R	-	17403271	17403718
CG34281	chr3R	+	17612886	17613404
CG34282	chr3R	+	18695251	18695995
CG34283	chr3R	-	18721966	18722590
CG34284	chr3R	-	18902337	18902933
CG34286	chr3R	-	19715185	19715927
CG34287	chr3R	+	5853331	5854282
CG34288	chr3R	-	22446762	22447263
CG34289	chr3R	-	23506907	23507476
CG34290	chr3R	-	24288552	24289818
CG34291	chr3R	-	26425289	26425781
CG34292	chr3R	+	27062215	27063059
CG34293	chr3R	-	27164707	27165575
CG34295	chr3R	+	28789616	28790483
CG34296	chr3R	+	29722537	29723013
CG34297	chr3R	-	6747067	6748007
CG34298	chr3R	+	29999794	30000403
CG34299	chr3R	+	30249582	30250661
CG3430	chr2L	+	6957007	6959104
CG34300	chr3R	-	30305807	30306640
CG34301	chr3R	+	8773434	8773810
CG34302	chr3R	-	9822998	9823823
CG34303	chr3R	-	10151152	10151880
CG34305	chr3R	-	4242784	4243146
CG34307	chr3R	+	11897581	11898419
CG34308	chr3R	+	13089241	13090081
CG34309	chr3R	+	13372629	13373326
CG34310	chr2L	+	6663663	6674780
CG34312	chr2R	-	13209808	13212237
CG34313	chr2L	+	16879516	16886319
CG34315	chr2R	-	13202727	13206547
CG34316	chr3R	+	15230584	15231686
CG34323	chrX	+	12070436	12071263
CG34324	chrX	-	13456533	13457663
CG34325	chrX	-	16714448	16721411
CG34327	chrX	-	17222967	17223815
CG34328	chrX	-	18399568	18400065
CG34330	chrX	-	19068274	19068973
CG34331	chrX	+	20122452	20125271
CG34332	chrX	+	20141009	20141476
CG34334	chrX	+	22872811	22875367
CG34337	chrX	+	7417252	7417693
CG34338	chrX	+	7768736	7769161
CG3434	chr3L	-	9459368	9460799
CG34342	chr3L	-	5503527	5510860
CG34345	chr2L	+	6623111	6625359
CG34347	chr3R	+	31311156	31371748
CG34348	chrX	+	11339872	11344734
CG34351	chr2L	+	4694720	4722465
CG34353	chr3R	-	27767965	27905843
CG34354	chr3R	+	28146879	28240526
CG34355	chr3R	+	23803858	23859167
CG34357	chr3R	-	4491942	4558067
CG3436	chr2L	+	156028	157666
CG34367	chr2L	-	10347850	10353905
CG3437	chr3L	-	9456341	9457669
CG34370	chr2R	-	21987067	22039559
CG34375	chr3R	-	23000138	23010562
CG34376	chr3R	+	22448098	22460749
CG34377	chr3R	-	22308662	22324094
CG34382	chr3L	+	9878984	9884493
CG34384	chr3R	+	7814360	7855392
CG34386	chr2R	+	18062414	18093628
CG34393	chr2L	-	3175111	3200496
CG34396	chr2R	+	21092221	21101453
CG34398	chr2L	+	8898785	8933594
CG34401	chrX	+	18863949	18884075
CG34402	chr3R	+	12386248	12402902
CG34404	chr3R	-	15363785	15367665
CG34408	chrX	+	10220109	10230088
CG34409	chr3R	-	9742876	9746367
CG34417	chrX	+	6540770	6589173
CG34423	chr2R	+	23358611	23359204
CG34425	chr3R	-	4504611	4506365
CG34426	chr3L	+	8802462	8803599
CG34427	chr3L	+	8804763	8805812
CG34428	chr3L	+	13061758	13062715
CG34429	chr3L	+	13063045	13063929
CG34430	chr2R	+	7943441	7944475
CG34431	chr2R	+	7944525	7947076
CG34432	chr3R	+	30649150	30649873
CG34433	chr3R	+	30649960	30650858
CG34434	chrX	-	5614553	5616370
CG34435	chrX	-	5613324	5614467
CG34436	chr3R	+	28282579	28283548
CG34437	chr3R	+	28283718	28284725
CG34442	chr2R	+	14366797	14367874
CG34443	chr2R	+	14367978	14369067
CG34444	chr2R	+	14369216	14370326
CG34445	chr2R	-	22647891	22648478
CG34446	chr2R	-	22647457	22647807
CG34447	chr2L	-	2418421	2420013
CG34448	chr2L	-	2416791	2417965
CG34450	chrX	-	9329015	9330487
CG34451	chr3L	-	15688516	15692068
CG34452	chr3L	-	15686351	15687902
CG34453	chr3L	-	232479	233351
CG34454	chr3L	-	231680	232350
CG34456	chr3L	+	9362107	9362734
CG34457	chr2R	+	16670325	16671836
CG34458	chr2R	+	16672032	16672889
CG34459	chr2R	+	16824663	16826648
CG34460	chr2R	+	16826871	16827755
CG34461	chr3L	+	8325858	8328307
CG34462	chr3L	+	8328582	8330237
CG3448	chr3L	-	9450544	9451572
CG3457	chrX	+	2187819	2188919
CG3473	chr2L	-	14563014	14563726
CG3483	chr2R	+	24445499	24446839
CG3491	chr2L	+	14924589	14930565
CG3492	chr2R	+	24472711	24474226
CG3494	chr2R	+	24474298	24475261
CG3500	chr2R	-	23356371	23357565
CG3502	chr2R	-	23343404	23347641
CG3505	chr3R	+	14657446	14659228
CG3511	chr2R	+	24571626	24574503
CG3513	chr2L	-	3692698	3693182
CG3515	chr2L	-	2551144	2552825
CG3517	chr3R	-	19423778	19425199
CG3520	chr2R	-	23396769	23402309
CG3526	chrX	+	2890767	2894232
CG3527	chrX	+	4551972	4553006
CG3528	chr2L	-	2517101	2518037
CG3529	chr3L	+	9446863	9450785
CG3530	chr2R	-	23389008	23396680
CG3534	chr3R	+	16996445	16999449
CG3542	chr2L	+	3023225	3026439
CG3544	chr2L	+	784335	788776
CG3546	chrX	+	4558071	4560317
CG3548	chr2R	+	24599946	24602367
CG3552	chr3L	+	9456317	9459370
CG3556	chrX	+	4530230	4535464
CG3557	chr2L	-	2384760	2385792
CG3558	chr2L	+	2992869	2998726
CG3565	chr2R	+	24602471	24603488
CG3566	chrX	-	6274971	6276724
CG3568	chrX	+	4542629	4544497
CG3581	chr3R	-	19373756	19374789
CG3587	chrX	+	1940306	1941536
CG3588	chrX	+	2919769	2924426
CG3589	chr2R	+	24783554	24785542
CG3592	chrX	+	2935126	2935966
CG3594	chr2R	+	24780916	24781779
CG3597	chr2L	-	2370151	2371524
CG3598	chrX	+	2937026	2938073
CG3603	chrX	+	2948033	2949120
CG3604	chr2L	-	3697241	3697872
CG3609	chr2L	-	2372454	2374627
CG3610	chr3R	+	14845042	14846737
CG3611	chr2R	+	24798797	24800776
CG3618	chr3L	-	20813352	20816075
CG3625	chr2L	-	283384	291795
CG3626	chrX	+	4366416	4371136
CG3630	chrX	+	2162195	2172281
CG3631	chr3R	+	14879456	14882631
CG3632	chrX	+	16296670	16303308
CG3634	chr3L	-	20806867	20809272
CG3635	chr2L	+	22175414	22183991
CG3638	chrX	-	1215288	1236684
CG3640	chr2R	+	24639687	24640756
CG3645	chr2L	-	252588	271744
CG3649	chr2R	+	22845976	22847911
CG3650	chr2R	+	24848993	24850200
CG3651	chr2L	+	22121337	22126614
CG3652	chr2L	-	4392769	4393876
CG3655	chrX	-	1073040	1134896
CG3662	chr2L	+	821288	824337
CG3663	chr2R	+	24661502	24662409
CG3679	chrX	+	16303869	16307377
CG3687	chr2R	+	16236714	16237479
CG3690	chrX	-	948584	951900
CG3698	chr3L	-	20797240	20798375
CG3699	chrX	-	946661	947500
CG3700	chr2R	+	22894434	22895745
CG3702	chr2L	-	4224649	4227097
CG3703	chrX	-	942473	945773
CG3704	chrX	-	939169	940805
CG3706	chrX	-	930930	932475
CG3708	chrX	-	928797	930098
CG3709	chr2L	-	153538	155305
CG3713	chrX	-	846170	847157
CG3719	chrX	-	1378884	1380480
CG3726	chrX	+	5917096	5941852
CG3732	chr2R	-	22638806	22640201
CG3734	chr3R	+	19387860	19389866
CG3735	chr2R	-	23937076	23939754
CG3739	chr3R	+	19393359	19395188
CG3740	chrX	-	1668405	1669297
CG3744	chr3R	-	24871201	24876654
CG3746	chr2R	-	22648994	22649750
CG3748	chr2L	+	9342831	9344777
CG3756	chr2L	+	4969003	4970216
CG3760	chr2R	+	24938180	24939769
CG3764	chr3L	-	16994716	17012565
CG3769	chr2L	+	9435398	9436842
CG3770	chr2R	+	24945138	24946636
CG3776	chr2R	+	24969677	24970855
CG3777	chrX	+	279702	350504
CG3781	chrX	+	6261168	6262119
CG3788	chr2R	-	22932034	22934077
CG3792	chr2L	+	4977311	4978567
CG3793	chr2L	+	15764219	15766267
CG3795	chrX	-	1708805	1710182
CG3803	chr2R	-	23952512	23954048
CG3808	chr3L	-	18997874	19000608
CG3809	chr3R	+	12197940	12199473
CG3815	chrX	+	6295388	6298970
CG3817	chr3R	+	14898738	14899617
CG3819	chr3L	-	18920429	18922108
CG3823	chrX	+	6303974	6306745
CG3829	chr2R	+	24986043	24990489
CG3831	chr2R	-	22938986	22941169
CG3841	chr2L	+	9589475	9591783
CG3842	chrX	+	6337761	6343731
CG3847	chrX	+	6347102	6349236
CG3857	chrX	-	1937699	1940040
CG3860	chr2R	-	23992137	23995055
CG3862	chr2L	-	824328	825861
CG3868	chr3L	-	14400768	14402725
CG3880	chr2R	+	24760663	24762605
CG3894	chr2R	+	24763166	24766750
CG3902	chr3L	-	18893119	18898293
CG3906	chr2R	-	23511285	23512225
CG3907	chr2R	-	24019897	24022298
CG3909	chr3R	+	10043269	10044606
CG3916	chr3R	+	12229412	12230425
CG3918	chrX	+	6524463	6526342
CG3919	chr3L	+	14410625	14412732
CG3927	chr2R	+	22594676	22596348
CG3939	chrX	+	3175017	3176223
CG3942	chr3R	+	12254186	12256592
CG3955	chr2R	-	13127914	13129052
CG3961	chr3L	-	18878249	18890483
CG3982	chr3L	-	9415754	9417388
CG3984	chr3R	+	15137147	15139007
CG3987	chr3R	+	15139957	15141715
CG3995	chr3R	-	17041895	17043136
CG3999	chr3R	+	10251517	10255268
CG4000	chr3R	-	20676223	20677351
CG40006	chr2L	-	22622416	22756349
CG4004	chrX	+	12744211	12749785
CG40045	chr3L	+	24028514	24035859
CG4009	chr3R	-	17033587	17036045
CG40160	chr3L	+	26215814	26229433
CG4017	chr2L	+	9767057	9768727
CG40191	chr2R	+	1264139	1267747
CG40198	chr3R	-	4160609	4162235
CG4020	chrX	+	5905745	5908001
CG4021	chr2R	+	21773294	21774876
CG4022	chr3L	-	9406178	9410832
CG40228	chr3L	-	27082090	27083906
CG4025	chrX	+	2076965	2078455
CG40298	chr3L	+	23726828	23727989
CG4036	chr2L	+	9790881	9791958
CG4038	chr2R	-	21095957	21097305
CG4041	chrX	-	4915279	4918447
CG4042	chr3L	-	20770142	20771507
CG40439	chr2L	-	22797518	22798276
CG4045	chrX	-	2074794	2075900
CG40470	chr3L	-	23839859	23986410
CG40472	chr3L	+	24927129	24927710
CG40485	chrX	-	22960608	22962360
CG40486	chrX	-	22958855	22960091
CG4049	chr2R	-	24107086	24114292
CG40498	chr2R	-	924635	951252
CG4053	chr3R	-	17131210	17132198
CG4066	chr3R	+	12311352	12313119
CG4069	chr3L	-	12535425	12537315
CG4073	chr3R	+	10714797	10715901
CG4074	chr3L	-	20768206	20769500
CG4078	chrX	+	5747746	5752077
CG4080	chr3L	-	9386826	9399227
CG40813	chrX	+	22143101	22143816
CG4098	chr3L	-	16608137	16609347
CG4101	chr3L	+	16612485	16612950
CG41099	chr3R	+	3846728	3868401
CG41106	chrX	+	22945320	22946339
CG41128	chr3R	+	3750362	3752353
CG4115	chr3R	+	12360007	12363255
CG4116	chrX	-	3066614	3067562
CG4119	chrX	+	5666051	5670652
CG41242	chr2R	-	3363856	3364402
CG41284	chr3L	-	26298454	26305572
CG4133	chr2L	+	455530	458745
CG41378	chr2R	-	2770379	2846708
CG41434	chr2L	+	22037859	22039772
CG4151	chrX	+	5501475	5502782
CG41520	chr2R	+	1649060	1778937
CG41562	chrX	+	22251625	22252340
CG4161	chr2L	+	15433308	15435304
CG4168	chr2L	-	15161881	15200459
CG4174	chr3L	-	18600149	18617943
CG4186	chr3L	+	20769585	20770138
CG4194	chrX	+	2068591	2069688
CG4198	chrX	+	5313257	5315190
CG4199	chrX	-	2066434	2073483
CG4210	chr3R	+	15213973	15214845
CG4213	chr2L	-	396594	402198
CG4218	chr2L	-	14547497	14549109
CG42231	chr2L	-	16342429	16352628
CG42232	chr3R	-	16458279	16469663
CG42233	chr3R	-	31799633	31805278
CG42235	chr3R	+	25907021	25921046
CG42237	chrX	+	13115130	13123066
CG42238	chr2L	-	20965519	21052164
CG42239	chr2R	+	17572828	17573330
CG42240	chrX	+	6330841	6333028
CG42245	chr3L	+	2631714	2641984
CG42246	chrX	-	7411266	7411906
CG42249	chrX	+	11096272	11108148
CG42255	chr3L	-	11801950	11814755
CG42258	chrX	+	12463527	12478431
CG42259	chrX	+	1046223	1047009
CG42260	chr2R	-	22740998	22798289
CG42263	chr3L	-	19954546	19955799
CG42264	chrX	-	5773022	5776647
CG42266	chr2L	-	16337988	16340368
CG42268	chr3L	-	9734011	9760395
CG42269	chr3L	+	6066295	6071545
CG42271	chrX	-	14228059	14234066
CG42272	chr3L	+	5803032	5805749
CG42284	chr2R	+	22821429	22828903
CG42287	chr2R	+	14090324	14090972
CG42288	chr2R	+	14091030	14091814
CG4229	chr3L	+	16556822	16557958
CG42296	chr2L	-	2032518	2036041
CG42299	chrX	-	15574946	15575683
CG4230	chr2L	+	5096226	5099294
CG42300	chrX	-	15555252	15556045
CG42302	chrX	-	18724913	18725672
CG42304	chr3L	+	2652087	2655455
CG42305	chr2L	+	18812647	18813941
CG42306	chr2R	-	18658417	18661548
CG42307	chr3L	+	7329131	7333471
CG42308	chrX	+	7011356	7012137
CG42319	chr2R	+	13260100	13266336
CG42322	chr3R	+	20740107	20756639
CG42323	chrX	+	18422412	18427001
CG42324	chr3L	+	3472446	3510895
CG42326	chr2R	-	8573367	8584779
CG42327	chr3R	+	11656148	11673974
CG42329	chr2L	+	1219292	1229802
CG42331	chr3R	+	24772180	24784562
CG42335	chr3R	+	21758763	21769301
CG42336	chr2R	-	11294535	11297520
CG42337	chr3L	-	21183312	21193363
CG42339	chrX	-	10967721	11039901
CG42340	chrX	-	6423122	6524323
CG42342	chr3R	+	16502769	16571363
CG42346	chrX	+	22832398	22885541
CG42353	chrX	-	16093058	16104946
CG42354	chrX	-	16093058	16104946
CG42355	chr3L	-	2037370	2038224
CG42356	chr3L	-	2022069	2023391
CG42357	chr3L	-	2020553	2021958
CG42359	chr3R	-	19161258	19162300
CG42360	chr2R	+	24607266	24610847
CG42361	chr2R	+	24607672	24608788
CG42362	chr2R	+	21664125	21666108
CG42363	chr2R	+	21664125	21666108
CG42364	chr2R	+	21665939	21666579
CG42365	chr2R	+	21666686	21667594
CG42366	chr2L	+	9925160	9930378
CG42367	chr2L	+	9930579	9931131
CG42369	chr2L	-	6395852	6397249
CG42371	chr2L	-	2216502	2217246
CG42372	chr2R	+	16291452	16292269
CG42374	chr3L	+	19263765	19266838
CG42375	chr3R	+	13779623	13780795
CG42376	chrX	+	254875	255524
CG42379	chr2R	-	21667540	21669916
CG4238	chr2L	+	2009858	2030788
CG42380	chr2R	-	21667540	21669916
CG42381	chr2R	-	21667540	21669916
CG42382	chr2R	-	9166565	9167508
CG42383	chr2R	-	24423925	24425102
CG4239	chrX	+	16385277	16388702
CG42390	chr3R	+	22120060	22133367
CG42391	chr2R	+	15202192	15202987
CG42392	chr2R	-	16765360	16766000
CG42393	chr3L	+	18042732	18044214
CG42394	chr3R	+	10849824	10851788
CG42395	chrX	-	9575125	9576247
CG42397	chr3L	-	11973084	11973790
CG42399	chr2L	-	144230	153300
CG42402	chr3R	+	4077938	4104326
CG42404	chr3R	+	15250093	15257765
CG42445	chr3L	-	8154680	8158900
CG42446	chr3R	-	16358143	16360108
CG42449	chrX	+	5683239	5684456
CG42450	chrX	+	18813296	18830406
CG42455	chr3L	+	9972311	9974023
CG42456	chr3L	+	3319554	3322489
CG42458	chr3L	+	7423826	7454717
CG42460	chr2L	-	3387881	3388496
CG42464	chr2L	+	3699463	3699826
CG42465	chr2L	+	3700194	3700658
CG42467	chr2L	+	3701289	3701699
CG42470	chr2L	-	11752972	11753555
CG42471	chr2L	-	11753639	11754022
CG42481	chr3L	-	13298796	13299023
CG42486	chr2L	+	11843136	11844063
CG42487	chr3R	-	27957355	27959245
CG42488	chr3R	+	25483097	25485481
CG42489	chr3R	-	8653801	8654766
CG42493	chr2R	+	11778525	11779235
CG42494	chr3L	+	3184403	3186549
CG42495	chr3L	+	18667360	18668135
CG42496	chr2R	+	21691294	21692764
CG42497	chr2R	-	21690214	21691139
CG42498	chr3R	-	26057346	26058223
CG4250	chr2R	+	22663691	22664474
CG42500	chr3R	-	14152210	14152650
CG42502	chr2L	-	18808693	18811252
CG42504	chr3R	-	12028069	12031757
CG42505	chr3R	-	12028069	12031757
CG42507	chr3L	-	14747928	14757962
CG42512	chrX	+	16651375	16653275
CG42514	chr3L	-	16491837	16496236
CG42516	chr2R	-	8129353	8131323
CG42518	chr2R	+	18167226	18168380
CG42521	chr3L	-	10623065	10623576
CG42523	chr2L	+	4762894	4763951
CG42524	chr2R	+	15613853	15657214
CG42525	chr3L	-	3188024	3189747
CG42526	chr3L	-	9433685	9435399
CG42529	chr3L	+	19728993	19730402
CG42531	chr2R	+	11864160	11864941
CG42534	chr3R	+	27340621	27372574
CG42535	chr3L	-	10630033	10630935
CG42536	chr3L	-	10629082	10630069
CG42537	chr3R	+	6377796	6378233
CG42538	chr3L	+	16034523	16034853
CG42540	chr3L	+	4556086	4592295
CG42541	chrX	-	3891496	3930578
CG42542	chr3R	+	15196597	15203074
CG42544	chr3R	+	7304591	7304954
CG42553	chr3L	+	834092	835515
CG42554	chr3L	+	835682	836770
CG42556	chr2L	+	16889907	16891239
CG42557	chr3R	+	29933286	29934587
CG42558	chr3R	+	29933286	29934587
CG42559	chr2R	-	23599525	23600787
CG42560	chr2R	-	23599525	23600787
CG42561	chr2R	+	17684854	17685548
CG42562	chr2R	+	17685813	17686410
CG42564	chr3R	+	6374474	6377348
CG42565	chr2R	+	22657900	22661389
CG42566	chr2R	+	22661933	22663241
CG42568	chr2R	-	24157667	24159312
CG42570	chr3L	+	15717818	15720073
CG42571	chr3L	+	15716452	15717749
CG42577	chrX	+	20259238	20259656
CG42578	chrX	+	20446370	20446703
CG42579	chrX	+	20527630	20528043
CG42580	chrX	+	20574281	20574693
CG42581	chrX	-	20096161	20096474
CG42583	chrX	+	20139792	20140170
CG42585	chr2L	+	14739913	14741138
CG42586	chr2L	-	14741160	14741840
CG42587	chr2L	-	14744844	14745210
CG42588	chr3L	+	12814253	12824650
CG4259	chr2L	-	2127308	2129237
CG42590	chr3L	-	8068412	8069267
CG42591	chr3L	-	8069452	8069960
CG42592	chr3R	-	29835609	29836288
CG42594	chrX	+	4840832	4906575
CG42597	chr2L	-	22064603	22065343
CG42598	chr3L	-	26354139	26371356
CG42613	chr3R	+	18929195	18978088
CG42615	chr2R	+	8737369	8737790
CG42633	chr3R	-	10780964	10782267
CG42634	chr2L	+	18007934	18008962
CG42635	chr2L	+	18007934	18008962
CG42637	chr3L	-	19719526	19793569
CG42638	chr3L	-	19745833	19749744
CG42649	chr2R	-	17599388	17599607
CG42650	chr3R	+	7391412	7392280
CG42654	chr3L	-	19953793	19954526
CG42655	chr3L	-	19952970	19953712
CG42656	chr3R	-	7492960	7493271
CG42658	chr2L	-	2287024	2287933
CG42659	chr2L	+	18007359	18007842
CG4266	chr2R	-	21161712	21168659
CG42660	chr3L	+	7465508	7468808
CG42661	chr3L	+	7465508	7468808
CG42662	chr2R	-	15698725	15701696
CG42663	chr2R	+	12705171	12751545
CG42668	chr3R	+	20309343	20324196
CG4267	chr2L	+	2242377	2245274
CG42671	chr3L	+	11214504	11230745
CG42672	chr2R	+	21295651	21310411
CG42673	chr3L	+	9547219	9596713
CG42674	chr3L	-	20149613	20198317
CG42675	chr3R	+	5813608	5818820
CG42676	chr3L	+	1803106	1806920
CG42680	chr2L	-	14587919	14588234
CG42681	chr2L	+	14744420	14744817
CG42682	chr2L	+	14842357	14843108
CG42685	chr2L	-	14724616	14730177
CG42688	chr2L	-	19181964	19182810
CG4269	chr2R	+	22597244	22600695
CG42690	chr2R	-	19944262	19945877
CG42691	chr2R	-	19945730	19946814
CG42692	chr2L	+	14008100	14008820
CG42693	chr3R	-	31707869	31708340
CG42694	chr2R	+	22941876	22945147
CG42697	chr2R	-	18611644	18612730
CG42699	chrX	+	5764552	5789576
CG4270	chr2L	+	2263441	2264241
CG42700	chr2R	+	12279770	12300795
CG42703	chr2R	-	23101231	23101777
CG42704	chrX	+	7412667	7413296
CG42705	chrX	+	7413868	7414662
CG42709	chr3L	+	12790191	12796084
CG4271	chr2L	+	2285162	2285926
CG42710	chr2L	-	8781798	8782500
CG42711	chr2L	-	13930321	13931362
CG42713	chr2L	+	8891439	8892180
CG42714	chr3L	-	6233490	6234056
CG42716	chr3L	+	16033777	16034170
CG42717	chr3L	-	16032761	16033190
CG42718	chr3L	-	16320829	16321272
CG42724	chr3R	-	6361671	6368288
CG42726	chr3R	+	15348047	15350391
CG42727	chr3R	+	15348047	15350391
CG42728	chr3L	-	15527619	15528196
CG42729	chr3L	-	15526909	15527516
CG42733	chr2R	-	10356170	10356800
CG42740	chr3R	-	30418766	30422971
CG42741	chr2R	-	23011077	23042943
CG42747	chr3L	+	6400589	6485964
CG42748	chr2L	+	22131220	22166221
CG42749	chrX	+	5296065	5306288
CG42750	chr2L	-	18159810	18275770
CG42751	chr2L	+	11853429	11853925
CG42752	chr2L	-	18739319	18740110
CG42753	chr2R	+	19635278	19635941
CG42758	chr3L	+	14567439	14568133
CG42759	chr3R	+	10143069	10143483
CG42762	chr2L	-	8143400	8144047
CG42763	chr2L	-	8144390	8145107
CG42764	chr3L	-	20464713	20466041
CG42766	chrX	+	15976867	15977660
CG42779	chr3R	+	17121576	17122087
CG4278	chr2L	+	16327068	16328131
CG42780	chrX	-	7331264	7332191
CG42781	chrX	-	7382732	7382990
CG42782	chr2R	-	12418796	12419395
CG42784	chr2L	+	13415430	13500427
CG42788	chr3R	-	15095956	15131926
CG42789	chr3R	-	26783608	26784208
CG42792	chr2L	-	15864928	15865461
CG42795	chr3R	+	10225689	10251277
CG42797	chrX	+	9608945	9623243
CG42798	chr3R	+	17406677	17407534
CG42806	chr2R	+	13964652	13965455
CG42807	chr2R	-	13570594	13572759
CG42808	chr2R	-	13573617	13574257
CG42809	chr2L	+	13457496	13458073
CG4281	chrX	-	2062312	2065142
CG42810	chr2L	+	13459680	13460183
CG42811	chr3R	-	24366526	24367220
CG42812	chr3R	-	24367359	24368164
CG42813	chr3R	-	27227069	27228561
CG42814	chr3R	-	27228672	27229468
CG42815	chr3L	-	17791078	17791486
CG42816	chr3L	-	17792087	17797594
CG42818	chr2L	+	16241938	16245559
CG42819	chr2L	-	8388727	8389331
CG4282	chr2R	+	16322185	16324801
CG42820	chr2L	-	8389880	8392398
CG42821	chr3R	+	17413076	17413639
CG42822	chr3R	+	17413900	17414607
CG42823	chr3R	-	17404486	17405109
CG42824	chr3R	-	17406047	17406511
CG42825	chr3L	-	10095753	10098115
CG42826	chr3L	-	10099356	10100881
CG42827	chr3R	+	23372923	23373600
CG42828	chr3R	+	23373702	23374245
CG42830	chr2L	-	17811952	17812672
CG42831	chr3L	+	10814818	10816084
CG42832	chr3L	+	11610134	11610386
CG42833	chr3L	+	20200092	20200487
CG42834	chr3R	+	17418758	17419294
CG42835	chr3R	+	17420637	17420989
CG42837	chr2R	+	16197041	16199378
CG42841	chr3L	-	2003108	2005651
CG42846	chr3L	-	230970	231604
CG42847	chr2L	+	9427869	9428740
CG42851	chr2R	+	24809324	24810107
CG42852	chr3L	+	16755488	16755720
CG42853	chr3L	-	18120931	18121989
CG42854	chrX	-	17245352	17247016
CG42855	chr2R	+	18687371	18688641
CG42857	chr3R	-	9820513	9821191
CG4286	chr2R	-	21177753	21178636
CG42866	chr2L	-	19961223	19961685
CG42867	chr2R	+	22665645	22666145
CG42869	chr3R	-	21736512	21736849
CG4287	chr3R	-	15962166	15963867
CG42870	chr3R	-	21736932	21737364
CG42876	chr2L	-	15810570	15812141
CG42878	chr2R	+	19587300	19587763
CG4291	chr2L	-	851250	852730
CG4293	chrX	-	527940	530291
CG4294	chr2R	-	22600404	22605667
CG4297	chr2L	-	458875	472200
CG4301	chrX	+	16405508	16414651
CG43049	chr3L	+	18925089	18926108
CG43050	chr2L	+	13119293	13120767
CG43051	chr2L	+	12507938	12508504
CG43052	chr2L	+	14352076	14352619
CG43054	chr2L	+	17627858	17628389
CG43055	chr2L	+	4411154	4411824
CG43056	chr2L	+	4437786	4438201
CG43057	chr2L	-	8243322	8244003
CG43058	chr2R	-	13600644	13601099
CG43059	chr3L	-	8318541	8318966
CG4306	chr3L	-	18461956	18463163
CG43060	chr3R	+	8041223	8055970
CG43061	chr3R	+	8049672	8050059
CG43062	chr3R	+	11750332	11750916
CG43063	chr3R	+	13086223	13086761
CG43064	chr3L	-	11834720	11836721
CG43066	chr2R	+	18514573	18526439
CG43068	chr2R	+	15185157	15185952
CG43069	chr2R	+	18862861	18863277
CG43070	chr2R	+	18863895	18864558
CG43071	chr2R	-	18864620	18865218
CG43072	chr3L	+	21065851	21066238
CG43074	chr3L	-	3483831	3484653
CG43075	chrX	-	15220270	15221176
CG43076	chrX	-	15222656	15223582
CG43077	chrX	-	17067303	17068523
CG43078	chr3L	+	8576807	8599617
CG43082	chr3L	+	15661866	15662279
CG43083	chr3L	+	15648570	15649125
CG43084	chr3L	+	15650851	15651392
CG43085	chr3L	-	17645485	17646737
CG43088	chrX	+	14702357	14703654
CG43089	chr3L	+	3714026	3714717
CG43090	chrX	-	6199215	6199891
CG43091	chr3R	-	22768120	22768733
CG43092	chr3R	-	22768882	22769667
CG43093	chr3R	-	22769774	22770307
CG43094	chr3R	-	22770612	22770987
CG43095	chr3R	-	22771155	22771770
CG43098	chr3L	+	3659067	3659724
CG43101	chr2R	-	15013046	15013522
CG43102	chr3R	-	17768271	17794490
CG43103	chr2R	-	17139449	17139931
CG43106	chr2R	-	25138626	25139627
CG43107	chr2R	-	17140494	17140865
CG43108	chr2R	-	17257155	17257886
CG43109	chr2R	-	18867847	18868167
CG43110	chr2R	-	17477564	17486220
CG43111	chr2R	+	19552070	19552672
CG43112	chr2R	+	11249593	11249933
CG43114	chr2R	+	11310830	11311165
CG43115	chrX	-	6065728	6066416
CG43116	chr3R	-	25995878	25996996
CG43117	chr3R	+	26454793	26455112
CG43120	chr3L	+	14381912	14383299
CG43121	chr3L	-	14671934	14672437
CG43123	chr2R	+	7402756	7403870
CG43124	chr3R	-	28263870	28264773
CG43125	chr3R	-	28262734	28263622
CG43127	chr3L	-	10624727	10625599
CG4313	chrX	+	2041867	2055414
CG43131	chr3R	-	5108677	5109178
CG43133	chrX	-	18129584	18130178
CG43134	chrX	+	4247312	4247785
CG43135	chrX	+	4248376	4248657
CG43136	chrX	+	5853760	5854464
CG43137	chrX	-	5864549	5865151
CG43138	chrX	+	7528303	7528796
CG43139	chr3R	-	27501365	27502025
CG43145	chr2L	+	3701825	3702248
CG43147	chr3L	-	13299840	13300152
CG43149	chr3L	-	53872	54751
CG43153	chr2L	-	11521764	11522776
CG43155	chrX	+	11459785	11476504
CG43156	chrX	-	11906451	11906868
CG43163	chr3L	-	8472806	8507146
CG43165	chr2L	-	3694430	3695020
CG43167	chr2L	+	11657409	11657992
CG43168	chr3L	+	6275786	6277035
CG43169	chr3L	-	8888144	8888633
CG43171	chr2R	-	10352455	10353114
CG43172	chr2R	-	10351532	10352161
CG43175	chr3R	+	17630716	17645262
CG43178	chr2R	-	10352455	10353114
CG43179	chr3R	+	14256107	14256930
CG4318	chrX	-	13153460	13154924
CG43181	chrX	+	350565	351133
CG43182	chrX	+	353066	353317
CG43183	chr2R	+	8592194	8592969
CG43184	chr3L	+	13837755	13838080
CG43185	chr2L	+	5884887	5885491
CG43187	chr2R	+	16380515	16385765
CG43188	chr2R	+	11085585	11088300
CG43190	chr2R	+	11844377	11845099
CG43191	chr2R	-	12035920	12037165
CG43192	chr2R	+	13477341	13478079
CG43195	chr2R	-	19944262	19945877
CG43198	chrX	-	7452693	7453336
CG43200	chr2R	-	10351532	10352161
CG43201	chr2R	-	10352455	10353114
CG43203	chr3R	+	19354050	19354884
CG43204	chr2R	+	12430594	12431296
CG43206	chr3L	+	16566749	16567300
CG43207	chr2R	+	23152747	23153318
CG43208	chr3R	+	13303425	13303856
CG43209	chr2R	-	23601980	23602456
CG43210	chr3R	-	18564263	18565173
CG43218	chr3L	+	21258019	21258758
CG43219	chr3L	+	21220399	21223118
CG43220	chr2L	+	17486563	17486801
CG43221	chr2L	+	17485756	17486365
CG43222	chr3R	-	24634624	24635165
CG43229	chrX	+	18138541	18139000
CG43230	chr2L	+	15215221	15216160
CG43231	chr2L	+	17704680	17706142
CG43232	chr2L	+	6932120	6932954
CG43233	chr2L	-	20472792	20473385
CG43235	chr2L	+	7693029	7693821
CG43236	chr2R	+	14638537	14638935
CG43237	chr2R	+	17205207	17205743
CG4324	chr2R	-	24014916	24017198
CG43244	chr2R	-	12243998	12244701
CG43245	chr3L	+	10771924	10773399
CG43246	chr3L	+	14536633	14537272
CG43248	chr3L	-	15530084	15531473
CG43249	chr3L	+	16304281	16304662
CG4325	chrX	-	2042729	2043818
CG43251	chr3L	+	20758882	20759192
CG43254	chr3R	-	7738964	7739563
CG43255	chrX	+	8923959	8924449
CG43267	chr2R	+	7404034	7404441
CG43271	chr2L	-	17914364	17915023
CG43272	chr2R	+	17255240	17255737
CG43273	chr3R	+	24830300	24830973
CG43277	chr2R	+	19637558	19638041
CG4328	chr3L	-	12290955	12296123
CG43288	chrX	+	4213024	4213421
CG4329	chr2R	-	22609333	22613376
CG43290	chr3R	-	7348848	7349552
CG43291	chr3R	-	14234983	14244677
CG43292	chr3L	+	7475569	7476247
CG43293	chr3L	+	6185188	6185853
CG43294	chr3L	+	11958282	11958909
CG43295	chr3L	+	16105851	16106428
CG43296	chr2R	-	8417175	8417706
CG43307	chr2L	+	5811573	5811925
CG43308	chr2R	-	20562462	20563001
CG43312	chr3L	+	22501599	22502417
CG43313	chrX	-	13095570	13112462
CG43315	chr2R	+	12241217	12241872
CG43316	chr2R	+	12242545	12243273
CG43317	chr3R	-	15833461	15834425
CG43318	chr3R	-	15832707	15833432
CG43319	chr3R	+	27694317	27694541
CG4332	chrX	+	13155037	13157372
CG43321	chr2L	+	7012261	7012803
CG43322	chr2L	+	7013395	7014737
CG43324	chr2R	+	17563605	17564351
CG43325	chr2R	-	22655548	22657135
CG43326	chr2R	-	22655548	22656998
CG43327	chr2R	-	17032486	17034012
CG43328	chr2R	-	17032486	17034012
CG43329	chr3L	-	22504486	22505218
CG43330	chr3L	-	22503868	22504423
CG43331	chr3L	-	22502977	22503830
CG43332	chr2L	-	14161143	14163222
CG43333	chr2L	-	14163507	14180686
CG43335	chr3R	+	15635467	15636489
CG43336	chr3R	+	15637167	15638181
CG43337	chr3L	-	620694	622316
CG43338	chr2L	-	18666891	18671246
CG43339	chr2L	-	18671603	18673285
CG43340	chr2R	+	7623241	7651787
CG43341	chr2R	+	7632840	7633880
CG43342	chr3R	+	22381339	22382147
CG43345	chr2L	-	21166045	21168581
CG43346	chr2L	-	21166045	21168581
CG43347	chrX	-	10602640	10620190
CG43348	chr2L	+	1199411	1199924
CG43349	chr2L	+	1200204	1200663
CG4335	chr3R	-	20406614	20407871
CG43350	chr2L	+	9349545	9349963
CG43351	chr2R	+	19030008	19030250
CG43354	chr2L	-	18309186	18309446
CG43355	chr2L	+	11484706	11486949
CG43362	chr2L	-	18291252	18291462
CG43366	chr2R	+	5893894	5931363
CG43367	chr3L	+	4193992	4224003
CG43371	chr2R	-	17034044	17034609
CG43373	chr3L	-	16491837	16543370
CG43376	chr2L	+	13773996	13774355
CG4338	chr3R	+	15275521	15276474
CG43386	chrX	-	9966614	9977405
CG43389	chr3L	+	3248014	3249044
CG43390	chr3L	-	11579742	11579950
CG43391	chr3L	-	11580828	11581019
CG43392	chr3L	-	22029452	22029770
CG43393	chr2R	-	22089422	22090691
CG43394	chr2L	+	8145757	8158786
CG43396	chr2R	+	10360212	10360840
CG43397	chr2R	-	10354723	10355831
CG43400	chr2L	+	8490738	8491360
CG43401	chr2L	+	1428473	1429159
CG43402	chr2L	+	1442626	1443832
CG43403	chr2L	+	2620186	2620782
CG43405	chr2R	-	21953614	21954095
CG43407	chr3L	-	19052901	19053389
CG4341	chr2L	+	922792	958098
CG43428	chr2R	-	14737577	14739242
CG43438	chr2L	+	11536144	11536844
CG43439	chr3L	-	6983472	6984586
CG43445	chr3R	+	17911375	17912045
CG43446	chr3R	-	20986503	20987936
CG43447	chr3R	+	27440311	27440845
CG43448	chr3R	-	30237093	30237734
CG43449	chr3R	+	11088419	11089356
CG43450	chr3R	+	12195293	12195574
CG4360	chr3R	-	20324273	20328003
CG43610	chr2L	+	6799195	6799600
CG43618	chr3R	+	8049166	8049456
CG4362	chr3R	-	20306215	20307537
CG4363	chr2R	-	21834229	21835047
CG43630	chr3R	-	12676009	12676260
CG43638	chr3L	+	12044578	12045356
CG4364	chr2L	-	9708920	9711271
CG43645	chr2L	+	17485756	17486365
CG43646	chr2R	+	7018759	7019390
CG43647	chr2R	+	7020132	7020746
CG43658	chrX	-	17456168	17561180
CG43659	chr2R	-	23079379	23079715
CG43666	chr2R	-	20788194	20789217
CG43667	chr2R	-	20789294	20790201
CG43668	chr2R	-	20791461	20792192
CG4367	chr3R	-	20303954	20304977
CG43672	chrX	+	15772962	15778774
CG43673	chrX	+	15779145	15780214
CG43675	chr3R	+	9355494	9359189
CG43677	chr2R	-	20790244	20791147
CG43678	chr3L	-	15049178	15049495
CG43679	chr3L	-	15050855	15051425
CG43680	chr3L	-	15052997	15053351
CG43689	chrX	+	4075742	4092237
CG43691	chr2R	-	13389494	13393361
CG43693	chr3L	-	11036357	11051371
CG43694	chr3R	-	23425601	23426029
CG43702	chr3L	+	21298674	21299063
CG43703	chr2L	+	3765493	3765863
CG43707	chr2L	+	3757255	3769525
CG43709	chr2R	-	20775794	20776409
CG43710	chr2R	-	20776726	20777749
CG43711	chr2R	-	20778248	20779487
CG4372	chr2R	-	21837604	21838798
CG43725	chr2L	+	11075512	11075962
CG43731	chr2L	+	19102043	19102909
CG43732	chr3R	+	18950195	18976557
CG43736	chrX	+	6863887	6881580
CG43737	chrX	+	15175440	15189931
CG43739	chr2L	-	20871334	20918931
CG4374	chr3R	-	23408683	23472278
CG43740	chrX	+	10333651	10347794
CG43742	chr2R	-	21935001	21936863
CG4375	chr2L	-	1026104	1026897
CG43750	chr2L	-	2389577	2390689
CG43755	chr2L	-	325521	329761
CG43759	chrX	+	18930334	19028629
CG43760	chr2L	-	15776441	15776852
CG4377	chr2R	-	21835447	21836357
CG43773	chr2L	+	4007689	4007984
CG43774	chr2L	+	4008652	4009090
CG43775	chr2R	-	24123166	24126630
CG43776	chr2R	-	24123166	24126630
CG43777	chr2R	-	24123166	24126630
CG43778	chr2L	-	13301813	13331121
CG43779	chr2L	-	13305919	13306755
CG43780	chr3L	-	7333543	7335226
CG43781	chr3L	-	7333543	7335226
CG43783	chr3L	-	8932234	8954272
CG43784	chrX	-	19957547	19958342
CG43788	chr2R	+	16937596	16938011
CG43789	chr2R	+	16938695	16938995
CG43795	chr2R	+	23444136	23491997
CG43796	chr2L	+	8482373	8483005
CG43797	chr2L	+	4000017	4000806
CG43798	chr2L	+	4647050	4647920
CG43799	chr2L	+	7227733	7228641
CG43800	chr2L	-	7232164	7232813
CG43813	chr2L	-	12343642	12344266
CG43814	chr2L	-	18804490	18805347
CG43815	chr2L	+	3576209	3576623
CG43816	chr2L	+	16004324	16005461
CG4382	chr2L	-	9598879	9600872
CG43829	chr2R	-	15193995	15194505
CG43841	chrX	+	18439666	18440076
CG43843	chrX	-	18459137	18460418
CG43844	chr3R	+	21889538	21890171
CG43845	chr3R	-	5522298	5523120
CG43850	chr2L	+	13415430	13420645
CG43851	chr2L	+	2647885	2648361
CG43861	chr2L	-	19968683	20017282
CG43867	chrX	-	808216	927975
CG43880	chr3L	-	7945712	7946322
CG43886	chr3L	-	8159360	8159774
CG43894	chr3L	+	12889769	12892162
CG43895	chr3L	-	21813004	21813698
CG43896	chr3L	+	11976110	11983764
CG43897	chr3L	+	9813846	9834345
CG4390	chr3R	-	20056417	20059750
CG43901	chrX	+	10905766	10923436
CG43902	chrX	+	10158433	10195337
CG43915	chr3L	+	3972898	3973784
CG43919	chr2R	-	14553764	14554309
CG43920	chr2R	-	17598844	17599253
CG43922	chr2L	-	6308376	6308751
CG43923	chr2L	-	15675581	15676102
CG43924	chr2L	-	15710578	15711099
CG43925	chr2L	+	13176422	13176888
CG4393	chr3R	-	23375927	23384777
CG43931	chr3L	+	20897556	20898501
CG43935	chr3R	+	27065435	27065807
CG43938	chr3L	+	21121652	21123415
CG43954	chr3L	-	16676405	16711677
CG43965	chr3L	-	8725519	8725774
CG43968	chr3L	+	23784230	23787405
CG43980	chr3L	+	21644957	21666306
CG43982	chr2R	+	21763994	21764695
CG43993	chr3L	+	12032556	12032999
CG43996	chrX	+	17022303	17023370
CG43997	chrX	+	17023498	17024042
CG43998	chr3R	-	23927727	23929000
CG43999	chr3R	-	23927727	23929000
CG44000	chr2L	+	5043269	5048365
CG44001	chr2L	+	5043269	5048365
CG44002	chr2L	-	3169819	3171092
CG44004	chr3L	-	18072361	18073863
CG44005	chr3L	-	18070299	18072123
CG44006	chr3L	-	18068727	18070150
CG44008	chr2L	-	11841501	11842445
CG44013	chr3R	-	15508895	15509917
CG44014	chr3R	-	15507939	15508886
CG44037	chr3R	+	12258736	12262879
CG44038	chr3R	+	12260968	12261230
CG4404	chrX	-	12903744	12906018
CG44040	chr3R	+	15320377	15320691
CG44044	chr3R	+	16321837	16322189
CG4407	chrX	-	12901352	12903516
CG4408	chr3R	-	23361888	23363574
CG44085	chr2L	+	13261007	13284043
CG44088	chr3R	-	4774515	4775053
CG4409	chr2R	+	16443210	16444845
CG44090	chr3R	-	17433990	17434430
CG44094	chr3R	-	14576330	14576611
CG44098	chr3R	-	4750408	4773197
CG44102	chr2R	-	4895729	4907685
CG44139	chr2L	+	2424796	2425041
CG44140	chr2L	-	15694037	15694471
CG44141	chr2L	-	15659040	15659474
CG44142	chr3R	-	13312854	13313188
CG4415	chr2L	+	1037245	1038685
CG44153	chr2L	-	10064120	10180256
CG44158	chr3R	+	18208778	18209282
CG44163	chr2R	-	22090794	22091395
CG44174	chr3R	-	19297245	19297695
CG44194	chr3R	-	12996875	12997726
CG44195	chr3L	-	7658408	7695654
CG44198	chr2L	-	13118889	13119134
CG44215	chr3R	-	14153989	14154441
CG44227	chr3R	-	8684792	8685176
CG4424	chr3R	-	20026486	20028040
CG44242	chr2R	+	16196383	16196928
CG44243	chr2R	+	16197041	16199555
CG44245	chr2R	+	21200482	21212969
CG44247	chr2R	+	24876690	24881221
CG44249	chr2R	+	22066882	22068372
CG44250	chr2R	-	12950403	12952293
CG44251	chr2R	-	12948347	12952293
CG44253	chr2R	+	23058247	23058793
CG44257	chr3R	+	17265277	17265821
CG44259	chr3R	-	17253580	17254129
CG44261	chr3R	-	9407693	9408169
CG44270	chr2L	+	20531065	20531833
CG44271	chr2L	-	6747420	6747914
CG44286	chr2R	+	9138485	9141981
CG44290	chr3R	-	27438870	27440944
CG44296	chr2R	+	10050347	10050874
CG44303	chrX	-	6686962	6687420
CG44314	chr2R	+	12052943	12056547
CG44325	chrX	-	9070317	9078499
CG44329	chrX	-	5812272	5812977
CG44335	chr3R	+	7325596	7326459
CG44341	chr2R	+	13103894	13104895
CG44355	chr3L	+	12310804	12311961
CG44362	chr3L	+	11397541	11397865
CG4438	chr2L	-	9396998	9397988
CG44385	chrX	-	11131339	11132412
CG44388	chr2R	-	17187503	17187678
CG4440	chr2L	+	16329924	16330521
CG44403	chr2R	-	17616498	17617895
CG44405	chr2L	-	16340391	16342324
CG44406	chr2L	-	16981866	16982301
CG44422	chrX	-	11219378	11302783
CG44426	chrX	+	20978285	20978868
CG44428	chrX	-	13529655	13530249
CG44433	chr2R	-	18684229	18686775
CG44434	chr2R	-	18678679	18684198
CG44435	chr2R	-	18678679	18684198
CG44437	chrX	-	13201169	13202262
CG44438	chr2R	-	5879195	5880395
CG44439	chr2R	-	8249095	8249595
CG44475	chr2L	-	15882782	15883190
CG44476	chr2L	-	18112829	18113179
CG44477	chr2L	+	11663258	11663872
CG4452	chr3L	+	9367376	9370300
CG44521	chr3L	+	5713330	5714029
CG44532	chrX	+	9162091	9163153
CG4455	chr2L	+	16352933	16354539
CG4456	chr3L	+	9372721	9374964
CG44569	chr2R	-	19842494	19843668
CG44574	chr2L	+	5883740	5884345
CG4459	chr3R	-	19926321	19928644
CG4461	chr3L	+	9375429	9376293
CG4462	chr3R	-	19921743	19925371
CG44622	chr2R	+	19953794	19954645
CG44623	chr2R	+	19956194	19957004
CG44624	chr2R	+	20234994	20235345
CG44625	chr2R	+	20235544	20235945
CG4465	chr3R	-	19915867	19917839
CG44666	chr2R	-	20779991	20783216
CG4467	chr3R	-	23227726	23248903
CG4476	chr3L	+	9211879	9215256
CG4477	chr3L	+	9250224	9251338
CG44774	chrX	-	4926663	4938105
CG4480	chr2L	-	14870370	14872022
CG44812	chr2R	-	24350968	24351389
CG44815	chrX	-	9445814	9446212
CG4483	chr3L	-	9235149	9236648
CG44836	chr3L	-	16390951	16400275
CG44837	chr3L	-	11850644	11938872
CG44838	chr3L	+	9461049	9475475
CG44869	chr2L	-	15417928	15418361
CG44954	chr3R	-	30618625	30621906
CG44956	chr3R	+	12341673	12342373
CG4496	chr2L	-	7185460	7190010
CG4497	chr2L	-	7190430	7194588
CG45002	chrX	-	16969068	17066732
CG45011	chr2L	+	11834085	11834497
CG45012	chr2L	+	11834607	11834874
CG4502	chr2L	-	7194907	7204264
CG45045	chr3R	+	17667571	17667825
CG45049	chr3R	+	22726966	22732362
CG45050	chr3R	+	9340215	9362994
CG45060	chrX	-	9868067	9868568
CG45061	chrX	-	9871097	9871702
CG45062	chr2R	-	22472994	22476314
CG45063	chr2R	-	22476384	22477295
CG45064	chrX	-	14875369	14882586
CG45065	chrX	-	14875369	14882586
CG45066	chr3L	-	3110127	3111227
CG45067	chr3L	-	3111232	3114467
CG45069	chr2R	+	24411869	24415295
CG45071	chr3L	+	15105881	15110730
CG45072	chr3R	-	30122022	30123263
CG45073	chr3R	-	30123800	30124735
CG45075	chr2L	+	6091411	6096498
CG45076	chr3R	-	10768000	10777374
CG45078	chr3R	-	10773338	10777374
CG45079	chr3R	+	17124476	17124786
CG45080	chr3R	-	13318990	13319270
CG45081	chr3L	+	19266060	19266838
CG45084	chr2L	+	16042046	16048757
CG45085	chr2R	-	9186669	9192096
CG45086	chr2R	+	12612739	12619820
CG45087	chr2R	+	18536766	18539416
CG45088	chr2R	-	13580585	13593339
CG45089	chrX	-	7893052	7893798
CG45092	chr2R	-	6699694	6715892
CG45095	chr3R	+	25102552	25103617
CG45099	chr3R	-	22032149	22034286
CG45100	chr3R	-	5472809	5474600
CG45101	chr3L	+	11064990	11069025
CG45105	chr3R	-	15910371	15918007
CG4511	chr3R	+	10854500	10856412
CG45116	chr3L	+	22699432	22699870
CG45122	chr3R	+	13044156	13044529
CG45154	chrX	-	21146280	21147041
CG4520	chr3R	+	15744653	15746411
CG45207	chr3R	-	15774771	15775342
CG45218	chr3R	-	15290308	15290799
CG45263	chr3R	-	8364327	8477617
CG45273	chr2R	-	17131115	17131552
CG45307	chr2L	-	8751714	8752122
CG4537	chr2L	+	9890884	9891336
CG4538	chr3R	-	19897371	19903689
CG45413	chr3L	-	6931022	6931950
CG45428	chr3L	-	22836554	22837070
CG4546	chr3R	+	15846533	15848436
CG45486	chrX	-	19909317	19910117
CG45487	chrX	-	19914481	19915281
CG45488	chrX	-	19919640	19920435
CG45489	chrX	-	19928415	19929178
CG45490	chrX	-	19933540	19934294
CG45491	chrX	-	19938231	19938994
CG45492	chrX	-	19943356	19944147
CG45493	chrX	-	19948078	19948873
CG45494	chrX	-	19952813	19953608
CG4553	chr3R	-	25475635	25476915
CG4554	chr2R	+	22483302	22492033
CG45544	chr3R	+	29256484	29257425
CG45545	chr3R	+	7552007	7552298
CG45546	chr3R	+	29369337	29369777
CG4557	chrX	+	6844340	6847847
CG4558	chrX	+	6849769	6851884
CG45603	chrX	+	12274634	12275155
CG4562	chr3R	-	19865416	19875678
CG4563	chr2R	-	24451083	24453040
CG4565	chr3R	+	10852723	10853644
CG45676	chr3R	+	11418884	11419295
CG45690	chr2L	+	10658280	10658559
CG45691	chr2L	-	17320249	17320712
CG4570	chr3R	+	10856806	10858066
CG4572	chr3R	-	19862516	19864393
CG4576	chr3R	+	15825746	15830321
CG45764	chrY	+	3289208	3290215
CG45765	chrY	+	3293605	3294480
CG45766	chrY	+	3301826	3302701
CG4577	chr2L	+	1134692	1141156
CG45770	chrY	+	3349650	3350374
CG4582	chr3R	-	25581222	25583179
CG4586	chrX	+	6969917	6972265
CG4587	chr2L	-	15644182	15718272
CG4592	chr2L	+	9921632	9922860
CG4593	chrX	+	7013886	7015009
CG4594	chr2L	+	9920159	9921459
CG4596	chr3R	+	10873037	10875582
CG4597	chr3L	+	5129498	5130240
CG4598	chr2L	+	9918617	9920120
CG46025	chr2L	+	7754173	7765915
CG46026	chr3R	+	6306883	6309030
CG4603	chr3L	+	5133870	5135670
CG46042	chr3R	-	19941996	19942412
CG46059	chr2L	-	19183092	19183787
CG4607	chrX	+	7069412	7072689
CG4610	chr2R	+	22492196	22494295
CG4611	chr3L	+	5136375	5138679
CG4612	chr2R	-	24521873	24526089
CG4613	chr3L	-	14519759	14521690
CG4615	chrX	-	7098577	7102300
CG4617	chrX	-	7102554	7104491
CG4619	chr2L	+	9938862	9943058
CG46191	chrY	-	3215546	3215855
CG46192	chrY	-	3252955	3253357
CG46193	chrY	+	3263179	3263488
CG4622	chr2R	-	24533373	24556300
CG46244	chr2L	+	19606568	19731561
CG4627	chr2R	+	13214705	13215760
CG46270	chr3R	-	10428136	10428424
CG46280	chr3R	-	13026282	13030659
CG46281	chr3R	-	13028919	13030307
CG4629	chr2L	-	1083090	1102504
CG46298	chr2R	+	10353367	10354389
CG4630	chr2R	-	13215658	13219247
CG46301	chr2L	+	14104089	14160587
CG46302	chr2R	+	854813	855571
CG46303	chr3R	+	5821971	5822435
CG46304	chr2L	+	18946304	18947082
CG46305	chr2R	-	10351532	10352161
CG46306	chrX	-	16826680	16835520
CG46307	chr2L	+	21104567	21132909
CG46308	chr2L	+	13461773	13500427
CG46309	chr2L	-	16245834	16251788
CG4631	chr2L	+	16607369	16610037
CG46310	chr3R	+	23173872	23185642
CG46311	chrX	+	13563822	13590570
CG46312	chrX	-	15987165	15991974
CG46313	chr3R	+	26978540	26985706
CG46314	chr2L	+	21314359	21319527
CG46315	chr2R	-	17703334	17719346
CG46316	chr3R	+	24712779	24717430
CG46317	chrX	+	14261222	14264844
CG46318	chr3R	+	18680603	18685290
CG46319	chr2R	+	10124292	10137472
CG46320	chr3L	+	5664120	5749599
CG46321	chr2R	-	10205453	10227957
CG46335	chr3R	-	27366657	27368717
CG46338	chr2R	-	9864509	9875072
CG46339	chr3R	+	26915760	26945309
CG46383	chr3R	-	15950200	15950943
CG46385	chr2R	-	7737018	7782637
CG46387	chr3L	+	9898625	9899387
CG46388	chr2R	+	18231564	18232294
CG46394	chr3L	+	11600369	11600901
CG46395	chr2R	+	21498580	21498818
CG46396	chr3R	+	6304037	6304505
CG46397	chr2L	+	8947265	8947871
CG46398	chr2R	+	23840994	23841504
CG46399	chrX	+	14859250	14860015
CG46412	chr3L	-	11563586	11564072
CG46426	chr2L	+	11842827	11843661
CG46427	chr3R	-	12437816	12439139
CG46428	chr2R	+	17564339	17565852
CG46429	chr2R	+	23713899	23733183
CG46430	chr3L	+	10478513	10479447
CG46433	chr2R	-	15698725	15701696
CG46434	chr3L	-	19538424	19544205
CG46435	chr3L	+	19545109	19547293
CG46439	chr3L	-	11093370	11096245
CG46440	chrX	-	15854856	15857823
CG46441	chr3R	-	20501315	20502010
CG46442	chr2R	+	22425575	22425981
CG46443	chr2R	-	20075685	20076494
CG46448	chr2L	+	2391659	2392105
CG4645	chrX	+	12909952	12912070
CG46456	chr3L	-	5343618	5355346
CG46457	chr3R	-	13528596	13529356
CG46458	chr3R	-	6896252	6958370
CG46459	chr3R	+	10696646	10698976
CG4646	chr2R	-	13219395	13220251
CG46460	chr3L	-	4224709	4227302
CG46462	chr3L	+	19931690	19932331
CG46463	chr3L	+	3461314	3466314
CG46464	chrX	-	17422319	17443994
CG46465	chr2L	+	18992495	18993357
CG46466	chr4	-	661008	663124
CG46467	chr3R	+	9874680	9988876
CG46468	chr2L	-	9548257	9565438
CG4650	chr2L	-	14773813	14774981
CG4653	chrX	+	16704080	16705278
CG4658	chr2L	+	9957131	9960168
CG4660	chrX	-	6078707	6081372
CG4661	chrX	-	12855687	12857722
CG4666	chrX	-	6076071	6077786
CG4669	chr3L	+	5234482	5236631
CG4676	chr2R	+	13235979	13237055
CG4678	chrX	+	16696130	16711145
CG4679	chr2R	-	13237255	13239468
CG4681	chr2R	-	24578246	24579827
CG4686	chr3R	+	19864495	19866869
CG4691	chr2L	+	14760766	14761924
CG4701	chr2L	+	14765907	14767225
CG4702	chr3R	-	12121582	12128201
CG4704	chr3R	-	22844092	22846302
CG4707	chr2R	-	24604594	24607023
CG4709	chr2L	+	9954324	9956176
CG4712	chr2R	-	13248893	13251724
CG4714	chr2R	-	13251851	13254337
CG4716	chr2R	+	13256586	13257446
CG4730	chr3R	-	25677071	25678682
CG4733	chr3R	+	19890688	19898738
CG4734	chr2R	-	13297201	13298467
CG4741	chr2R	-	24610800	24615158
CG4743	chr3R	-	25679241	25680550
CG4744	chr2R	-	13394614	13399368
CG4751	chr2L	+	11130736	11136003
CG4752	chr2R	+	22478378	22483054
CG4757	chr3R	+	11161206	11163498
CG4763	chr2R	-	23823356	23824868
CG4766	chrX	-	5997507	6000797
CG4768	chrX	+	16792118	16797742
CG4770	chr3R	+	19918506	19920584
CG4781	chr2R	-	24640682	24642239
CG4783	chr3R	+	19948442	19948907
CG4788	chr2L	+	11179031	11180430
CG4789	chrX	+	16800929	16802000
CG4793	chr2L	+	15923394	15926287
CG4797	chr2R	-	23812184	23818327
CG4806	chr2R	-	24666157	24668343
CG4813	chr3R	-	22724883	22726414
CG4815	chr3R	-	27989698	27990751
CG4820	chr3R	+	11216534	11217898
CG4822	chr2L	-	116969	121754
CG4829	chrX	+	16811698	16826494
CG4830	chr3R	-	12208158	12210360
CG4835	chr3L	+	5479789	5483663
CG4836	chr3R	+	20013871	20018248
CG4839	chr2L	+	10144775	10156407
CG4842	chr3L	+	16368388	16369518
CG4847	chr2R	+	17511512	17513855
CG4849	chr3R	+	27963414	27966958
CG4853	chr2R	+	17514216	17517445
CG4854	chr3R	+	20028057	20029561
CG4858	chr3L	+	20526575	20527910
CG4860	chr3R	-	12219880	12221464
CG4866	chr2R	+	17518222	17519027
CG4872	chrX	+	16881346	16882790
CG4880	chrX	+	16886817	16888729
CG4882	chr2R	-	23880816	23882927
CG4884	chr3R	-	27957355	27959245
CG4887	chr2L	+	1173008	1177589
CG4891	chr2L	+	16094996	16095944
CG4892	chr2L	+	16133507	16134412
CG4896	chr2L	+	1177689	1182454
CG4901	chr2L	+	10211142	10213721
CG4907	chr3R	-	22707785	22710762
CG4908	chr2L	+	10222656	10224447
CG4911	chr3L	-	9067194	9072731
CG4914	chr3L	-	14674537	14678147
CG4927	chr2R	+	16572081	16574154
CG4928	chrX	+	16913179	16938209
CG4935	chr2L	+	16262140	16263483
CG4936	chr3R	+	20031822	20034330
CG4942	chr3L	+	9073104	9074467
CG4945	chr2R	+	16566022	16570120
CG4949	chrX	+	17078835	17081237
CG4950	chr3L	-	16265796	16268156
CG4951	chr3R	-	27952050	27954112
CG4953	chr2L	+	10266702	10268748
CG4955	chrX	+	17081446	17083356
CG4956	chr3R	-	25777267	25778305
CG4957	chr2L	+	10268871	10269904
CG4960	chr3R	-	25786328	25787298
CG4962	chr3L	-	16294710	16295547
CG4968	chr2L	+	10306921	10308045
CG4970	chr2L	+	11517390	11519783
CG4972	chr2L	+	10314791	10317569
CG4975	chr2R	+	17726913	17732987
CG4982	chr3L	+	16301452	16302027
CG4983	chr2L	+	11652447	11654164
CG4984	chr2R	+	17726913	17732987
CG4988	chr2L	+	11694803	11696107
CG4991	chrX	+	17091853	17104562
CG4995	chr2L	+	10322475	10324990
CG4998	chr3L	+	16339002	16345241
CG5001	chr2L	+	1185756	1196807
CG5002	chr2R	+	17750292	17753214
CG5003	chr3R	-	27913776	27916516
CG5004	chrX	+	17107581	17135988
CG5009	chr2R	+	17760939	17764541
CG5011	chr2L	+	1200670	1201220
CG5013	chr3R	+	16049669	16050693
CG5021	chr3L	+	8966828	8968171
CG5022	chr2L	+	10344441	10347706
CG5023	chr3R	+	20169434	20174872
CG5024	chr3R	+	25811095	25811775
CG5026	chr3L	+	8968527	8971752
CG5027	chr3L	+	16229099	16231139
CG5028	chr3R	+	25680844	25683780
CG5033	chr2R	+	17789678	17792448
CG5037	chr2L	+	10331470	10333129
CG5038	chr3R	+	15351224	15353926
CG5039	chr3R	+	25678682	25679529
CG5043	chr2L	+	17433861	17435800
CG5044	chr3R	+	15357228	15359263
CG5048	chr3L	+	14684767	14685842
CG5050	chr2L	+	17452923	17458775
CG5056	chr2L	+	10366691	10367946
CG5059	chr3L	-	20514597	20519393
CG5062	chrX	-	5180181	5182369
CG5065	chr2R	+	16607653	16624894
CG5068	chr3L	+	8986709	8989135
CG5070	chrX	+	17203111	17203925
CG5071	chr3R	+	25618413	25621838
CG5078	chr3L	+	20506031	20507375
CG5079	chr3R	+	25613665	25614451
CG5080	chr2L	-	1160289	1163886
CG5084	chr2R	+	18018664	18020211
CG5087	chr3L	+	8998183	9002566
CG5089	chr2R	+	16598747	16600411
CG5096	chr2L	+	10382262	10384723
CG5098	chr2R	+	18094939	18101031
CG5103	chr3L	-	18292124	18294262
CG5104	chr3L	+	20521008	20522434
CG5107	chr3R	+	25505190	25505931
CG5110	chr2L	+	17481230	17482037
CG5111	chr3R	+	25506274	25508279
CG5112	chr3R	+	25491459	25493262
CG5114	chr3L	+	14982834	14984486
CG5116	chr3R	+	25483097	25485855
CG5122	chr2L	+	13130590	13134804
CG5126	chr2L	-	1182296	1184020
CG5131	chr2L	+	17484500	17485624
CG5139	chr2L	-	1198464	1199266
CG5144	chr3L	+	9047438	9048724
CG5149	chr2L	-	7384485	7388253
CG5151	chr3L	-	16137801	16164701
CG5157	chr3L	-	16136486	16137879
CG5160	chr2L	-	7390983	7398750
CG5162	chrX	+	17215303	17217365
CG5171	chr2L	+	7401334	7404727
CG5172	chrX	+	17221441	17222651
CG5174	chr2R	+	18421412	18426221
CG5177	chr2L	+	7405226	7408600
CG5180	chr3R	+	20557929	20559760
CG5181	chr2L	-	7408532	7409809
CG5188	chr2L	+	10428828	10429988
CG5189	chr2R	+	18446547	18449420
CG5191	chr3R	+	20560864	20573000
CG5194	chr3L	-	9008623	9009838
CG5196	chr3R	+	12408315	12411768
CG5199	chr3L	-	20450531	20452864
CG5213	chr3R	+	15494601	15495620
CG5214	chr3R	+	11244301	11246862
CG5217	chr3R	-	19247051	19248136
CG5220	chr3R	+	17040681	17041895
CG5225	chr3R	+	17028692	17030701
CG5235	chr3L	-	16087626	16090392
CG5245	chr3R	+	12429559	12431235
CG5246	chr3R	+	17136110	17137195
CG5250	chr3R	-	19228216	19229276
CG5254	chrX	+	750346	758719
CG5255	chr3R	+	17137892	17138865
CG5262	chr3L	-	20427961	20430475
CG5265	chr3R	+	17138998	17141168
CG5267	chr2R	+	16755072	16755823
CG5270	chr3R	+	11422091	11429969
CG5273	chrX	+	759593	761939
CG5274	chr3L	-	20426198	20427666
CG5276	chr3R	+	11431737	11433543
CG5280	chr3L	-	8989068	8990228
CG5281	chr3R	+	11435849	11437523
CG5282	chr3L	-	20424423	20426071
CG5285	chr3R	+	17150586	17151630
CG5287	chr2L	+	13179246	13183495
CG5290	chr3L	-	17909482	17912565
CG5292	chr3R	+	17151860	17153771
CG5316	chr3R	+	19403454	19406294
CG5321	chrX	+	14679567	14681418
CG5323	chr2R	+	18615059	18615999
CG5326	chr3R	-	22532173	22539919
CG5327	chr2R	+	18615987	18618317
CG5334	chrX	+	14775307	14776299
CG5335	chr2R	+	18621540	18622986
CG5339	chr2R	-	23896895	23898246
CG5342	chr3R	+	11578825	11581476
CG5346	chr3R	-	22520086	22528663
CG5347	chrX	+	14776773	14777983
CG5348	chr2R	+	16766803	16769238
CG5355	chr2L	-	10410536	10413463
CG5359	chr3R	-	9999770	10001276
CG5367	chr2L	-	10354742	10356597
CG5376	chr3R	-	22488032	22488955
CG5377	chr3R	-	22466904	22468157
CG5380	chr3R	-	22366079	22367373
CG5381	chr2L	-	10317496	10323102
CG5382	chr3R	-	22364572	22365983
CG5386	chr3R	-	22341235	22342251
CG5388	chr3R	-	22334256	22340307
CG5390	chr2L	-	10304068	10306594
CG5391	chr3R	-	22333087	22334150
CG5397	chr2L	+	1240035	1243018
CG5399	chr3R	+	15695240	15697142
CG5402	chr3R	-	27502089	27502956
CG5404	chr3R	+	15704675	15708434
CG5412	chr3R	+	20577052	20578131
CG5418	chr2L	-	12451944	12453242
CG5421	chr2L	-	12446079	12448132
CG5435	chr2L	-	12429826	12430892
CG5439	chr2L	+	13177149	13178978
CG5440	chr2L	+	1334127	1335514
CG5445	chrX	+	17282495	17305475
CG5446	chr2L	-	12426630	12427709
CG5447	chr3R	+	26452533	26454585
CG5455	chr3R	+	26461526	26470008
CG5466	chr3R	+	20617882	20621269
CG5478	chr3R	-	15932699	15933734
CG5493	chr2R	-	18616691	18619328
CG5498	chr3L	-	20382404	20384109
CG5500	chr3R	+	26876629	26880459
CG5504	chr2R	+	23706912	23709026
CG5506	chr3L	-	17883648	17884376
CG5509	chr3R	+	12452463	12453196
CG5510	chr3R	-	24167674	24169562
CG5515	chr3R	-	24187723	24188896
CG5516	chr3R	+	15963883	15964761
CG5521	chr3R	+	26966929	26977878
CG5522	chr2R	+	16783670	16792472
CG5532	chr2R	+	23752753	23753515
CG5535	chr3L	-	17852623	17856794
CG5539	chr2R	+	23804810	23806144
CG5541	chrX	+	15044122	15051842
CG5543	chr2R	+	23809235	23811398
CG5550	chr2R	+	16816588	16817577
CG5554	chr2R	+	23845000	23847024
CG5555	chr3R	-	19178084	19180538
CG5556	chr2L	-	1351727	1352868
CG5561	chr2L	-	1352969	1354109
CG5565	chr2L	-	1354910	1355924
CG5567	chr3L	-	17841539	17843544
CG5568	chr3L	+	5871500	5873518
CG5569	chr2R	+	23865413	23866654
CG5577	chr3L	-	17838649	17841427
CG5589	chr3L	-	17802489	17804715
CG5590	chr3R	+	27677521	27679013
CG5592	chr3L	+	5897637	5899395
CG5597	chr2R	+	23886972	23888777
CG5599	chrX	+	15086124	15088629
CG5608	chr3R	-	12462561	12465298
CG5611	chr3R	-	27634624	27636060
CG5612	chr3R	-	27623358	27626011
CG5613	chrX	+	17423590	17428735
CG5614	chr3R	+	15779804	15781092
CG5618	chr3L	+	20353448	20356632
CG5623	chr3R	-	15766245	15767438
CG5639	chr3R	-	27586473	27596130
CG5641	chr3R	-	12427794	12429282
CG5644	chr3L	-	8977394	8979880
CG5645	chr3L	-	12133770	12136706
CG5646	chr3R	-	27559378	27561319
CG5653	chr3L	-	8964911	8966374
CG5662	chrX	+	15210385	15211467
CG5664	chr3L	-	21438627	21441363
CG5665	chr3L	+	20358511	20359820
CG5674	chr2L	+	17963378	17974868
CG5676	chr2L	-	10254609	10255891
CG5681	chr2L	+	17986398	17988619
CG5687	chr3L	-	1933632	1939103
CG5693	chr2L	+	18006626	18007216
CG5697	chr3R	+	21015948	21017120
CG5704	chr3L	-	2169552	2170971
CG5707	chr3L	-	2189159	2192221
CG5708	chr2L	-	10224456	10226808
CG5715	chr3R	-	24293365	24294399
CG5721	chr2R	-	18182434	18184090
CG5726	chr2R	-	18175254	18180197
CG5727	chr2L	-	10209852	10210681
CG5728	chr3R	-	24328454	24333316
CG5731	chr2L	-	10207084	10209744
CG5742	chr2R	-	18148095	18151410
CG5745	chr3R	+	21102198	21105113
CG5746	chr3R	-	24343894	24348791
CG5756	chr2R	-	18101060	18108389
CG5757	chr2R	-	18093722	18094900
CG5758	chr2L	+	18119994	18129862
CG5762	chr3R	-	24360704	24361683
CG5767	chr2R	-	18046385	18047484
CG5768	chr3R	-	24386103	24390339
CG5770	chr2R	-	18044045	18045073
CG5773	chr2R	-	18042295	18043744
CG5776	chr2L	-	12700948	12704451
CG5781	chr2L	-	12696425	12697323
CG5783	chr2L	+	18156042	18157162
CG5787	chr2L	-	12708791	12712952
CG5789	chr3R	-	24536203	24543914
CG5790	chr2L	+	18294839	18297347
CG5793	chr3R	+	21127572	21129601
CG5800	chrX	+	17636280	17639003
CG5805	chr3R	-	24784551	24787421
CG5808	chr3R	-	24814902	24817007
CG5810	chr3R	+	21163777	21165161
CG5815	chr3R	+	27112565	27115126
CG5819	chr2R	+	22293399	22296955
CG5823	chr3R	-	17532324	17534587
CG5828	chr2L	+	5093975	5095910
CG5835	chr3R	-	19148631	19153686
CG5846	chr2L	-	9956174	9957237
CG5849	chr3R	+	21740104	21744431
CG5850	chr2L	-	9959247	9963949
CG5853	chr2L	-	9940772	9947648
CG5854	chr3R	+	23933911	23935964
CG5860	chr3R	+	17409618	17410840
CG5861	chr2L	-	16305800	16307298
CG5862	chr3R	+	21215078	21216226
CG5863	chr3R	+	17411107	17412680
CG5866	chr3R	+	17415738	17416505
CG5867	chr2L	+	13236493	13239297
CG5877	chrX	+	15293030	15297169
CG5880	chr3R	+	27116744	27118532
CG5882	chr3R	+	27118645	27121590
CG5883	chr3L	-	11943639	11944852
CG5885	chr2L	-	9917220	9918330
CG5886	chr3R	+	25851631	25853989
CG5888	chr2L	-	16400174	16448469
CG5890	chr3R	+	25856153	25872670
CG5892	chr3R	+	21242617	21245418
CG5895	chr3L	+	16035484	16037227
CG5897	chr3L	-	11887258	11889010
CG5902	chr3R	+	23986641	23988738
CG5903	chr3R	-	16144400	16146855
CG5906	chr3L	-	11870456	11871305
CG5909	chr3R	+	27161157	27162911
CG5910	chr3L	+	20442418	20450580
CG5913	chr3R	+	25893494	25895026
CG5916	chr3R	+	16147028	16149636
CG5921	chrX	+	6050827	6065646
CG5928	chrX	+	6067957	6069264
CG5934	chr3R	+	27273704	27274565
CG5937	chrX	+	6040004	6050381
CG5938	chr3R	+	27274793	27277418
CG5945	chr2L	+	13239988	13241773
CG5946	chr3L	-	11816694	11822275
CG5948	chr3R	+	25895821	25897174
CG5953	chr2L	-	16508077	16532877
CG5955	chr3L	+	20466943	20469592
CG5958	chr2L	-	7430529	7433516
CG5961	chr3R	-	12458420	12460294
CG5964	chr3L	-	11790211	11793283
CG5966	chrX	+	5988790	5992640
CG5968	chr2L	-	16549180	16549959
CG5969	chr3L	+	20473782	20474791
CG5973	chr2L	+	7437491	7445882
CG5984	chr3R	-	27246402	27247992
CG5986	chr3R	+	24047789	24049168
CG5989	chr3L	-	8602410	8604149
CG6000	chr3R	+	24054390	24055092
CG6005	chr3R	-	19022457	19024030
CG6006	chr3R	+	16154981	16171766
CG6012	chr2L	-	16860028	16861489
CG6013	chr3R	+	19031502	19032409
CG6015	chr3R	-	22032149	22034286
CG6023	chrX	-	18314123	18321193
CG6024	chr3L	-	11733588	11766182
CG6026	chr3R	+	19033537	19044693
CG6028	chr3R	-	22024258	22025506
CG6034	chr3L	-	17745172	17746860
CG6036	chr3R	-	26344289	26345473
CG6040	chr3R	+	19096960	19131929
CG6041	chrX	+	5948159	5950208
CG6044	chr2R	+	22404176	22408540
CG6048	chrX	+	5952564	5954046
CG6051	chr3R	-	27124758	27151069
CG6052	chr3L	-	17723712	17729378
CG6055	chr2L	+	7466542	7472493
CG6059	chr3R	-	27121617	27124688
CG6066	chr3R	-	27115151	27116707
CG6067	chrX	+	5955628	5958283
CG6071	chr3L	-	11642905	11646033
CG6073	chr3R	-	26187017	26188807
CG6083	chr3L	-	11624527	11626125
CG6094	chr2L	+	10507080	10508032
CG6106	chrX	+	18358880	18362527
CG6115	chr2L	-	16887108	16887966
CG6118	chr3R	-	15421107	15434738
CG6123	chrX	-	18322957	18356191
CG6125	chr3R	-	15402597	15407070
CG6126	chr3R	-	16197999	16203083
CG6136	chr3R	-	15370035	15372212
CG6138	chr2L	+	10567254	10568012
CG6142	chr3R	+	26133153	26137148
CG6144	chr2L	+	10488693	10490461
CG6145	chr2R	-	13537370	13547577
CG6149	chr3L	-	11434694	11435476
CG6153	chr2L	+	12692992	12693939
CG6154	chr3R	+	26262661	26277050
CG6163	chr3L	-	11361985	11364885
CG6168	chr3L	-	11319641	11321719
CG6171	chr3R	-	15362795	15363857
CG6175	chr3L	-	11287935	11295919
CG6178	chr3R	+	24152346	24154896
CG6179	chrX	+	18380081	18381479
CG6180	chr2L	+	12707660	12708680
CG6184	chr3R	-	19652368	19657866
CG6191	chr2R	-	13580312	13593339
CG6195	chr3R	-	19646929	19648410
CG6201	chr2L	-	11110556	11113061
CG6204	chr3R	+	24193831	24196880
CG6209	chr2R	-	13661494	13663598
CG6216	chr3L	-	11149577	11150785
CG6218	chr3R	-	15337907	15343256
CG6220	chr2R	-	13691706	13693369
CG6225	chr3R	+	12654576	12660860
CG6227	chrX	+	15345168	15350021
CG6230	chr2L	-	11115634	11120319
CG6231	chr3R	-	19616023	19632718
CG6236	chr3R	-	15325324	15328269
CG6244	chr3L	+	15808321	15808883
CG6254	chr3R	-	10159143	10161331
CG6262	chr2R	+	16359729	16363524
CG6271	chr3R	-	27024967	27026109
CG6276	chr3R	-	15318202	15320069
CG6277	chr3R	-	27022070	27023217
CG6280	chr2R	+	13753963	13758971
CG6282	chr3L	+	8604656	8617074
CG6283	chr3R	-	27020237	27021378
CG6287	chr2L	-	11151505	11155721
CG6290	chrX	+	18437489	18438233
CG6293	chr3R	-	10307805	10311613
CG6294	chrX	+	15462721	15466812
CG6295	chr3R	-	27005898	27007055
CG6296	chr3R	-	27003235	27005469
CG6299	chrX	+	15462721	15466812
CG6300	chr3R	-	19771381	19773225
CG6304	chr2L	-	17011475	17014700
CG6310	chr3L	-	11069042	11069864
CG6321	chr3L	-	11059436	11061224
CG6324	chrX	+	15476090	15481722
CG6325	chr3R	-	10402966	10407285
CG6329	chr2R	+	13826370	13833503
CG6330	chr3R	-	26949691	26958491
CG6333	chr3L	-	17480128	17486230
CG6337	chr2R	-	13833574	13835096
CG6340	chrX	+	15482373	15486612
CG6345	chr3R	-	10414217	10416046
CG6347	chr2R	+	13836418	13839363
CG6356	chr3R	+	24283954	24288617
CG6357	chr2R	+	13840052	13841743
CG6362	chr2R	-	17770404	17772552
CG6379	chrX	-	4097591	4101031
CG6380	chr2L	-	17291074	17292202
CG6388	chr2L	+	12428027	12430021
CG6398	chrX	+	17830827	17841705
CG6403	chr3R	-	26735416	26736307
CG6405	chr2L	+	12424903	12426440
CG6409	chr3L	-	10880698	10882386
CG6414	chrX	-	3968787	3971350
CG6415	chr2L	+	10703620	10704930
CG6418	chr3L	-	10876314	10879037
CG6420	chr3R	-	26719846	26725216
CG6421	chr2R	+	16872249	16872906
CG6424	chr2R	-	17703334	17719346
CG6425	chr3R	-	26715164	26717389
CG6426	chr2R	+	16869401	16871851
CG6428	chrX	-	3965434	3968655
CG6429	chr2R	+	16873014	16873755
CG6431	chr2L	+	10724202	10728740
CG6432	chr3R	+	24336921	24340645
CG6435	chr2R	+	16873771	16874977
CG6441	chr2L	+	7474703	7476952
CG6443	chr2L	+	10728977	10730302
CG6454	chr3R	+	24349181	24356241
CG6462	chr3L	+	6037110	6038188
CG6465	chr3R	-	10675559	10677251
CG6470	chrX	-	18512828	18514867
CG6472	chr2R	+	16880712	16884695
CG6479	chr3L	-	17337171	17339262
CG6481	chrX	-	18521073	18522445
CG6484	chr2R	-	17582006	17584012
CG6495	chr2L	+	10761115	10764971
CG6497	chr3L	-	17252376	17253937
CG6503	chr3R	-	26424697	26425105
CG6508	chr2L	+	10819106	10820485
CG6511	chr3L	+	8721323	8726108
CG6512	chr3L	-	17238612	17242128
CG6523	chr2L	+	13366446	13367410
CG6527	chr3L	-	10557022	10559082
CG6550	chr2R	-	17425669	17427511
CG6553	chr2R	-	13854577	13855778
CG6565	chr2L	+	13374018	13376404
CG6567	chr3R	-	10853373	10854451
CG6569	chr3R	-	21866171	21867919
CG6574	chr3R	-	10860530	10862988
CG6576	chr3L	+	8755988	8757167
CG6583	chr2L	-	12171203	12172586
CG6592	chr3L	+	6059657	6061378
CG6602	chr3L	+	6072138	6073539
CG6607	chr3R	+	24528046	24529815
CG6610	chr3L	+	6075535	6076258
CG6614	chr2L	-	11644618	11648839
CG6617	chrX	-	18649395	18650444
CG6621	chr3R	-	10889767	10893531
CG6628	chr3L	-	10165808	10167023
CG6629	chr3R	-	11114670	11115706
CG6638	chr3L	-	8574406	8576078
CG6650	chr3L	+	14031449	14034909
CG6652	chr3L	-	17020347	17022856
CG6654	chr3R	-	15211276	15213658
CG6656	chr3R	+	21875292	21877788
CG6659	chrX	-	18653391	18657286
CG6660	chr3R	+	22923351	22924525
CG6661	chr3L	+	14034775	14036751
CG6664	chr3L	-	17012885	17016180
CG6665	chr2R	+	16957464	16958927
CG6674	chr3L	-	9971150	9972054
CG6675	chr2L	+	22108963	22110449
CG6678	chr3R	+	21887028	21907182
CG6683	chr3L	-	8513873	8514921
CG6685	chr3L	-	9966602	9968317
CG6686	chr2L	-	11984326	11988039
CG6688	chr3R	+	23012411	23015475
CG6689	chr3R	-	11217897	11220064
CG6693	chr3R	-	11220267	11221639
CG6695	chr3R	+	24655159	24659379
CG6696	chrX	-	18660471	18662153
CG6700	chr2L	-	10837731	10842597
CG6701	chr2R	-	13972983	13980165
CG6707	chr3L	-	9894806	9898575
CG6709	chr3L	-	9893187	9894743
CG6712	chr2L	-	12095175	12096511
CG6723	chr3R	-	11416217	11418668
CG6724	chr2L	-	10768233	10769952
CG6726	chr3R	+	23091723	23095184
CG6729	chr2L	-	10740781	10743935
CG6733	chr3R	+	23097727	23099191
CG6738	chr3R	+	23099532	23100983
CG6739	chr2L	+	7608388	7616533
CG6749	chr3L	-	9731237	9733807
CG6752	chr3R	-	15191057	15196210
CG6753	chr3R	-	12640162	12642482
CG6758	chr2R	+	22174921	22177428
CG6761	chr3L	-	9700516	9703595
CG6762	chrX	+	17856973	17858610
CG6763	chr3R	+	23284001	23286041
CG6765	chr3L	+	8512766	8518738
CG6766	chr2L	-	12038630	12040689
CG6769	chrX	+	17861001	17862775
CG6770	chr2L	-	12045342	12046118
CG6785	chr2L	-	12041053	12045200
CG6788	chrX	+	17888176	17889404
CG6790	chr3R	-	11575900	11578745
CG6791	chr3R	-	11585353	11590146
CG6793	chr3L	+	12042386	12044217
CG6800	chr3R	+	21776137	21777213
CG6805	chr2R	+	17005450	17007501
CG6808	chr3R	-	11621465	11625644
CG6813	chr3R	-	11625050	11626638
CG6830	chr3R	-	11680971	11684342
CG6833	chr3L	+	14051205	14052469
CG6834	chr3R	-	11684671	11688133
CG6836	chr3L	+	18950628	18955406
CG6839	chr3L	+	18917580	18919259
CG6841	chr3L	+	18905371	18908974
CG6843	chr3L	+	18901593	18902952
CG6845	chr3L	+	146432	149056
CG6847	chrX	+	17911461	17924163
CG6865	chr3L	+	18863646	18865514
CG6867	chrX	+	18023869	18028261
CG6870	chr2L	-	17591314	17592299
CG6873	chrX	-	18739215	18739895
CG6878	chr3L	+	15161816	15162470
CG6885	chr3L	+	18744487	18745699
CG6888	chr3L	+	15207843	15208586
CG6891	chrX	+	18775227	18781345
CG6893	chr3L	+	18694186	18695648
CG6901	chr3R	+	16323414	16325128
CG6903	chrX	+	4918729	4921648
CG6907	chr2L	+	5524138	5525809
CG6908	chr3R	-	11688380	11690051
CG6910	chr3L	+	12184983	12187860
CG6912	chr3R	-	15135137	15137004
CG6923	chr3R	-	11744228	11750029
CG6927	chrX	+	4906899	4908821
CG6928	chr3L	+	12003154	12008051
CG6931	chr3L	+	11990735	11992000
CG6933	chr3L	-	20218499	20220420
CG6937	chr3R	+	22584772	22586209
CG6938	chr3L	+	11984905	11990505
CG6951	chr3L	+	20241266	20245312
CG6959	chr3R	-	11822701	11869460
CG6961	chrX	-	18786141	18788210
CG6962	chr3R	-	11879701	11882534
CG6966	chr3R	-	15079319	15095631
CG6967	chr2R	+	17062774	17066546
CG6972	chr3R	+	22702006	22704338
CG6974	chr3R	-	15078529	15079285
CG6978	chrX	+	4784074	4786059
CG6980	chr3R	+	24807620	24808677
CG6983	chr3L	-	8443041	8449377
CG6984	chr2R	+	17091983	17093070
CG6985	chr3R	+	22741149	22743081
CG6996	chr3L	+	20207533	20209600
CG6999	chrX	+	9088366	9089314
CG7006	chr3R	+	24850626	24851385
CG7009	chr3R	-	21132733	21133881
CG7011	chr3L	-	15160875	15163628
CG7016	chr3R	+	24862930	24864216
CG7017	chr3L	-	20210291	20212122
CG7024	chrX	+	4705308	4707504
CG7025	chr2L	-	7691108	7692683
CG7028	chr3L	-	207183	211457
CG7029	chr3R	+	22750900	22794030
CG7031	chr3R	+	22804290	22807290
CG7044	chr3R	-	21098228	21101718
CG7049	chr3L	-	175111	176228
CG7054	chr3R	+	22464984	22465938
CG7058	chrX	+	18806693	18812002
CG7059	chr3R	+	22389779	22392349
CG7065	chrX	+	9142492	9147894
CG7069	chr3R	+	22372834	22375579
CG7071	chr3R	+	22362619	22364580
CG7079	chr3R	-	21047461	21048829
CG7080	chr3R	+	22329299	22330546
CG7083	chr3L	+	8340784	8342876
CG7084	chr3R	+	22298804	22304420
CG7091	chr3R	+	12977999	12980535
CG7094	chr2L	-	17554353	17555765
CG7099	chr2L	+	13387570	13393959
CG7101	chrX	+	18830590	18832123
CG7102	chr2L	-	7883281	7887513
CG7110	chr2L	+	13398990	13411047
CG7115	chr2L	+	7821150	7825350
CG7120	chr3L	+	8395999	8402295
CG7126	chr3R	-	18302051	18302849
CG7130	chr3L	-	22075055	22075756
CG7131	chr3R	-	18286619	18288777
CG7133	chr3L	-	22073067	22074523
CG7135	chrX	+	18103652	18105393
CG7137	chr2R	+	19227343	19228613
CG7139	chr3L	-	22067269	22071848
CG7140	chr3L	-	22026229	22028325
CG7142	chr3R	-	18278180	18279522
CG7148	chr3L	-	21830543	21832253
CG7149	chr2L	-	7786159	7790557
CG7154	chr2L	+	7782864	7786061
CG7156	chr3R	-	18239419	18242159
CG7164	chr2L	+	7781464	7782760
CG7166	chr3L	-	21619999	21625647
CG7168	chr3R	-	18224901	18226082
CG7173	chr3L	-	21555372	21558226
CG7179	chr2L	-	7775803	7778029
CG7182	chr3L	-	8344420	8346382
CG7183	chr3R	-	18218146	18220699
CG7191	chr2L	+	7767627	7775033
CG7194	chr3L	-	8302363	8304059
CG7201	chr3L	-	8290285	8295327
CG7202	chr3L	-	21491398	21492773
CG7203	chr2L	-	7752169	7753186
CG7206	chrX	-	18088724	18090509
CG7208	chr3R	-	18183655	18185715
CG7213	chr3L	-	8231813	8240601
CG7214	chr2L	-	7743681	7744839
CG7215	chr3R	-	18165441	18167273
CG7218	chr3R	-	18161391	18164397
CG7220	chr2R	+	10731334	10738370
CG7222	chr2R	+	10813404	10815781
CG7227	chr2L	-	7994387	7998151
CG7231	chr2L	+	7983945	7986785
CG7236	chr2L	+	5706373	5713791
CG7239	chr2L	+	5802219	5804030
CG7246	chrX	-	9078822	9081057
CG7248	chr3L	+	11954082	11956780
CG7251	chr2L	-	5587114	5588414
CG7252	chr3L	+	11947674	11949248
CG7255	chr3L	+	15304254	15311195
CG7264	chr3L	+	11829029	11830844
CG7265	chr3R	-	14892391	14893954
CG7271	chr3L	+	18588758	18590165
CG7272	chr3L	+	15500937	15503769
CG7275	chr3L	+	15498958	15500561
CG7276	chr3L	+	15498201	15498821
CG7289	chr2L	+	1982216	1984514
CG7290	chr3L	-	20204308	20206046
CG7294	chr2L	-	10688733	10689271
CG7295	chr2L	+	1869802	1871032
CG7296	chr2L	-	10686123	10687066
CG7298	chr3L	-	20202069	20203687
CG7299	chr2L	-	10683426	10684409
CG7300	chr2L	-	10694999	10698043
CG7304	chr3L	+	15679719	15681470
CG7309	chr2L	-	10906269	10908893
CG7320	chr3L	+	18201493	18203637
CG7322	chrX	-	18855872	18857757
CG7324	chr3L	-	21337680	21343716
CG7326	chrX	-	18861196	18863776
CG7328	chr3L	-	20139209	20140607
CG7329	chr2L	-	10629351	10638471
CG7330	chr3L	+	18148922	18153807
CG7332	chrX	+	18884512	18888860
CG7333	chr3R	+	19600634	19602629
CG7335	chr3L	-	20132031	20133268
CG7339	chr3L	+	11648755	11650499
CG7341	chr3L	+	18112958	18121003
CG7342	chr3R	+	19603374	19606475
CG7352	chr3R	+	8347578	8349296
CG7362	chr3R	-	14751747	14754460
CG7365	chr3L	-	20124297	20127381
CG7366	chr3L	-	8201077	8202417
CG7367	chr2L	-	8026913	8039788
CG7368	chr3L	+	11597201	11605374
CG7369	chr3L	+	22741792	22748614
CG7370	chr3L	+	21769814	21771321
CG7376	chr3L	+	6174247	6178941
CG7377	chr3L	+	11589694	11589979
CG7378	chrX	+	18900409	18911843
CG7379	chr3R	-	17796375	17798304
CG7381	chr3R	-	12967774	12977471
CG7382	chr2L	-	5518892	5519896
CG7384	chr2L	-	10507858	10510453
CG7386	chr3L	+	6189744	6192049
CG7387	chr3L	-	8191521	8193116
CG7394	chr3L	+	11561995	11564312
CG7402	chr3L	+	17887704	17891404
CG7406	chrX	+	19077719	19078592
CG7407	chr3L	+	21823460	21824571
CG7408	chr3L	+	17879095	17883653
CG7409	chr3L	+	7754408	7755168
CG7414	chr3L	+	21824739	21827856
CG7420	chr2L	-	1500783	1502904
CG7423	chrX	-	19082608	19083290
CG7430	chr3L	+	17846915	17849601
CG7432	chr3R	+	19665006	19670827
CG7443	chr3R	+	8324315	8325036
CG7453	chrX	+	19180172	19182024
CG7457	chr3L	-	7719898	7726473
CG7458	chr3L	+	21955109	21958041
CG7460	chr3L	+	17740539	17742540
CG7461	chr2R	+	19305171	19307445
CG7465	chr3L	+	4480282	4481487
CG7470	chr3L	+	21972001	21984606
CG7483	chr3R	+	8313207	8314864
CG7484	chr3L	+	17654616	17655645
CG7488	chr3R	+	12995619	12996925
CG7492	chr3L	-	7651865	7654752
CG7497	chr3L	+	17633448	17638001
CG7504	chr3L	-	8131428	8137498
CG7506	chr3L	-	7640797	7641648
CG7509	chr3L	-	4803076	4805274
CG7512	chr3L	+	11513704	11518904
CG7514	chr3L	-	4687586	4688774
CG7518	chr3R	+	12998088	13008404
CG7519	chr3L	+	21493082	21493907
CG7523	chr3R	-	17669143	17670895
CG7530	chr3R	-	14724759	14731509
CG7536	chrX	-	18078490	18088532
CG7542	chr3L	+	17549825	17550980
CG7544	chr2R	+	15147859	15149709
CG7546	chr3L	+	7510985	7517316
CG7548	chr3L	-	7505539	7506217
CG7550	chr3L	-	8123611	8124531
CG7551	chr3L	+	11458489	11459625
CG7556	chrX	-	19176108	19179830
CG7557	chr3L	+	11445160	11446579
CG7560	chr3L	+	11425157	11426395
CG7564	chr3L	+	17514297	17524740
CG7565	chr3L	-	8087634	8091786
CG7567	chr3R	-	29587236	29588104
CG7568	chr3R	-	29598669	29600862
CG7573	chr3L	+	11311746	11313397
CG7579	chr3L	-	15681632	15683445
CG7582	chr3R	-	29680240	29682278
CG7600	chr3L	+	11210785	11214097
CG7601	chr3R	-	29735268	29736745
CG7606	chr3R	+	17596535	17598453
CG7607	chr3L	+	11199619	11200587
CG7611	chr3L	+	21523185	21528163
CG7627	chr2L	-	8355677	8362469
CG7630	chr3L	+	17425476	17426282
CG7631	chr2L	+	15628677	15629552
CG7632	chr3L	+	21304696	21306197
CG7634	chr3L	+	21565425	21567785
CG7637	chr2R	-	10810555	10810936
CG7638	chr3L	+	11109689	11112117
CG7639	chr2R	-	14987659	14992230
CG7646	chr3L	+	19991886	19996269
CG7650	chr3L	-	15608706	15610386
CG7653	chr2L	-	15876937	15880156
CG7655	chr3R	+	17682668	17683773
CG7656	chr3L	-	15585430	15588175
CG7668	chr3L	+	20002735	20004834
CG7675	chr3R	-	18378123	18381178
CG7685	chr3R	+	18404939	18406002
CG7691	chr3R	+	18559868	18561353
CG7692	chr3L	+	17351821	17358056
CG7694	chr3R	+	18573090	18590726
CG7695	chr3R	-	18616753	18617511
CG7702	chr3R	+	18669389	18674679
CG7706	chr3R	+	18677817	18680321
CG7707	chr3L	+	17243435	17244746
CG7714	chr3R	-	18725398	18726434
CG7715	chr3R	-	18727572	18728468
CG7716	chr3L	-	7588607	7590998
CG7718	chr3R	-	18744062	18746041
CG7720	chr3R	-	18759235	18795169
CG7724	chr3L	+	17055612	17058533
CG7728	chr3L	+	17016535	17020270
CG7730	chr3L	+	17027514	17029814
CG7737	chr2R	+	11222870	11226746
CG7739	chr3L	-	15560725	15563065
CG7741	chr2R	+	11301915	11305607
CG7742	chr2L	-	5212394	5215081
CG7744	chr2R	+	19452503	19455527
CG7745	chr2R	+	11307878	11309829
CG7747	chr2R	-	16292263	16294130
CG7755	chr2R	-	16281629	16282946
CG7763	chr2R	+	11414509	11415462
CG7766	chrX	-	9093611	9103739
CG7768	chr3L	+	14218203	14218974
CG7772	chrX	-	17906030	17907261
CG7778	chr2L	+	8346619	8351112
CG7781	chr2L	-	8321279	8325409
CG7785	chr3R	+	18021599	18023689
CG7786	chr2R	-	16234357	16234936
CG7789	chr3R	+	29803195	29804389
CG7791	chr2R	-	5758064	5760407
CG7794	chr3R	+	18023706	18025378
CG7798	chr2R	-	16222111	16222627
CG7800	chr3R	+	8217956	8219734
CG7806	chr2L	+	8311398	8317011
CG7810	chr2L	-	8309875	8311195
CG7824	chr3R	-	29857651	29858936
CG7829	chr3R	-	29816737	29817764
CG7834	chr3R	-	29801598	29802945
CG7839	chr3L	+	11074768	11078736
CG7840	chr2L	+	8305585	8306741
CG7841	chr3L	-	15505187	15508252
CG7848	chr2R	-	16433851	16435954
CG7849	chr2R	+	6076909	6078088
CG7856	chr2R	-	6057356	6059558
CG7857	chr3L	-	15503599	15504894
CG7860	chrX	+	15568992	15570369
CG7872	chrX	+	15578204	15579857
CG7878	chr3R	+	8122724	8125273
CG7879	chr3L	-	1559812	1568608
CG7881	chr2R	-	5960274	5966856
CG7882	chr2R	+	5957620	5960183
CG7884	chrX	+	19220621	19235910
CG7886	chr3R	-	14626675	14642563
CG7888	chr3L	+	11054034	11059659
CG7889	chrX	+	19243630	19245224
CG7896	chr3R	+	29983425	29990785
CG7900	chr3R	+	8094123	8105083
CG7903	chr3R	-	29993474	29995231
CG7906	chr3L	+	14236634	14238272
CG7907	chr3R	+	21403734	21406690
CG7910	chr3R	+	8087251	8089526
CG7912	chr3R	-	30006033	30009189
CG7914	chrX	-	19192218	19193448
CG7916	chr2L	+	13846751	13847799
CG7920	chr3R	-	30010475	30015284
CG7924	chr3L	+	14233468	14234609
CG7943	chr3R	+	30046469	30048665
CG7945	chr3L	-	15521710	15524137
CG7950	chr3R	+	30056858	30058131
CG7953	chr2L	+	13847924	13849223
CG7956	chr3R	+	21520927	21528598
CG7963	chr3R	+	8362825	8363894
CG7966	chr3R	-	13049397	13051453
CG7968	chr2L	+	13849399	13850329
CG7970	chr3L	+	1652749	1654238
CG7974	chr3L	+	1665137	1666594
CG7985	chr3R	+	18199856	18215001
CG7987	chr3R	-	14570471	14575887
CG7988	chr3R	+	18220525	18221473
CG7990	chrX	-	19196057	19201979
CG7991	chr3L	+	1674708	1715541
CG7992	chrX	-	19245157	19247250
CG7997	chr2R	-	16341250	16344182
CG8001	chr3L	+	1756158	1759208
CG8003	chr3L	+	10661474	10663157
CG8004	chr3L	-	19927193	19928508
CG8005	chr3L	+	8198206	8199491
CG8006	chr3L	+	8211889	8213622
CG8008	chr2R	-	9157906	9161436
CG8009	chr3L	+	10638145	10639678
CG8010	chrX	-	19266655	19268896
CG8012	chr3L	+	8215279	8216198
CG8026	chr2R	-	9186669	9192096
CG8027	chr2R	-	9204409	9207124
CG8028	chrX	-	19277175	19280349
CG8031	chr3R	-	13008383	13011310
CG8032	chr3R	+	8664114	8667772
CG8034	chrX	-	19281231	19298162
CG8036	chr3R	+	8667867	8673702
CG8042	chr3L	-	7972448	7974991
CG8043	chr3R	+	8676914	8678233
CG8046	chr2R	-	9162036	9164967
CG8051	chrX	-	19301329	19307925
CG8060	chr2R	-	16316312	16320732
CG8064	chr3R	+	18283659	18286624
CG8065	chr3L	+	10215664	10216980
CG8066	chr3R	-	14567610	14568847
CG8067	chr2R	+	13983394	13984893
CG8072	chr3L	+	10151826	10152984
CG8078	chr2R	-	9096930	9098525
CG8079	chr2R	+	15218378	15224795
CG8080	chr2R	-	9089773	9092893
CG8086	chr2L	-	8244159	8257502
CG8087	chr3R	-	14564322	14564805
CG8089	chr2R	-	15145824	15147824
CG8093	chr2R	-	15214059	15215686
CG8097	chrX	+	15583158	15585249
CG8100	chr3L	+	14083614	14086421
CG8108	chr3L	+	9864638	9870674
CG8111	chr3L	-	7913663	7915120
CG8112	chr3R	+	8712932	8715263
CG8117	chrX	+	15644221	15644991
CG8119	chrX	+	15662584	15663319
CG8128	chrX	+	15697493	15700034
CG8132	chr3R	+	9401494	9402618
CG8134	chrX	+	15704124	15705806
CG8135	chr3R	+	9404384	9407857
CG8136	chr3R	+	8721370	8723051
CG8138	chr3R	+	13181303	13182154
CG8141	chr3R	+	13191598	13192509
CG8142	chrX	-	17843342	17844704
CG8149	chr3R	+	9504655	9505865
CG8152	chr2R	-	15309930	15311134
CG8155	chr2R	-	15317816	15322171
CG8157	chr2R	-	15325502	15326386
CG8159	chr3R	+	8726853	8728370
CG8160	chr2R	-	15327142	15328271
CG8170	chr2R	-	9019031	9031045
CG8172	chr2R	-	9007233	9013526
CG8173	chrX	-	17707400	17709653
CG8176	chr3R	+	9516006	9527237
CG8180	chr2R	-	15472174	15482834
CG8187	chr2R	-	15539553	15541363
CG8188	chrX	-	17698916	17703024
CG8191	chrX	+	15732177	15733663
CG8192	chr2R	-	15544315	15549984
CG8195	chr2R	-	15562696	15565801
CG8197	chr2R	-	9060460	9061924
CG8199	chr3R	+	9555784	9557776
CG8202	chr3R	+	8732090	8735837
CG8204	chr2R	-	15573143	15573991
CG8206	chrX	+	15739229	15740417
CG8207	chr2R	-	15677217	15678956
CG8209	chr3L	+	7976405	7977849
CG8219	chr3L	+	6200472	6203776
CG8223	chr3R	+	8747797	8754104
CG8229	chr2R	-	8948112	8951086
CG8230	chr2R	-	8944297	8947344
CG8236	chr3R	+	8769393	8771150
CG8237	chr2R	+	8925670	8926890
CG8243	chr2R	+	8922784	8925346
CG8245	chr2R	+	5668382	5669986
CG8248	chr2R	-	8918939	8920368
CG8249	chr2R	-	15842759	15847362
CG8252	chr2R	-	8909431	8910349
CG8260	chrX	+	15756317	15757767
CG8270	chr3L	+	6488680	6491210
CG8272	chr2R	-	8888403	8891401
CG8281	chr3L	+	7912462	7913763
CG8289	chrX	-	17633690	17636044
CG8292	chr2L	-	8216850	8218017
CG8298	chr2R	+	11989130	11992350
CG8299	chr2R	-	15940609	15941483
CG8300	chrX	+	7104884	7106345
CG8301	chr3R	+	9581305	9586648
CG8303	chr2R	-	16595027	16604373
CG8306	chr2R	-	16589517	16594646
CG8311	chr2R	-	16587044	16589184
CG8312	chr3R	+	9591308	9625073
CG8314	chr2R	-	15989682	15991286
CG8319	chr3R	+	9627320	9628676
CG8320	chr2R	+	15992407	15993707
CG8321	chr2R	+	12033945	12036260
CG8323	chr2R	+	14165050	14166991
CG8326	chrX	-	17628163	17629492
CG8329	chr3L	+	9638111	9639021
CG8336	chr3L	+	9628675	9631795
CG8343	chr2R	+	6179725	6180356
CG8349	chr2L	+	8215914	8216901
CG8353	chr2L	+	8214044	8215239
CG8360	chr2L	+	8212958	8214135
CG8366	chr2R	+	15955039	15956636
CG8369	chr3R	+	8822007	8822838
CG8370	chr2R	+	16001180	16006901
CG8372	chr2L	-	8212038	8212902
CG8379	chr3R	+	8824410	8827279
CG8388	chr2R	-	16009400	16011438
CG8389	chr2R	+	16008338	16013815
CG8399	chr2R	+	16017736	16024627
CG8401	chr2R	+	16028602	16030091
CG8405	chr2R	+	16047647	16060835
CG8407	chr2R	+	12153070	12154263
CG8412	chr3R	+	9756490	9759313
CG8414	chr2R	-	16099305	16102608
CG8419	chr2L	+	8206170	8209637
CG8420	chr3R	+	9246648	9251431
CG8435	chr2R	-	16169599	16170861
CG8441	chr2R	-	16185121	16186506
CG8460	chr2L	+	8197192	8198813
CG8461	chr3R	-	14512638	14513637
CG8468	chr2R	+	14219897	14230620
CG8475	chr2L	-	8190807	8196918
CG8476	chr3R	-	13219643	13220578
CG8478	chr3R	+	9763649	9766135
CG8483	chr3R	-	13208753	13214465
CG8485	chr2R	-	14235786	14239703
CG8490	chr2R	+	12335315	12336205
CG8492	chr3L	-	7727803	7732191
CG8500	chr3R	+	9784652	9789323
CG8501	chr2R	+	12383044	12384520
CG8507	chr3R	+	9791482	9793098
CG8508	chr3R	-	13185525	13186496
CG8509	chrX	+	15809554	15810947
CG8516	chr3R	+	9793294	9797754
CG8517	chr2R	+	19714075	19714868
CG8519	chr3L	+	6704859	6709000
CG8520	chr2R	+	12422930	12425459
CG8526	chr3R	+	9801279	9803461
CG8531	chr2R	+	14256492	14258787
CG8534	chr3R	+	9812746	9813939
CG8539	chr3L	-	7497210	7498831
CG8541	chr3L	+	7471558	7472514
CG8543	chr3L	-	7469501	7470302
CG8545	chr2R	+	12468650	12471722
CG8547	chr2R	-	14261205	14267919
CG8549	chr3L	+	6752912	6754029
CG8560	chr3L	-	7402331	7404181
CG8562	chr3L	+	7398284	7399912
CG8563	chr3L	+	7390741	7396013
CG8564	chr3L	-	7385647	7387914
CG8565	chrX	+	15837829	15841160
CG8568	chrX	-	17448989	17452543
CG8569	chr2R	+	12519165	12521624
CG8578	chrX	+	15844475	15847858
CG8584	chr2R	-	8700691	8701794
CG8586	chr2R	-	8692795	8696245
CG8607	chr3L	+	7320067	7321211
CG8611	chrX	-	17413266	17422145
CG8613	chr2R	+	14352230	14355674
CG8617	chr2R	-	14355768	14357281
CG8620	chr3L	+	7158098	7158874
CG8630	chr3R	+	13279720	13284527
CG8635	chr2R	-	8630206	8631962
CG8641	chr3L	-	7058929	7077462
CG8642	chr2R	-	8611378	8614155
CG8646	chr2R	+	12655953	12659341
CG8654	chr2R	+	19979241	19984895
CG8661	chrX	-	17283761	17284500
CG8664	chrX	-	17280917	17282726
CG8665	chr2L	+	21371226	21377995
CG8668	chr2L	+	8127000	8133989
CG8671	chr2L	+	21262955	21282790
CG8673	chr2L	+	8124328	8125799
CG8675	chrX	-	17248371	17249502
CG8677	chr2L	+	21221311	21232059
CG8679	chr2L	-	21216003	21218544
CG8701	chr2R	+	8371072	8372142
CG8708	chr2R	-	8159405	8161565
CG8712	chr2R	-	8096791	8098484
CG8726	chr2R	-	7968128	7972003
CG8728	chr2R	-	7936865	7939114
CG8736	chr2R	-	8594030	8595001
CG8738	chr2R	+	8696427	8698583
CG8740	chr2R	+	8735809	8759590
CG8745	chr3L	-	13860026	13866905
CG8746	chr2R	+	8792632	8793773
CG8750	chr3L	-	13842376	13843017
CG8757	chr3L	-	13840196	13842240
CG8765	chr3L	-	19683940	19687353
CG8768	chr2R	-	12691307	12692690
CG8773	chr3R	+	13294747	13298288
CG8774	chr3R	+	13298767	13302334
CG8777	chr2R	+	9098538	9103153
CG8778	chr2R	-	12651300	12652487
CG8785	chr2R	-	12640689	12648224
CG8788	chr2R	+	9138485	9141981
CG8800	chr2R	-	9395329	9396206
CG8813	chr2L	+	2869651	2870649
CG8814	chr2L	+	2874889	2877168
CG8818	chr2R	-	12517263	12518912
CG8833	chr3L	-	13925881	13929000
CG8834	chr2R	-	12420474	12422535
CG8837	chr2L	+	3320244	3323141
CG8838	chr2L	+	3357645	3358618
CG8839	chr2R	-	12339609	12344617
CG8840	chr2L	+	3410559	3411199
CG8841	chr2R	-	12322506	12326258
CG8850	chr2R	-	12298746	12302240
CG8851	chr2L	+	3519676	3522555
CG8852	chr2L	+	3525130	3527588
CG8854	chr2R	-	12224460	12229310
CG8858	chr2R	-	12192373	12198854
CG8860	chr2R	-	12179482	12179902
CG8861	chr3R	-	9293641	9328511
CG8870	chr3R	+	13379841	13381509
CG8878	chr2R	-	12146023	12151057
CG8888	chr2R	-	12064564	12079543
CG8891	chr2L	-	4978483	4979379
CG8892	chr2L	-	4979512	4981592
CG8907	chr3R	+	17008268	17012533
CG8908	chr2R	+	20264919	20270994
CG8910	chr2R	-	16874723	16895652
CG8915	chrX	-	17240467	17245001
CG8916	chrX	+	15921954	15924558
CG8924	chrX	+	15941076	15944449
CG8925	chr3R	+	16171990	16180475
CG8927	chr3R	+	16181019	16186235
CG8929	chr2R	+	20327269	20330721
CG8939	chrX	+	15997015	15999698
CG8944	chrX	-	15741342	15746231
CG8945	chrX	-	17080422	17087675
CG8950	chr2R	-	17059330	17062634
CG8952	chrX	-	15765469	15766445
CG8958	chrX	+	16083231	16085751
CG8960	chr3L	+	2197012	2198089
CG8963	chr2R	-	17016225	17019522
CG8974	chrX	-	15793720	15796028
CG8993	chr3L	+	2372198	2372876
CG8997	chr2L	-	13843914	13845325
CG9003	chr2R	-	11641476	11651616
CG9004	chr3L	+	2373727	2376488
CG9005	chr2R	-	11619478	11640941
CG9008	chr2L	-	13774339	13780165
CG9010	chr2R	-	16958942	16960195
CG9014	chr2L	-	13722160	13723642
CG9016	chr2L	-	5922875	5923653
CG9018	chr3L	-	2235283	2237076
CG9021	chr2L	-	5903177	5904689
CG9029	chr2L	+	5886001	5886609
CG9030	chrX	-	14954122	14955100
CG9034	chrX	-	9159513	9160052
CG9040	chr3L	+	13987877	13988626
CG9044	chr2L	+	5949449	5955235
CG9062	chr2R	-	11280483	11283971
CG9065	chrX	-	15084028	15084699
CG9067	chr2R	-	11278892	11279683
CG9068	chr2R	+	16283434	16287450
CG9072	chrX	-	15095457	15096042
CG9083	chr2R	+	24898272	24899505
CG9084	chr2R	-	11217415	11219771
CG9095	chrX	-	15139936	15163225
CG9098	chr2L	-	6007363	6012338
CG9101	chrX	-	15228743	15229875
CG9106	chrX	-	15271035	15272405
CG9107	chr2L	-	6022950	6024539
CG9109	chr2L	-	6025869	6034423
CG9114	chrX	-	15330783	15333154
CG9117	chr2L	-	6036996	6037902
CG9119	chr3L	-	1203315	1204795
CG9121	chr2L	-	5047817	5051062
CG9123	chrX	-	15340372	15342117
CG9129	chr3L	+	1250695	1251778
CG9130	chr3L	+	1252011	1255986
CG9132	chrX	-	16796901	16800710
CG9133	chr3L	+	1252011	1255986
CG9135	chr2L	+	6050799	6053877
CG9143	chr2R	-	20275972	20278915
CG9147	chr2L	+	6065996	6067635
CG9149	chr3L	+	1302943	1304717
CG9150	chr2L	-	6067667	6068594
CG9154	chr2L	-	6069789	6070686
CG9164	chrX	-	15380370	15385441
CG9168	chr3L	+	1411056	1413089
CG9170	chrX	-	15977966	15982944
CG9171	chr2L	-	5767001	5800253
CG9173	chr3L	-	1421198	1423471
CG9175	chr2L	-	6096697	6098966
CG9184	chr3L	-	1321791	1322806
CG9192	chr3L	-	1237132	1238319
CG9205	chr3L	+	1034696	1036298
CG9213	chrX	-	15572075	15574535
CG9215	chrX	-	15580929	15582874
CG9220	chrX	-	15585288	15593534
CG9222	chr2L	+	6131022	6132484
CG9231	chr3L	-	19585092	19586003
CG9240	chrX	-	15700171	15701259
CG9246	chr2L	+	21163640	21166090
CG9253	chr2L	+	21143228	21145146
CG9254	chr2L	-	13595502	13597186
CG9257	chr2L	+	21102742	21104321
CG9259	chr2L	+	21089374	21090999
CG9263	chr2L	-	13541637	13542576
CG9265	chr2L	-	21057705	21071502
CG9269	chr3R	+	13615916	13616492
CG9270	chr2L	-	20929455	20934113
CG9272	chr2L	-	20926318	20927860
CG9279	chr3L	-	19538424	19544205
CG9281	chrX	-	15705805	15710539
CG9286	chr3R	+	13780963	13782082
CG9287	chr2L	-	8676776	8679812
CG9288	chr3R	+	13779623	13780795
CG9289	chr2L	-	8681324	8684376
CG9294	chr2R	+	21860824	21861994
CG9297	chr3R	+	13771494	13779317
CG9300	chr3L	+	19552419	19554767
CG9302	chr2L	-	13376454	13378538
CG9304	chr2R	+	21973121	21976386
CG9308	chr2R	+	22034843	22035666
CG9312	chr3R	+	13765755	13767103
CG9313	chr2R	+	20978900	20984043
CG9314	chr2L	+	8705571	8707527
CG9316	chr2L	-	20724208	20726551
CG9328	chr2L	+	20797714	20814331
CG9330	chr3L	+	19586252	19589111
CG9331	chr2L	+	20822827	20827744
CG9336	chr2L	+	20858694	20861014
CG9338	chr2L	+	20865214	20867709
CG9344	chr2R	+	20977055	20977600
CG9346	chr2R	+	21011969	21015628
CG9356	chr3R	-	9402563	9404269
CG9360	chrX	-	11763473	11764590
CG9368	chr3L	+	19601632	19604120
CG9372	chr3L	+	19606207	19608368
CG9377	chr2L	-	13359900	13361565
CG9380	chr2R	-	25183627	25255318
CG9384	chr3L	+	14762027	14767703
CG9386	chr3R	-	9553695	9555408
CG9389	chr3L	-	21268391	21270580
CG9391	chr3L	-	21266679	21268335
CG9393	chr3R	-	9561582	9563673
CG9394	chr2R	+	21118393	21120705
CG9395	chr2L	-	13349822	13355073
CG9396	chr3R	-	9570413	9571623
CG9399	chr3R	-	9571910	9574211
CG9400	chrX	-	14288083	14289393
CG9406	chr2R	+	21142367	21143261
CG9410	chr2R	+	6669023	6670076
CG9411	chrX	-	14472407	14480086
CG9416	chr2R	-	19367247	19373702
CG9426	chr2L	-	13216289	13219923
CG9427	chr3R	-	9625156	9626930
CG9436	chr2R	-	6757600	6758903
CG9444	chr3R	-	9681414	9684264
CG9445	chr2R	-	6838073	6839055
CG9447	chr2R	-	6872995	6875819
CG9449	chr3L	-	19492052	19497723
CG9451	chr3L	-	19498196	19500798
CG9452	chr3L	-	19501009	19503870
CG9458	chr3R	-	9818913	9819877
CG9459	chr3R	-	9817427	9818395
CG9467	chr3R	-	9797768	9801026
CG9471	chr3R	-	9770531	9771542
CG9483	chr2L	+	8866766	8867686
CG9485	chr2R	+	21312398	21319569
CG9492	chr3R	-	9651178	9674643
CG9497	chr2L	-	6346429	6348427
CG9498	chr2L	-	6349392	6351034
CG9500	chr2L	-	6357004	6358318
CG9503	chrX	-	14919251	14923493
CG9512	chrX	-	14901843	14905549
CG9514	chrX	-	14885951	14896891
CG9515	chr2L	-	8941944	8943257
CG9518	chrX	-	14862988	14871181
CG9519	chrX	-	14854327	14856361
CG9521	chrX	-	14851004	14853269
CG9522	chrX	-	14846471	14848808
CG9525	chr2L	-	8959254	8962354
CG9527	chr2L	-	6426723	6448403
CG9536	chr2L	-	6474437	6476975
CG9541	chr2L	-	8970519	8975428
CG9547	chr2L	-	6492973	6494532
CG9550	chr2L	+	6497052	6498466
CG9555	chr2L	+	8991734	8993632
CG9568	chr2L	+	9010582	9011358
CG9570	chrX	+	20051293	20052519
CG9572	chrX	+	20148123	20155514
CG9577	chrX	+	20166672	20168080
CG9578	chrX	+	20170221	20171526
CG9581	chrX	-	20168041	20169981
CG9582	chr2L	-	9024319	9031836
CG9586	chr2L	-	9165420	9166514
CG9588	chr3R	-	13675091	13676681
CG9590	chr3R	+	15786702	15788339
CG9592	chr3L	+	14517824	14518475
CG9593	chr3R	+	15802274	15803653
CG9596	chr2L	-	6559425	6562289
CG9601	chr3R	-	8341660	8343516
CG9609	chrX	-	16785114	16787008
CG9616	chr3R	-	14244803	14245471
CG9624	chr3R	-	14228017	14229145
CG9626	chr3R	-	8293842	8300978
CG9628	chr3L	+	14622795	14628174
CG9630	chr3R	-	8267942	8269896
CG9631	chr3R	-	14225097	14226762
CG9632	chr3R	+	15860195	15861478
CG9636	chr3R	-	8240746	8243792
CG9641	chr2L	-	2974858	2976862
CG9643	chr2L	-	2978410	2979288
CG9646	chr2R	+	17048874	17053855
CG9649	chr3R	-	14215458	14217882
CG9650	chrX	+	7137722	7241932
CG9657	chrX	+	7418593	7422142
CG9662	chr2L	-	3375831	3376737
CG9663	chr2L	-	3294925	3303130
CG9664	chr2L	-	3291244	3294706
CG9666	chr3L	+	19263765	19266838
CG9667	chr3R	-	8125289	8126357
CG9672	chrX	-	16705970	16706874
CG9673	chrX	-	16702785	16703884
CG9674	chr3L	-	16787572	16807731
CG9676	chrX	-	16699151	16700170
CG9682	chr3R	+	30250927	30252830
CG9684	chr3R	-	8359957	8362554
CG9686	chrX	+	9879869	9880535
CG9689	chrX	+	9881952	9883670
CG9691	chrX	+	9884441	9885044
CG9692	chr3L	+	16704972	16706428
CG9698	chr3R	+	30514776	30516980
CG9701	chr3L	+	16733545	16739364
CG9702	chr3R	+	30579428	30582117
CG9705	chr3L	+	16780099	16782419
CG9706	chr3L	+	16783009	16785246
CG9717	chr3R	-	30584019	30587302
CG9722	chr3R	-	14152884	14153829
CG9723	chrX	-	16653219	16655015
CG9727	chr3R	-	6449943	6456676
CG9733	chr3R	-	30243977	30246703
CG9737	chr3R	-	30241267	30243312
CG9743	chr3R	-	30196359	30202998
CG9747	chr3R	-	30185422	30191252
CG9752	chr2R	-	21294401	21295588
CG9757	chr3R	-	13611582	13612433
CG9759	chr3R	-	13607077	13609246
CG9760	chr3L	-	12157051	12163735
CG9766	chr3R	-	4269220	4277928
CG9773	chr3R	-	8675282	8676613
CG9775	chr3R	-	4638009	4641838
CG9776	chr3R	-	4327813	4334071
CG9777	chrX	-	16630672	16632235
CG9782	chrX	-	16615027	16621589
CG9784	chrX	-	16595135	16599215
CG9795	chr3R	+	4319682	4326379
CG9799	chr3R	-	13385647	13388709
CG9801	chr3R	-	8735878	8747675
CG9804	chr3R	-	4436221	4437329
CG9806	chrX	-	10623724	10627112
CG9812	chr2R	-	23412319	23419684
CG9813	chr3R	-	13373103	13379775
CG9815	chr2R	-	23421520	23433354
CG9822	chr2R	-	21346874	21347883
CG9825	chr2R	+	22837360	22839291
CG9826	chr2R	+	22840738	22842977
CG9837	chr3R	-	8807678	8813579
CG9839	chr3R	-	8803470	8805802
CG9849	chr2R	+	22937278	22939025
CG9853	chr3R	-	4398380	4402027
CG9855	chr3R	-	4395978	4397875
CG9861	chr2R	+	23323658	23326745
CG9863	chr2R	+	23346634	23347768
CG9864	chr2R	-	20248129	20254670
CG9875	chr2R	+	23357659	23358508
CG9876	chr2R	-	23090099	23094266
CG9877	chr2R	-	23085880	23086268
CG9886	chr2L	+	2420829	2424647
CG9890	chr2R	-	23062746	23064260
CG9896	chr2R	-	22993668	22998884
CG9897	chr2R	-	22985419	22986339
CG9899	chr2R	+	23153853	23162077
CG9902	chrX	-	16542123	16547520
CG9903	chrX	-	16539152	16540852
CG9911	chrX	-	16293852	16297718
CG9915	chrX	-	16309816	16313138
CG9917	chrX	-	16321430	16323231
CG9919	chrX	-	16328436	16330759
CG9920	chr3R	-	14097292	14098080
CG9921	chrX	-	16331280	16333600
CG9922	chr3R	-	14035017	14036398
CG9925	chr3R	-	13960711	13964174
CG9926	chr3R	-	13949453	13951138
CG9928	chr2L	-	13142444	13142903
CG9932	chr2L	-	13021867	13060140
CG9934	chr2L	-	13013275	13019434
CG9941	chrX	-	13718733	13721977
CG9945	chr2R	+	20618502	20621081
CG9948	chr3L	+	6955990	6957440
CG9951	chr3L	+	16863163	16864989
CG9953	chr3L	+	6969657	6971666
CG9961	chr2L	-	2743374	2744934
CG9962	chr2L	-	2646576	2647720
CG9967	chr2L	-	2308760	2357356
CG9970	chr3L	-	2915023	2916654
CG9981	chrX	-	16399781	16405122
CG9986	chr3R	+	28606078	28608372
CG9988	chr3R	+	28636410	28638799
CG9992	chrX	-	16381953	16384908
CG9993	chr2R	-	20850145	20852125
CG9997	chr3R	-	28755483	28756979
CHES-1-like	chrX	-	7682337	7709385
CHKov1	chr3R	-	25323155	25329316
CHKov2	chr3R	-	25329529	25331203
CHMP2B	chr3L	+	5139618	5140473
CHORD	chr3R	+	24186358	24187785
CHOp24	chrX	+	4540907	4542506
CIA30	chr3R	+	29736964	29738070
CIAPIN1	chr2L	-	15036292	15038861
CLIP-190	chr2L	+	17384699	17409698
CLS	chr3R	-	25685235	25687370
CNBP	chr2R	-	22934568	22937077
CNMa	chr3L	-	1850914	1855591
CNMaR	chr3L	+	9644108	9659433
CNPYb	chr3L	-	19094889	19096217
CNT1	chr2R	+	9082394	9085717
CNT2	chr2R	+	9078720	9082374
COX1	chrM	+	1473	3009
COX2	chrM	+	3082	3767
COX3	chrM	+	4735	5524
COX4	chr2L	+	19958712	19960065
COX4L	chr2R	+	5353993	5354723
COX5A	chr3R	+	11819358	11820299
COX5B	chr2L	+	6557799	6559308
COX5BL	chr2L	+	6559430	6560133
COX6AL	chr2R	+	15944027	15944567
COX6B	chrX	-	19740536	19744335
COX7A	chr3R	-	8339943	8341043
COX7AL	chr3R	+	8343668	8344310
COX7C	chr2R	+	10048352	10050066
COX8	chr3L	-	21538858	21539447
CPT2	chr3L	+	2981021	2983551
CRAT	chr3R	-	6371025	6376044
CREG	chr3R	-	17393271	17394640
CRIF	chr3L	-	21568058	21568898
CRMP	chr3R	+	5571107	5579189
CROT	chr3R	-	27703378	27706751
CSN1a	chr2L	+	14762764	14764065
CSN1b	chr3L	-	18903056	18904930
CSN3	chr3L	-	20839095	20841576
CSN4	chr2R	+	7972174	7974099
CSN5	chr3R	+	16470098	16471406
CSN6	chr3R	+	22580772	22582033
CSN7	chr2R	+	8421032	8428577
CSN8	chr2L	+	8364854	8365663
CTCF	chr3L	-	7353577	7356713
CTPsyn	chr3L	+	15097913	15113003
CYLD	chr2L	-	10295858	10299847
CYTB	chrM	+	10498	11635
Ca-Ma2d	chr2L	+	16231474	16241527
Ca-alpha1D	chr2L	+	16165830	16190540
Ca-alpha1T	chrX	-	6104084	6192483
Ca-beta	chr2L	-	11156117	11203544
CaBP1	chr2L	-	16354885	16356735
CaMKI	chr4	+	445503	453947
CaMKII	chr4	-	1035287	1053703
Cad74A	chr3L	-	17367752	17379530
Cad86C	chr3R	+	10827078	10849030
Cad87A	chr3R	-	11893511	11949129
Cad88C	chr3R	+	14630477	14641776
Cad89D	chr3R	-	16484565	16495422
Cad96Ca	chr3R	-	25197570	25208283
Cad96Cb	chr3R	-	25224155	25232321
Cad99C	chr3R	+	29841656	29854699
CadN	chr2L	-	17647052	17778340
CadN2	chr2L	-	17786970	17875247
Cadps	chr4	+	1230836	1271759
Caf1-105	chr2R	-	10466000	10468540
Caf1-180	chrX	-	8602136	8606304
Caf1-55	chr3R	+	15225575	15227564
CalpA	chr2R	+	19425112	19430564
CalpB	chr3L	+	9888761	9893319
CalpC	chrX	+	16325762	16328523
Calr	chr3R	-	9628690	9630851
Cals	chr4	-	1112873	1123357
Calx	chr3R	+	20978182	21015613
Cam	chr2R	+	12259397	12278809
Camp	chr2R	-	17405303	17407427
Camta	chr2R	+	9446045	9480076
CanA-14F	chrX	-	16560683	16587172
CanA1	chr3R	+	31039373	31046821
CanB	chrX	+	5332498	5334449
CanB2	chr2R	+	7786009	7789053
Cand1	chr2L	-	10358133	10362707
Cap-D2	chr3R	+	29675650	29680257
Cap-D3	chr2L	+	5525904	5535958
Cap-G	chr2R	+	13133141	13142820
Cap-H2	chr3R	+	10761309	10766756
Capa	chr3R	-	29912990	29914346
CapaR	chr3L	-	21558973	21562181
Caper	chr2L	+	7032720	7037878
Capr	chr3L	-	18668152	18673324
CarT	chr2L	-	20727150	20730282
Cat	chr3L	+	18822603	18828188
Catsup	chr2L	+	19041861	19043614
Cbl	chr3L	+	8424953	8432246
Cbp20	chr3R	+	18164660	18165439
Cbp53E	chr2R	+	16973926	16996057
Cbp80	chrX	+	4650014	4658259
Cbs	chrX	+	21045137	21049096
Cby	chr3R	+	21868002	21868770
Cc2d2a	chr2R	+	17539321	17544353
Ccdc56	chr3L	+	11708978	11710570
Ccdc58	chr3L	+	19805180	19806932
Ccdc85	chr2L	+	2999285	3016069
Cchl	chr3R	-	22025974	22027480
Ccm3	chr3R	+	15371956	15374237
Ccn	chr3L	+	17690014	17748839
Ccp84Aa	chr3R	+	6704083	6704903
Ccp84Ab	chr3R	-	6701967	6702877
Ccp84Ac	chr3R	-	6695147	6696271
Ccp84Ad	chr3R	+	6692731	6693527
Ccp84Ae	chr3R	-	6690886	6691758
Ccp84Af	chr3R	-	6689601	6690239
Ccp84Ag	chr3R	+	6686727	6688039
Ccs	chr2R	-	10121485	10122574
Ccz1	chr3L	-	3897443	3899156
CdGAPr	chr2L	-	19774873	19791882
Cda4	chrX	-	22583633	22632710
Cda5	chr2L	-	25401	65404
Cda9	chr2R	+	17128479	17130334
Cdc16	chr3R	+	23281200	23284123
Cdc23	chr2L	+	20459341	20461729
Cdc27	chr3L	-	7245480	7249340
Cdc2rk	chr2R	-	10067216	10068702
Cdc37	chr3L	+	1795391	1797307
Cdc42	chrX	+	19697090	19699938
Cdc45	chrX	-	1028290	1030556
Cdc5	chr3L	-	357850	361383
Cdc6	chr3L	-	8631508	8634069
Cdc7	chrX	+	6654540	6659709
Cdep	chr3R	+	4910551	4945576
Cdk1	chr2L	-	10384738	10386262
Cdk12	chr3L	+	21516305	21522684
Cdk2	chr3R	+	20735622	20738414
Cdk4	chr2R	+	16579469	16585448
Cdk5	chr2R	-	15569527	15571417
Cdk5alpha	chr2L	-	10308130	10310956
Cdk7	chrX	-	5307464	5308983
Cdk8	chr3L	-	9837079	9838670
Cdk9	chr2R	-	22636062	22637727
Cdlc2	chr2L	+	1344399	1345135
Cds	chr3L	+	8127761	8131675
CecA1	chr3R	+	30210873	30211273
CecA2	chr3R	+	30212155	30212568
CecB	chr3R	-	30213314	30213797
CecC	chr3R	+	30216483	30216938
Ced-12	chr2L	+	12097837	12100839
Cen	chr2L	-	20678920	20681846
CenB1A	chr3R	+	23118399	23124217
CenG1A	chr2L	+	13835563	13898712
Cenp-C	chr3R	+	8564104	8569248
Cep135	chr3L	+	15116736	15128029
Cep89	chr2R	-	15687387	15688985
Cep97	chr2L	+	3867696	3871425
Cerk	chr3R	-	5358872	5368306
Cf2	chr2L	-	4876890	4883107
Cfp1	chrX	-	9270433	9272960
ChAT	chr3R	+	18705500	18732344
ChLD3	chr2L	+	16738849	16742610
ChT	chr3R	+	18680603	18686739
Charon	chr2L	-	1170752	1172805
Chc	chrX	-	15827985	15835490
Chchd2	chrX	+	17149000	17150647
Chchd3	chr3R	-	31052615	31053915
Chd1	chr2L	-	2979561	2987723
Chd3	chr3L	+	19447172	19450238
Chd64	chr3L	-	4114288	4122388
CheA29a	chr2L	+	8477348	8478088
CheA46a	chr2R	+	9748799	9749389
CheA56a	chr2R	+	18640193	18640802
CheA75a	chr3L	+	18252087	18252846
CheA7a	chrX	+	7378139	7378953
CheA84a	chr3R	-	8204194	8204830
CheA86a	chr3R	-	11144345	11145235
CheA87a	chr3R	+	13369647	13370346
CheB38a	chr2L	-	20817814	20818532
CheB38b	chr2L	-	20816455	20817270
CheB38c	chr2L	-	20820088	20820867
CheB42a	chr2R	+	6949481	6950284
CheB42b	chr2R	-	6943095	6943995
CheB42c	chr2R	-	6944613	6971637
CheB53a	chr2R	+	16466708	16467522
CheB53b	chr2R	+	16468208	16468934
CheB74a	chr3L	-	17719192	17719854
CheB93a	chr3R	+	21407444	21408324
CheB93b	chr3R	+	21409122	21409924
CheB98a	chr3R	+	28806701	28807501
Chi	chr2R	-	24031537	24033943
Chmp1	chr3L	-	18682894	18684061
Chrac-14	chr2L	+	8437404	8437996
Chrac-16	chrX	-	12017224	12017961
Chro	chr3L	-	22873701	22878984
Chs2	chr3L	+	21962400	21969964
Cht10	chr2L	-	22999573	23025915
Cht11	chrX	-	6847876	6849517
Cht12	chr2R	-	21063177	21064986
Cht2	chr3L	-	1752327	1755934
Cht4	chr2R	-	21065378	21067087
Cht5	chr3R	+	13767548	13770732
Cht6	chrX	+	10016844	10050803
Cht7	chr3L	-	3090984	3106958
Cht8	chr2R	+	21061645	21063212
Cht9	chr2R	-	21067991	21069286
Ciao1	chr2R	-	14853862	14855048
Cib2	chr2R	+	20879929	20882663
Cip4	chr3L	-	4322490	4364102
Cirl	chr2R	+	8614721	8625203
Cisd2	chr3R	-	29222216	29223428
CkIIalpha	chr3L	+	23097071	23103460
CkIIalpha-i1	chr3L	+	15816978	15818621
CkIIalpha-i3	chr3L	-	708600	710607
CkIIbeta	chrX	+	11792532	11801587
CkIIbeta2	chr2R	+	20289544	20290550
CkIalpha	chrX	+	12653625	12657834
Cka	chr2L	+	8030720	8040826
Cks30A	chr2L	+	9330762	9331981
Cks85A	chr3R	-	8712905	8718456
ClC-a	chr3R	-	11797243	11813207
ClC-b	chr2R	+	12572067	12575299
ClC-c	chr3L	+	16090453	16096151
Clamp	chr2L	-	22165719	22169143
Claspin	chr3L	+	4313482	4318608
Clbn	chr3R	+	25127501	25131155
Clc	chr3L	+	20241052	20243735
Clic	chrX	-	13812970	13822307
Clk	chr3L	-	7763232	7775603
Cln3	chr3L	-	17809230	17814119
Cln7	chr3L	-	7341883	7345183
Clp	chr2L	+	819963	821209
ClpP	chr2L	+	10356794	10358078
Cluap1	chrX	-	22542385	22544322
Cnb	chr3L	+	1947564	1950262
Cndp2	chr2R	+	5697871	5700212
CngA	chr2R	-	16243144	16259805
CngB	chr2R	-	21692690	21697152
Cngl	chrX	-	15386037	15441252
Cnot4	chr2L	+	10396715	10403206
Cnx14D	chrX	-	16522966	16525415
Cnx99A	chr3R	-	29315253	29319644
CoRest	chrX	+	19521928	19530896
Coa7	chrX	+	23013494	23016586
Coa8	chrX	+	1880281	1881432
Cog1	chr3R	-	12213791	12219686
Cog2	chr3R	-	15358480	15361657
Cog3	chr2L	-	3453696	3457064
Cog4	chr2L	-	10485537	10488622
Cog6	chr2R	+	9286826	9289026
Cog7	chr3R	-	29930550	29933057
Cog8	chr2L	-	11496803	11498948
Col4a1	chr2L	+	5029608	5037279
Con	chr3L	-	4936757	5079033
Cont	chr3R	+	4381305	4387018
Coop	chr2R	-	7490835	7492589
Coprox	chr2L	+	6964420	6965887
Coq2	chr3R	-	8314783	8316543
Coq3	chr2L	-	21157432	21158611
Coq4	chr3L	-	17428935	17433621
Coq5	chrX	-	13193093	13194551
Coq6	chr2L	-	5530619	5532223
Coq7	chrX	+	6771224	6773039
Coq8	chrX	-	12898767	12901114
Coq9	chr2R	+	7699252	7703501
Corin	chr2R	+	7540110	7564435
Corp	chrX	-	8269897	8271409
Cortactin	chr3R	-	21061679	21064471
Cow	chr3R	-	23070515	23112730
Cp1	chr2R	+	13960674	13967981
Cp110	chrX	+	22482081	22487458
Cp15	chr3L	+	8728480	8729066
Cp16	chr3L	+	8731943	8732599
Cp18	chr3L	+	8726790	8727613
Cp19	chr3L	+	8729864	8730604
Cp190	chr3R	-	15270431	15275241
Cp36	chrX	+	8479318	8480523
Cp38	chrX	+	8481836	8483311
Cp7Fa	chrX	+	8470887	8473087
Cp7Fb	chrX	+	8473836	8476071
Cp7Fc	chrX	+	8477116	8478320
Cpes	chr2R	-	23862961	23865398
Cpn	chr3R	-	12162886	12166186
Cpr	chr2L	+	6338835	6346280
Cpr100A	chr3R	+	30867520	30869184
Cpr11A	chrX	+	12486969	12489448
Cpr11B	chrX	+	12553123	12554235
Cpr12A	chrX	+	13543642	13544907
Cpr23B	chr2L	+	2838410	2839547
Cpr30B	chr2L	+	9542877	9543658
Cpr30F	chr2L	-	9932271	9933163
Cpr31A	chr2L	+	10054212	10055935
Cpr35B	chr2L	-	14424314	14425189
Cpr47Ea	chr2R	-	11251750	11253398
Cpr47Eb	chr2R	+	11255166	11255983
Cpr47Ec	chr2R	-	11259105	11259976
Cpr47Ed	chr2R	-	11261078	11261806
Cpr47Ee	chr2R	+	11265125	11266856
Cpr47Ef	chr2R	-	11266914	11272575
Cpr47Eg	chr2R	-	11277956	11278445
Cpr49Aa	chr2R	+	12376625	12377378
Cpr49Ab	chr2R	+	12378439	12379396
Cpr49Ac	chr2R	+	12386665	12390057
Cpr49Ad	chr2R	-	12390895	12391699
Cpr49Ae	chr2R	+	12402215	12405108
Cpr49Af	chr2R	+	12405931	12407045
Cpr49Ag	chr2R	+	12407792	12408523
Cpr49Ah	chr2R	+	12413961	12415170
Cpr50Ca	chr2R	+	13769914	13787802
Cpr50Cb	chr2R	+	13794776	13805231
Cpr51A	chr2R	-	14512558	14515211
Cpr56F	chr2R	-	20288370	20291945
Cpr57A	chr2R	-	20548367	20550117
Cpr5C	chrX	+	5804676	5805344
Cpr60D	chr2R	-	24662681	24663406
Cpr62Ba	chr3L	-	1824128	1831783
Cpr62Bb	chr3L	-	1832635	1835164
Cpr62Bc	chr3L	-	1840280	1842084
Cpr64Aa	chr3L	-	4207837	4209178
Cpr64Ab	chr3L	-	4210879	4211540
Cpr64Ac	chr3L	-	4211963	4212915
Cpr64Ad	chr3L	+	4215378	4216414
Cpr65Au	chr3L	-	6131241	6132109
Cpr65Av	chr3L	-	6139222	6139974
Cpr65Aw	chr3L	-	6141902	6142413
Cpr65Ax1	chr3L	-	6147530	6147987
Cpr65Ax2	chr3L	-	6150057	6150857
Cpr65Ay	chr3L	-	6158074	6158630
Cpr65Az	chr3L	+	6160813	6161589
Cpr65Ea	chr3L	-	7086002	7086608
Cpr65Eb	chr3L	-	7087712	7088787
Cpr65Ec	chr3L	+	7093203	7093841
Cpr66Cb	chr3L	+	8336671	8338595
Cpr66D	chr3L	+	8640438	8643584
Cpr67B	chr3L	+	9404796	9406174
Cpr67Fa1	chr3L	+	10889989	10890700
Cpr67Fa2	chr3L	+	10891713	10892516
Cpr67Fb	chr3L	+	10894172	10894693
Cpr72Ea	chr3L	+	16362602	16363750
Cpr72Eb	chr3L	+	16364898	16365707
Cpr72Ec	chr3L	-	16365893	16367340
Cpr73D	chr3L	-	16939099	16957689
Cpr76Ba	chr3L	-	19517551	19518332
Cpr76Bb	chr3L	+	19519648	19520419
Cpr76Bc	chr3L	+	19520944	19527272
Cpr76Bd	chr3L	+	19532742	19538289
Cpr78Ca	chr3L	-	21291859	21292800
Cpr78Cb	chr3L	+	21294491	21296698
Cpr78Cc	chr3L	+	21300579	21301171
Cpr78E	chr3L	-	21666451	21666980
Cpr92A	chr3R	-	19597501	19598955
Cpr92F	chr3R	+	20669570	20672821
Cpr97Ea	chr3R	-	27083129	27087778
Cpr97Eb	chr3R	-	27089703	27091130
Cpsf100	chr3R	+	29034572	29037062
Cpsf160	chr2R	-	14497346	14503488
Cpsf5	chr3L	+	9411037	9413835
Cpsf6	chr3L	-	8310492	8315502
Cpsf73	chr3R	-	18661120	18663552
Crag	chrX	+	8592030	8602036
Cralbp	chr3L	-	5783214	5786718
CrebA	chr3L	+	15535394	15553214
CrebB	chrX	+	18366356	18377864
Crg-1	chrX	+	3793222	3797339
Crk	chr4	+	210223	213165
Crtc	chr3L	-	17659817	17669234
Crtp	chr2R	+	24494517	24497024
Crys	chr2L	+	11944128	11947131
Crz	chr3R	+	14314853	14315716
CrzR	chr3L	-	12339115	12351544
Csas	chr3L	-	19988026	19988991
Cse1	chr2L	-	16821155	16825207
Csk	chr3R	-	11633277	11650706
Csl4	chr2L	-	11122573	11123567
Csp	chr3L	+	22267381	22273745
CstF50	chr3R	-	31735502	31736963
CstF64	chr3R	+	18659617	18661126
CtBP	chr3R	+	13011648	13026275
CtIP	chr3L	+	20436249	20438370
Ctf4	chr2R	-	13980361	13983317
Ctl1	chr3L	+	4277961	4281585
Ctl2	chr3R	+	29123369	29128247
Ctr1A	chrX	+	6661646	6668258
Ctr1B	chr3R	+	8317611	8319205
Ctr1C	chr3R	-	30963289	30964320
Ctr9	chr3L	+	1307223	1311805
CtsB1	chrX	-	13779846	13782170
Cubn	chrX	-	9558664	9571308
Cul1	chr2R	+	7916855	7921579
Cul2	chr2L	+	21658734	21663698
Cul3	chr2L	-	15265244	15272024
Cul4	chr2R	-	8102259	8106318
Cul5	chr3R	-	29059271	29062975
Cul6	chr3L	-	13009398	13011685
Culd	chr3L	-	8352354	8356296
Cwc25	chr2L	+	2745097	2746944
CycA	chr3L	-	11826718	11833578
CycB	chr2R	-	22803520	22806948
CycB3	chr3R	-	24867933	24870816
CycC	chr3R	-	14889003	14890205
CycD	chrX	-	15906821	15909676
CycE	chr2L	-	15727580	15748150
CycG	chr3R	-	31596641	31612664
CycH	chr3L	+	21821996	21823309
CycJ	chr3L	+	3466427	3468098
CycK	chr2L	-	22124284	22130142
CycT	chr3L	-	17551003	17557788
CycY	chr2L	-	11810091	11813780
Cyp1	chrX	-	16317672	16320370
Cyp12a4	chr3R	+	19135157	19137136
Cyp12a5	chr3R	+	19132647	19134704
Cyp12b2	chr2R	+	18754994	18757083
Cyp12c1	chr3L	-	18684258	18686319
Cyp12d1-d	chr2R	-	11123657	11125647
Cyp12d1-p	chr2R	-	11117224	11121884
Cyp12e1	chr3R	+	10434788	10436704
Cyp18a1	chrX	-	18688537	18693042
Cyp28a5	chr2L	+	13977301	13979569
Cyp28c1	chrX	+	11839607	11841503
Cyp28d1	chr2L	+	5210459	5212445
Cyp28d2	chr2L	+	5207266	5209345
Cyp301a1	chr2R	+	12566184	12569061
Cyp303a1	chr2L	+	16294182	16296969
Cyp304a1	chr3R	+	12963790	12965923
Cyp305a1	chr3L	-	19810402	19813339
Cyp308a1	chrX	+	18709864	18711638
Cyp309a1	chr2L	-	2562482	2564830
Cyp309a2	chr2L	-	2564885	2573037
Cyp310a1	chr2L	-	18651057	18653010
Cyp311a1	chrX	-	12029753	12031465
Cyp312a1	chr3L	-	18128939	18132689
Cyp313a1	chr3R	+	14521048	14523064
Cyp313a2	chr3R	-	12234979	12236904
Cyp313a3	chr3R	-	12237137	12239266
Cyp313a4	chr3R	-	12679278	12681375
Cyp313a5	chr3R	-	12232793	12234684
Cyp313b1	chr3R	-	8643069	8645650
Cyp316a1	chr3L	+	7491863	7493484
Cyp317a1	chr2R	+	14898311	14903095
Cyp318a1	chrX	+	12032631	12035283
Cyp49a1	chr2R	-	10449349	10458892
Cyp4aa1	chr2R	+	15942863	15947266
Cyp4ac1	chr2L	+	5264000	5265899
Cyp4ac2	chr2L	+	5266391	5268455
Cyp4ac3	chr2L	+	5268497	5270329
Cyp4ad1	chr2R	-	8439394	8442806
Cyp4ae1	chrX	+	2179006	2180998
Cyp4c3	chr3R	+	30894037	30900688
Cyp4d1	chrX	-	2159144	2162180
Cyp4d14	chrX	-	2173414	2175315
Cyp4d2	chrX	+	2176005	2178728
Cyp4d20	chr3L	-	2476258	2478448
Cyp4d21	chr2L	+	7605599	7607701
Cyp4d8	chr3L	-	7493556	7496197
Cyp4e1	chr2R	+	8447450	8449745
Cyp4e2	chr2R	+	8444559	8447164
Cyp4e3	chr2L	-	9747838	9750071
Cyp4g1	chrX	-	467056	469335
Cyp4g15	chrX	+	11477057	11483233
Cyp4p1	chr2R	+	9240040	9242139
Cyp4p2	chr2R	+	9237511	9239831
Cyp4p3	chr2R	+	9242319	9244410
Cyp4s3	chrX	-	15113301	15116542
Cyp6a13	chr2R	+	8570498	8572147
Cyp6a14	chr2R	-	8564186	8567202
Cyp6a16	chr2L	-	5620614	5623762
Cyp6a17	chr2R	+	14873952	14875739
Cyp6a18	chr3R	+	27478674	27482904
Cyp6a19	chr2R	+	14877785	14879752
Cyp6a2	chr2R	-	6779748	6781491
Cyp6a20	chr2R	+	14882117	14884046
Cyp6a21	chr2R	-	14885263	14886947
Cyp6a22	chr2R	+	14871365	14873705
Cyp6a23	chr2R	+	14875828	14877654
Cyp6a8	chr2R	-	14887170	14889010
Cyp6a9	chr2R	-	14879355	14881372
Cyp6d2	chr2R	-	22652572	22654530
Cyp6d4	chr3R	+	22698318	22700307
Cyp6d5	chr3R	+	14029227	14031483
Cyp6g1	chr2R	+	12185666	12188431
Cyp6g2	chr2R	-	12188337	12190377
Cyp6t1	chrX	-	21517433	21519218
Cyp6t3	chr2R	+	12190681	12192436
Cyp6u1	chr2R	-	6971995	6975026
Cyp6v1	chrX	+	20657121	20661425
Cyp6w1	chr2R	+	6173683	6176195
Cyp9b1	chr2R	-	7127837	7129808
Cyp9b2	chr2R	-	7130276	7132139
Cyp9c1	chr2R	+	24631062	24632923
Cyp9f2	chr3R	-	12403339	12406028
Cyp9f3	chr3R	-	12396006	12398929
Cyp9h1	chr2R	-	12840812	12842558
Cypl	chr3L	-	542121	542931
Cys	chr3R	-	14569102	14569644
CysRS	chr2R	+	16143146	16145906
CysRS-m	chr2R	-	14159095	14161262
Cyt-b5	chr2R	+	7533505	7535936
Cyt-b5-r	chr2L	-	16788773	16790721
Cyt-c-d	chr2L	+	16715890	16719635
Cyt-c-p	chr2L	+	16719931	16722644
Cyt-c1	chr3L	+	5360210	5362798
Cyt-c1L	chr3R	-	29202659	29204133
D	chr3L	-	14175609	14178620
D1	chr3R	-	9238082	9240654
D12	chr2L	-	8434057	8437365
D19A	chr3L	-	6185829	6189123
D19B	chr3L	-	6182175	6184920
D2hgdh	chrX	+	2141488	2144937
DAAM	chrX	-	1289712	1322362
DAT	chr2R	-	16558566	16565238
DCAF12	chr3R	-	12014942	12017031
DCP1	chr2R	-	23888763	23890276
DCP2	chr3L	-	15818733	15826423
DCTN1-p150	chr3L	+	13929386	13934656
DCTN2-p50	chr2R	+	8891831	8893339
DCTN3-p24	chr2R	-	23061419	23062593
DCTN4-p62	chr2R	-	7667247	7669029
DCTN5-p25	chr2L	+	15005732	15006607
DCTN6-p27	chr2L	+	19132322	19133097
DCX-EMAP	chr3L	+	14903804	14942907
DEF8	chr3L	+	12132145	12133834
DENR	chrX	-	16885545	16886560
DIP-alpha	chrX	-	3507244	3571649
DIP-beta	chrX	-	21422114	21457738
DIP-delta	chr3L	+	5424108	5442399
DIP-epsilon	chr2L	-	6377770	6411326
DIP-eta	chr2L	-	5601722	5617946
DIP-gamma	chr3R	-	28925003	28970372
DIP-iota	chr2L	-	6617133	6621700
DIP-kappa	chr2L	-	13676859	13717320
DIP-lambda	chr2R	+	326767	705848
DIP-theta	chr2L	-	5626290	5658560
DIP-zeta	chr2L	-	9051630	9071164
DIP1	chrX	-	21624795	21630148
DIP2	chr3L	-	250228	257954
DJ-1alpha	chr2R	-	13942533	13943377
DMAP1	chr2R	+	20644035	20645865
DNAlig1	chr2R	+	23890511	23893177
DNAlig3	chr3R	-	12399010	12401839
DNAlig4	chrX	-	13664583	13667811
DNApol-alpha180	chr3R	-	21666561	21671750
DNApol-alpha50	chr3L	+	8340313	8344404
DNApol-alpha60	chr3L	-	20359832	20361585
DNApol-alpha73	chr3R	+	27239162	27241228
DNApol-delta	chr3L	-	15984321	15987815
DNApol-epsilon255	chr3R	+	23348127	23355163
DNApol-epsilon58	chr3L	-	5895690	5897435
DNApol-eta	chr3L	-	21938633	21941812
DNApol-gamma35	chr2L	-	13831481	13833105
DNApol-iota	chr3R	+	8233506	8237389
DNApol-theta	chr3R	-	12705522	12712299
DNApol-zeta	chr2R	+	7793624	7801044
DNaseII	chr3R	+	18019374	18021161
DOR	chr3L	+	4406942	4420648
DPCoAC	chr3R	-	20552384	20557667
DUBAI	chr2R	-	12431446	12436577
Dab	chr3L	+	16712125	16724575
Dad	chr3R	+	17054006	17070408
Dad1	chr2L	-	8383611	8384137
Dak1	chr3R	-	26054236	26055438
Damm	chr2R	-	11864111	11866383
Dap160	chr2L	-	21134438	21142347
Dark	chr2R	+	17020026	17026703
Daxx	chr2L	+	6480928	6487576
Dbp21E2	chr2L	+	811583	813380
Dbp45A	chr2R	+	9087833	9089802
Dbp73D	chr3L	-	16728495	16730818
Dbp80	chr3L	+	27279315	27422159
Dbx	chr3L	+	1921306	1933602
Dci	chr3L	+	851345	852673
Dcp-1	chr2R	+	23551312	23553547
Dcr-1	chr3R	-	22734006	22741091
Dcr-2	chr2R	-	17574978	17581525
Dd	chrX	-	21319790	21324009
Ddc	chr2L	-	19116482	19120306
Ddr	chr2L	+	6253122	6323466
Ddx1	chr3L	+	22263368	22266017
Deaf1	chr3L	+	19818173	19830686
Debcl	chr2R	+	6648653	6652842
Decay	chr3R	-	16499057	16501050
Def	chr2R	-	10054177	10054576
Dek	chr2R	+	16856219	16861738
Den1	chr2R	+	12337796	12339544
Der-1	chr2L	+	1973956	1975413
Der-2	chr3R	-	16482693	16484223
Dera	chr2R	+	12425482	12426975
Desat1	chr3R	+	12439599	12447616
Desat2	chr3R	+	12436247	12437857
Desi	chr3R	+	10779568	10780825
Det	chr3R	+	17149666	17150455
Df31	chr2L	-	21626308	21629932
Dfd	chr3R	+	6791835	6802428
Dg	chr2R	-	16081175	16098564
Dgat2	chr2R	+	7712577	7714182
Dgk	chr2R	-	7834811	7885982
Dgkepsilon	chr2R	+	12757545	12759724
Dgp-1	chr2R	-	18168412	18172607
Dh31	chr2L	-	8491867	8506845
Dh31-R	chr2R	-	13267797	13295927
Dh44	chr3R	+	9638181	9650706
Dh44-R1	chr2R	+	14378096	14385359
Dh44-R2	chr2R	+	12474423	12487986
Dhap-at	chr3R	-	25485617	25490936
Dhc16F	chrX	+	18064482	18078472
Dhc36C	chr2L	+	17501400	17525515
Dhc62B	chr3L	-	1759171	1771758
Dhc64C	chr3L	-	4807367	4825687
Dhc93AB	chr3R	-	21024579	21042499
Dhc98D	chr3R	+	28486952	28519398
Dhfr	chr3R	+	16481166	16481878
Dhit	chr2R	+	17792869	17800677
Dhod	chr3R	-	8651390	8652916
DhpD	chr3R	-	4227386	4229238
Dhpr	chr3L	+	9134559	9135916
Dhx15	chr2R	+	7387186	7391023
Diap1	chr3L	-	16038409	16051034
Diap2	chr2R	-	15932169	15934825
Dic1	chr3R	+	13364937	13369278
Dic2	chr3R	-	20499991	20501427
Dic3	chr2R	-	7993797	7994968
Dic4	chr3L	-	18696401	18698412
Dic61B	chr3L	-	149678	152589
Diedel	chr3R	+	29493851	29494267
Diedel2	chr3R	+	29608476	29608854
Diedel3	chrX	+	19050441	19053160
Dif	chr2L	-	17413247	17433161
Dim1	chr2L	+	4403250	4403955
Dip-B	chr3R	+	13782287	13785676
Dip-C	chr3R	-	12411808	12413759
Dis3	chr3R	+	24333432	24337248
Dis3l2	chr3L	+	212708	216479
Dl	chr3R	-	19302730	19326217
Dlc90F	chr3R	+	18299228	18300044
Dlg5	chr2L	-	11508398	11517081
Dlic	chrX	+	11154420	11164670
Dlip1	chrX	+	9158621	9159375
Dlip2	chr3R	-	4644648	4645655
Dlip3	chr2R	+	18128493	18130246
Dlish	chr2R	+	17723308	17725056
Dll	chr2R	+	24814821	24835667
Dmtn	chr3R	-	6389161	6405895
DnaJ-1	chr3L	-	5750028	5752189
DnaJ-60	chr2R	-	24157667	24159312
DnaJ-H	chr2L	-	13163208	13166072
Dnah3	chr3L	+	4861268	4895749
Dnai2	chr3L	-	11697125	11699263
Dnali1	chr3R	-	11892305	11893297
Dnz1	chr2L	-	10854434	10856644
Doa	chr3R	+	28888072	28922772
Doc1	chr3L	+	9041374	9045042
Doc2	chr3L	-	9012685	9019246
Doc3	chr3L	+	9005195	9007249
Dok	chrX	+	7324213	7328806
Dop1R1	chr3R	-	14165378	14214810
Dop1R2	chr3R	-	29630303	29659984
Dop2R	chrX	-	20004679	20062706
DopEcR	chr3L	-	4367648	4380387
Dp	chr2R	+	13222432	13228202
Dp1	chr2R	+	18412026	18421124
Dpck	chr3R	+	7082181	7083251
Dph1	chr3L	-	11693878	11696963
Dph5	chr3R	-	22582027	22583225
Dpit47	chr2R	-	6660644	6662118
DppIII	chr3R	+	8344399	8347465
DptA	chr2R	+	18865764	18866260
DptB	chr2R	+	18867390	18867895
Dpy-30L1	chr2L	+	10732652	10733307
Dpy-30L2	chr3L	-	4046987	4047735
Dr	chr3R	+	29556385	29565244
Drak	chrX	+	11493134	11555045
Drat	chr2R	-	7526117	7532981
Dredd	chrX	-	633621	635545
Dref	chr2L	-	9964146	9967229
Drep1	chr2R	+	12044611	12050172
Drep2	chr2R	+	9291855	9302821
Drep3	chr2R	+	12055088	12062866
Drep4	chr2L	-	13283911	13286462
Drgx	chr2L	+	3662744	3692114
Drice	chr3R	+	29799657	29801584
Drip	chr2R	-	11411202	11429645
Drl-2	chr2R	-	13055245	13079539
Dro	chr2R	+	14745960	14746714
Droj2	chr3R	+	13382105	13385283
Dronc	chr3L	+	9968478	9971002
Drp1	chr2L	-	2581280	2585430
Drs	chr3L	+	3369555	3369942
Drsl1	chr3L	-	3335578	3335788
Drsl2	chr3L	+	3314348	3314681
Drsl3	chr3L	+	3314995	3315355
Drsl4	chr3L	+	3315619	3315942
Drsl5	chr3L	+	3316780	3317144
Drsl6	chr3L	-	3336031	3336418
Dscam1	chr2R	-	7317923	7381899
Dscam2	chr3L	-	7159198	7189931
Dscam3	chr3R	-	17473934	17505667
Dscam4	chr3L	+	8238646	8282398
Dsk	chr3R	-	4189691	4190260
Dsor1	chrX	+	9247341	9250037
Dsp1	chrX	+	16333611	16340624
Dtd	chr3R	+	11430060	11430762
Dtg	chr3R	+	12648057	12652910
Duba	chr3L	-	11605435	11609465
Duox	chr2L	-	2815969	2830248
Dup99B	chr3R	-	29715067	29715377
Dyb	chr2R	+	12437344	12452916
Dyrk2	chr2L	-	14184477	14234126
Dyrk3	chr4	-	1225088	1230713
Dys	chr3R	+	19461084	19597288
Dysb	chr3L	+	18867770	18869219
E(Pc)	chr2R	+	11452042	11465270
E(bx)	chr3L	-	233925	246912
E(spl)m2-BFM	chr3R	-	26016513	26017470
E(spl)m3-HLH	chr3R	+	26021822	26023127
E(spl)m4-BFM	chr3R	-	26023820	26024579
E(spl)m5-HLH	chr3R	-	26028853	26029735
E(spl)m6-BFM	chr3R	+	26032910	26034047
E(spl)m7-HLH	chr3R	+	26037037	26038019
E(spl)m8-HLH	chr3R	+	26040239	26041008
E(spl)malpha-BFM	chr3R	+	26010892	26011568
E(spl)mbeta-HLH	chr3R	-	26005045	26006023
E(spl)mdelta-HLH	chr3R	+	25997620	25998633
E(spl)mgamma-HLH	chr3R	+	25999850	26000761
E(var)3-9	chr3R	-	8990644	8992949
E(z)	chr3L	-	10634574	10638130
E23	chr2L	-	3334874	3354829
E2f1	chr3R	-	21620303	21660871
E2f2	chr2L	-	21154292	21156749
E5	chr3R	-	13867344	13874916
EAChm	chr3L	+	15054776	15055565
ECSIT	chr3R	+	5856584	5857914
EDTP	chr2R	-	17432172	17444938
ELOVL	chr3R	-	7981816	7995852
EMC1	chr3R	-	7903029	7907363
EMC10	chr3L	+	21574130	21575874
EMC2A	chr3R	-	16994541	16996071
EMC2B	chr3R	-	16990333	16991878
EMC3	chr2L	-	10731399	10732423
EMC4	chr3L	-	22867174	22868243
EMC5	chr2L	+	18987706	18988331
EMC6	chr3R	-	25024472	25025017
EMC7	chr2R	-	16016041	16017154
EMC8-9	chr2R	-	22881321	22882690
EMRE	chr2R	-	18147296	18147997
ERR	chr3L	-	8183360	8186671
ERp60	chr2R	-	11887567	11890979
ETH	chr2R	-	24794669	24795482
ETHR	chr3R	+	21247010	21265134
Eaat1	chr2L	+	9333566	9341925
Eaat2	chr2L	-	737211	744395
Eaf	chr2R	-	7396849	7407819
Eaf6	chr3L	-	5607161	5608300
Eato	chr2L	+	13784083	13790562
Eb1	chr2R	+	6749226	6756300
Ebp	chr2R	-	25175125	25176715
EbpII	chr2R	-	25173567	25174230
EbpIII	chr2R	+	24026171	24027518
EcR	chr2R	-	6087872	6169087
Echs1	chr2R	-	13852946	13854331
Ect3	chr3R	+	11999277	12003516
Edc3	chr3L	-	17525332	17529861
Edem1	chrX	-	1903703	1908827
Edem2	chr2L	+	13192200	13197281
Edg78E	chr3L	-	21296762	21297803
Edg84A	chr3R	+	6684444	6685157
Edg91	chr3R	-	17610855	17611511
Efa6	chr3R	+	22587754	22608842
Efhc1.1	chrX	-	15780397	15783710
Efhc1.2	chr2R	+	20239935	20242873
Efr	chrX	+	6219956	6222719
Egfr	chr2R	+	21522419	21559977
Eglp1	chr2R	+	23602584	23603641
Eglp2	chr2R	-	23603721	23616754
Eglp3	chr2R	-	23605688	23606654
Eglp4	chr2R	-	23607591	23614710
Egm	chr2R	-	11616868	11619023
Eh	chr3R	-	17446641	17448858
Ehbp1	chr2R	-	17007673	17015894
Eig71Ea	chr3L	-	15649125	15649661
Eig71Eb	chr3L	+	15649935	15650541
Eig71Ec	chr3L	-	15651478	15652254
Eig71Ed	chr3L	+	15652536	15653096
Eig71Ee	chr3L	-	15654471	15656010
Eig71Ef	chr3L	-	15656654	15657390
Eig71Eg	chr3L	+	15657627	15658149
Eig71Eh	chr3L	-	15658935	15659441
Eig71Ei	chr3L	+	15659706	15660351
Eig71Ej	chr3L	-	15660548	15661015
Eig71Ek	chr3L	+	15661247	15661809
Eip55E	chr2R	+	18627917	18629395
Eip63E	chr3L	+	3515750	3610521
Eip63F-1	chr3L	-	3909972	3935617
Eip74EF	chr3L	-	17558671	17619325
Eip75B	chr3L	-	17950952	18064696
Eip78C	chr3L	+	21226608	21266503
Eip93F	chr3R	+	21949113	22014539
Ekar	chr4	-	636130	646556
Elal	chr3R	+	24865349	24867651
Elba2	chr2L	+	2577686	2579179
Elba3	chr2L	+	4687510	4688956
Elk	chr2R	+	17873938	17926695
Elo68alpha	chr3L	-	11101874	11103030
Elo68beta	chr3L	-	11100674	11101698
EloA	chr3R	+	23251562	23255071
EloB	chr3R	-	20578221	20579850
EloC	chr2R	-	19445084	19446286
Elp1	chr3R	+	11650970	11655691
Elp2	chr2R	+	10645734	10648634
Elp3	chr2L	+	4444731	4446765
Elys	chrX	+	19652304	19659407
EndoA	chr3R	+	18906608	18910755
EndoB	chr2R	-	19307446	19310665
EndoG	chr2R	-	12177429	12178553
EndoGI	chr2L	+	16257687	16259511
EndoU	chr3R	+	15908397	15910367
Eno	chr2L	-	1724767	1729636
Ent1	chr2L	-	355564	357874
Ent2	chr2L	+	6562324	6564709
Ent3	chr3L	+	12853645	12857428
Eo	chrX	-	14916755	14918800
Eogt	chr2L	+	2381096	2383073
Epac	chr2R	-	6759714	6798941
Epg5	chr3R	-	18750435	18758873
Eph	chr4	+	610683	622470
Ephrin	chr4	+	571754	580122
Eps-15	chr2R	-	24768313	24775265
Ercc1	chr2R	+	14852940	14853948
Erk7	chrX	-	9261375	9267698
Ero1L	chr3L	+	4170403	4173789
Es2	chrX	+	8461478	8463349
Esp	chr3R	+	24841934	24850412
Est-6	chr3L	+	12188817	12190705
Est-P	chr3L	+	12190732	12192528
Est-Q	chr3L	+	21501420	21503959
Esyt2	chr3R	+	24544718	24556549
Etf-QO	chr2R	+	9910892	9913488
Etl1	chr2L	-	9908829	9912608
Ets21C	chr2L	-	544924	552923
Ets65A	chr3L	+	6097616	6123913
Ets96B	chr3R	+	24788053	24797955
Ets97D	chr3R	-	26910774	26912886
Ets98B	chr3R	+	27736537	27748366
Evi5	chrX	-	11430522	11454386
Exd2	chr3R	-	11433487	11435703
Exn	chr3L	+	16970012	16994388
Exo70	chr3L	+	8411850	8415910
Exo84	chr3R	-	26049730	26052257
FAM21	chr2R	+	20623546	20628315
FANCI	chr2R	-	8934575	8939789
FASN1	chr2L	+	3056597	3068177
FASN2	chr2L	+	3043946	3056143
FASN3	chr3L	-	25752858	25762779
FBXO11	chr3R	-	9803485	9809368
FDY	chrY	+	3022288	3024026
FER	chr3R	-	9367602	9394546
FIG4	chr2L	+	4465173	4468022
FLASH	chr2R	+	13206744	13210469
FMRFa	chr2R	+	9906293	9910457
FMRFaR	chr3L	+	3001715	3011860
FRG1	chr3L	-	20295801	20296971
Faa	chr3L	-	4072031	4073954
Fad2	chr3L	+	11023534	11024846
Fadd	chr3R	+	22034454	22035617
Faf2	chr2L	-	18706009	18708688
Fak	chr2R	-	19430658	19437259
Fancd2	chr3R	-	20810803	20816190
Fancl	chr3R	-	10051507	10052869
Fancm	chr3R	+	21482324	21487444
FarO	chrX	-	2201819	2203866
Fas1	chr3R	+	16625237	16639771
Fas2	chrX	-	4132886	4206093
Fas3	chr2L	+	18320101	18393441
Fatp1	chr2L	-	10510671	10517218
Fatp2	chr2R	+	23055473	23061549
Fatp3	chr2R	+	24294096	24298111
Fbl6	chr2R	-	11285147	11289772
Fbp1	chr3L	-	14094588	14098053
Fbp2	chr2L	+	9426783	9427917
Fbw5	chr2L	-	6063561	6065953
Fbxl4	chrX	-	14234412	14237923
Fbxl7	chr3R	+	15920897	15932887
Fcp1	chr2R	-	24567986	24571821
Fcp3C	chrX	-	3173375	3174474
Fdh	chr3R	-	10870905	10872381
Fdx1	chr3L	-	9370194	9371238
Fdx2	chr3L	+	4292481	4293432
FeCH	chr3R	-	31810459	31812296
Fem-1	chr2R	-	20662473	20667306
Femcoat	chrX	-	4241886	4242826
Fen1	chr2R	-	16854024	16855464
Fer1	chr3R	+	7136205	7141972
Fer1HCH	chr3R	-	30385572	30388178
Fer2	chr3R	-	16149368	16151312
Fer2LCH	chr3R	+	30387803	30390584
Fer3	chr3R	-	11693409	11694311
Fer3HCH	chrX	-	13107381	13108194
Fgop2	chr2L	-	6943177	6945289
Fhos	chr3L	+	8753618	8798719
Fib	chr2R	-	23072908	23074725
Fibp	chr3L	-	19816084	19817967
Fic	chr2L	+	6424335	6426371
Fie	chr3L	+	3892573	3894833
Fife	chr3L	-	2655414	2711690
Fign	chr2L	-	3316793	3319872
Fili	chr2R	+	21872029	21946259
Fim	chrX	-	17285703	17301929
Fip1	chr3R	+	4485007	4487677
FipoQ	chr3R	+	29494781	29498923
Fis1	chr2R	-	5603586	5604834
Fit1	chr3L	+	4103563	4107116
Fit2	chr3L	+	17024327	17027117
Fitm	chr3L	-	5144081	5146063
Fkbp12	chr2R	+	19290108	19290962
Fkbp14	chr2R	-	21487166	21497929
Fkbp39	chr3R	-	15331583	15333133
Fkbp59	chr2L	+	9888004	9890119
Flacc	chrX	-	18888977	18893636
Flo1	chr2R	-	15566270	15569404
Flo2	chrX	+	14839375	14933946
Fmo-1	chr2R	+	23962955	23964641
Fmo-2	chr2R	-	6642417	6645098
Fmr1	chr3R	-	10101419	10110121
Fnta	chr2L	-	4829213	4830693
FoxK	chr3L	-	11114168	11120783
FoxL1	chr3L	+	4018877	4021279
FoxP	chr3R	-	9726019	9730872
Fpgs	chrX	+	12611866	12615530
Fpps	chr2R	-	11305510	11307528
Frl	chr3L	+	14053214	14071583
Frq1	chrX	+	18155368	18174744
Frq2	chrX	+	18177611	18204407
Fs	chr2R	-	15223559	15241589
Fs(2)Ket	chr2L	+	20734608	20750941
Fsn	chr2R	-	13220938	13222459
Fst	chr3R	-	9644977	9646154
FucT6	chrX	-	11706574	11709951
FucTA	chr3L	+	15147136	15154395
FucTB	chr2L	-	9428668	9431052
FucTC	chrX	-	23008765	23011303
FucTD	chr3L	+	1416230	1417933
Fuca	chr3L	-	11518797	11522713
Fum1	chrX	+	6678423	6681845
Fum2	chrX	+	6681766	6683696
Fum3	chr3L	-	11463569	11465864
Fum4	chr2L	-	10189819	10191496
Fur1	chr3R	-	25347430	25473058
Fur2	chrX	+	16373085	16381782
G6P	chr2L	-	2814335	2815760
G9a	chrX	+	245977	254650
GAA1	chrX	-	5870840	5873357
GABA-B-R1	chr2L	+	15016330	15034704
GABA-B-R2	chr3R	-	21770332	21775840
GABA-B-R3	chr2L	+	749944	762399
GABPI	chr2L	+	3030538	3032300
GAPcenA	chr3L	+	8346560	8352279
GAPsec	chr3L	-	8622038	8623901
GATAd	chr2L	+	10333733	10339185
GATAe	chr3R	+	16009104	16019133
GC	chr3L	-	1623178	1629301
GC1	chr3R	+	11967707	11971686
GC2	chr3R	+	11971693	11972896
GCC185	chr3R	+	12010771	12015059
GCC88	chr3R	-	11228157	11230600
GCS1	chrX	-	11344505	11348001
GCS2alpha	chrX	-	21600501	21605264
GCS2beta	chr2L	-	17481987	17484307
GEFmeso	chr2R	-	18554118	18611777
GIIIspla2	chrX	+	8157627	8159348
GILT1	chr3R	-	13398525	13401862
GILT2	chr3R	+	23678894	23679855
GILT3	chr3R	+	23677357	23678421
GLS	chr2R	-	12670482	12679593
GLaz	chr2R	-	13163958	13168032
GM130	chr2R	-	22124566	22127502
GMF	chr2L	-	16301655	16302954
GNBP-like3	chr2R	+	20526310	20526825
GNBP1	chr3L	+	18675799	18677876
GNBP2	chr3L	-	18673473	18675413
GNBP3	chr3L	+	8955020	8956551
GPHR	chr2R	-	15199064	15201200
GV1	chr3L	+	1810587	1822903
GXIVsPLA2	chr3L	+	15955095	15956465
Gabat	chr3L	-	19997713	20000686
Gad1	chr3L	-	4074076	4088744
Gadd45	chr2R	+	7249160	7250655
Gagr	chr3L	+	16394585	16396880
Gal	chr2L	-	6003573	6006827
GalT1	chr2R	-	11980576	11982956
Gale	chr3L	+	648554	651311
Galk	chr3L	-	8982211	8986091
Galphaf	chr3L	-	16662556	16667934
Galphai	chr3L	-	6972749	6980044
Galphao	chr2R	+	10437984	10465701
Galphaq	chr2R	+	12612739	12623197
Galphas	chr2R	+	23942537	23946936
Galt	chr2L	-	6666263	6668033
Gapdh1	chr2R	-	7791900	7793380
Gapdh2	chrX	+	15868144	15869661
Gapvd1	chrX	+	11325384	11334071
Gart	chr2L	-	7014622	7023898
Gas41	chr2L	-	6949309	6950207
Gas8	chrX	-	3491010	3504851
Gasp	chr3R	-	6088798	6100887
Gasz	chr2R	+	8167947	8170089
Gat	chr4	+	629690	635350
GatA	chr3R	-	19026173	19028857
GatB	chr3R	-	24128048	24130255
GatC	chr2L	-	13831481	13833105
Gba1a	chr3R	+	23700620	23702605
Gba1b	chr3R	+	23704803	23708512
Gbeta13F	chrX	+	15860114	15866175
Gbeta5	chrX	-	8150730	8152275
Gbeta76C	chr3L	+	19687636	19689992
Gbp1	chr2R	+	17136450	17136903
Gbp2	chr2R	+	17137239	17139595
Gbp3	chr3R	+	22977269	22978164
Gbs-70E	chr3L	-	14540936	14550975
Gbs-76A	chr3L	-	19281363	19292766
GckIII	chr3R	+	17085512	17087988
Gclc	chrX	-	8102180	8116147
Gclm	chr3R	-	22685005	22686510
Gcn2	chr3R	+	31395659	31402013
Gcn5	chr3L	-	12521128	12524014
Gdap1	chr3L	+	5141952	5144317
Gdap2	chr2R	-	7716806	7735622
Gdh	chr3R	-	23935957	23943101
Gdi	chr2L	-	9491175	9494876
Gdn1	chr3R	+	19229462	19230832
Ge-1	chr2L	-	11095149	11100888
Gel	chr3R	+	4235216	4241057
Gem2	chr3L	-	19099122	19100363
Gem3	chr3L	-	10459080	10463101
Gem4b	chrX	+	3940846	3944265
Gem4c	chrX	+	3945042	3948460
Gen	chr3L	-	5149848	5152376
Gfat1	chr3R	+	4126441	4137882
Gfat2	chr3R	-	28337018	28339765
Gfrl	chr3R	-	20378457	20484588
Gga	chrX	+	9601029	9604280
Ggamma1	chr2R	+	8901403	8904791
Ggamma30A	chr2L	+	9256562	9302494
Ggt-1	chrX	-	18505882	18512521
Gint3	chr2R	-	18658417	18661548
Gip	chrX	-	10328876	10329872
Girdin	chr3L	+	3178929	3185287
Git	chr2R	-	10641817	10645427
Gk1	chr3L	-	202097	205844
Gk2	chr3L	+	1738406	1745421
GlcAT-I	chrX	+	4131210	4132833
GlcAT-P	chr3L	-	11176953	11197536
GlcAT-S	chr2L	+	9616468	9623109
GlcT	chr2R	+	22075987	22079381
Gld	chr3R	-	7252062	7265703
Gld2	chr3R	+	22211823	22217415
Gle1	chr2R	+	8627899	8630186
Glg1	chr3L	-	21497548	21507538
Gli	chr2L	-	15756001	15762758
GlnRS	chr3R	-	25263266	25265721
Glo1	chr2R	-	7393545	7395932
Glos	chrX	+	3936516	3940582
Glt	chr2L	+	8672697	8676804
GluClalpha	chr3R	+	19730714	19775231
GluProRS	chr3R	-	23952135	23958391
GluRIA	chr3L	+	6624031	6635059
GluRIB	chr3L	+	9251977	9288522
GluRIIA	chr2L	+	5555071	5558994
GluRIIB	chr2L	+	5559341	5563502
GluRIIC	chr2L	+	914085	917805
GluRIID	chr3R	-	20648594	20652450
GluRIIE	chr3R	-	20644153	20648716
GluRS-m	chr3L	-	16415291	16417177
Glut1	chr3L	+	914073	993788
Glut3	chr3R	+	16788310	16790021
Glut4EF	chr3R	+	9874680	9995364
GlyP	chr2L	+	2130812	2137296
GlyRS	chr3L	+	15095141	15097686
GlyS	chr3R	-	15141842	15147531
GlyT	chr2R	+	23820353	23839864
Glyat	chr2L	-	8009602	8010652
Gmap	chrX	+	15486921	15511223
Gmd	chr2L	-	4975299	4977023
Gmer	chr2R	-	22887573	22888857
Gnf1	chr3R	+	4906621	4910081
Gnmt	chr3R	+	12674607	12676084
Gnpnat	chr3R	+	29738274	29741952
Golgin104	chr3L	-	16348746	16351951
Golgin245	chr2R	-	23371359	23377045
Golgin84	chr3R	-	24356069	24357938
Gorab	chr3L	-	17427304	17428836
Gos28	chr3R	+	18663737	18665307
Got1	chr2R	+	16138351	16141928
Got2	chr2L	-	1984511	1987758
Gp150	chr2R	+	22317661	22329416
Gp210	chr2R	+	5760861	5774324
Gp93	chr3R	+	27948710	27952151
Gpat4	chr2R	+	24068756	24073552
Gpb5	chr2L	+	23311699	23312464
Gpdh1	chr2L	+	5943642	5948968
Gpdh2	chr2R	-	23128603	23130189
Gpdh3	chr3R	+	22382034	22386548
Gpo1	chr2R	-	15857751	15862755
Gpo2	chr2R	+	7535918	7538297
Gpo3	chr2L	+	13708214	13710583
Gprk1	chr2R	-	4322294	4471060
Gprk2	chr3R	+	31405244	31457873
Gr10a	chrX	-	11413466	11417422
Gr10b	chrX	-	11411782	11413190
Gr21a	chr2L	+	780481	782885
Gr22a	chr2L	-	1793667	1794917
Gr22b	chr2L	-	1792056	1793268
Gr22c	chr2L	-	1790616	1791823
Gr22d	chr2L	-	1789140	1790361
Gr22e	chr2L	+	1784061	1785286
Gr22f	chr2L	-	1755252	1756451
Gr23a	chr2L	+	2669822	2672186
Gr28a	chr2L	-	7452519	7454212
Gr28b	chr2L	-	7454825	7462247
Gr2a	chrX	+	1452429	1454177
Gr32a	chr2L	+	11114013	11115823
Gr33a	chr2L	+	12138007	12140392
Gr36a	chr2L	+	17176617	17177921
Gr36b	chr2L	+	17178771	17180064
Gr36c	chr2L	+	17180337	17181632
Gr39a	chr2L	+	21290733	21297686
Gr39b	chr2L	-	21367907	21369706
Gr43a	chr2R	-	7390868	7393161
Gr47a	chr2R	+	10362184	10363584
Gr47b	chr2R	+	11361899	11363405
Gr57a	chr2R	-	20685604	20686910
Gr58a	chr2R	+	21979859	21981099
Gr58b	chr2R	-	21978214	21979677
Gr58c	chr2R	+	21976661	21977957
Gr59a	chr2R	+	23080560	23081725
Gr59b	chr2R	+	23082202	23083366
Gr59c	chr2R	-	23102476	23103733
Gr59d	chr2R	-	23103940	23105169
Gr59e	chr2R	-	23541053	23542379
Gr59f	chr2R	+	23542509	23543885
Gr5a	chrX	+	5680616	5682488
Gr61a	chr3L	+	841450	843701
Gr63a	chr3L	-	3894998	3896603
Gr64a	chr3L	+	4026768	4028600
Gr64b	chr3L	+	4028604	4032032
Gr64c	chr3L	+	4028604	4032032
Gr64d	chr3L	+	4032061	4035703
Gr64e	chr3L	+	4032140	4035703
Gr64f	chr3L	+	4035798	4037575
Gr66a	chr3L	-	8305335	8306980
Gr68a	chr3L	+	11751304	11752474
Gr77a	chr3L	-	20737568	20739430
Gr85a	chr3R	-	9995543	9996789
Gr89a	chr3R	-	16497816	16498959
Gr8a	chrX	+	9227136	9228827
Gr92a	chr3R	+	20121059	20122277
Gr93a	chr3R	+	21832502	21834013
Gr93b	chr3R	-	21842520	21843765
Gr93c	chr3R	-	21844013	21845265
Gr93d	chr3R	-	21845453	21846659
Gr94a	chr3R	+	23051688	23052903
Gr97a	chr3R	-	26965123	26966485
Gr98a	chr3R	+	27487926	27489968
Gr98b	chr3R	+	27542496	27543888
Gr98c	chr3R	+	27544442	27545836
Gr98d	chr3R	+	27546051	27547462
Gr9a	chrX	+	10061626	10062785
Graf	chrX	-	15751673	15760733
GramD1B	chr2L	-	3358639	3373372
Grasp65	chr3L	+	19924942	19927175
Grd	chr3L	+	17823332	17839767
Grik	chr3R	+	20901955	20908263
Grip	chrX	+	5966278	5986699
Grip128	chrX	-	15468280	15472119
Grip163	chr3L	-	11993273	11998138
Grip71	chr2L	+	18708845	18711297
Grip75	chr2L	+	10483294	10485857
Grip84	chrX	-	19559430	19565764
Grip91	chrX	-	13736569	13744683
Grx1	chr3L	+	18869229	18870057
Grx1t	chr2R	+	21757344	21757913
Gs1	chr2L	+	132076	134472
Gs1l	chr2L	-	4455136	4456807
Gs2	chrX	+	11422831	11430197
Gsc	chr2L	-	583539	594685
Gss1	chrX	+	17889546	17898603
Gss2	chrX	+	17899701	17906025
GstD1	chr3R	-	12367816	12369268
GstD10	chr3R	-	12364775	12365735
GstD11	chr3R	+	12383335	12385624
GstD2	chr3R	+	12371970	12372704
GstD3	chr3R	+	12373067	12373813
GstD4	chr3R	+	12374099	12374824
GstD5	chr3R	+	12375732	12376572
GstD6	chr3R	+	12377127	12377907
GstD7	chr3R	+	12378499	12379255
GstD8	chr3R	+	12380007	12380815
GstD9	chr3R	-	12366162	12367564
GstE1	chr2R	+	18398392	18399223
GstE10	chr2R	-	18396637	18398519
GstE11	chr2R	+	18503607	18505025
GstE12	chr2R	-	24766717	24768172
GstE13	chr2R	+	9122124	9123309
GstE14	chr2R	+	13239728	13241013
GstE2	chr2R	+	18399485	18400375
GstE3	chr2R	+	18400712	18401467
GstE4	chr2R	+	18403247	18404086
GstE5	chr2R	+	18404604	18405338
GstE6	chr2R	+	18406010	18406761
GstE7	chr2R	+	18406923	18407688
GstE8	chr2R	+	18407833	18408955
GstE9	chr2R	+	18409047	18409835
GstO1	chr3L	-	8523741	8524866
GstO2	chr3L	-	8521428	8523501
GstO3	chr3L	+	8518884	8520295
GstS1	chr2R	-	17093245	17099501
GstT1	chr2R	+	9605987	9607184
GstT2	chr2R	+	9607291	9608350
GstT3	chrX	+	20467454	20469796
GstT4	chrX	+	13404748	13409323
GstZ1	chr3R	-	9455516	9456546
GstZ2	chr3R	-	9456814	9460652
Gug	chr3L	+	8449921	8472669
Gyc32E	chr2L	-	11138758	11149101
Gyc76C	chr3L	-	19750942	19793569
Gyc88E	chr3R	+	15150374	15191242
Gyc89Da	chr3R	+	16472600	16475477
Gyc89Db	chr3R	+	16477109	16481070
Gycalpha99B	chr3R	+	29682502	29685758
Gycbeta100B	chr3R	+	31134391	31178278
Gyf	chr4	-	853556	867025
Gyg	chr2R	+	21200482	21210821
H	chr3R	+	20621937	20628915
H15	chr2L	+	5404279	5416593
H2.0	chr2L	-	6013058	6019402
HBS1	chr3L	-	1862880	1865240
HDAC1	chr3L	+	4626733	4629467
HDAC11	chr3R	-	24854495	24856243
HDAC3	chr3R	-	5472809	5474600
HDAC4	chrX	-	13262686	13285632
HDAC6	chrX	+	15333309	15340360
HEATR2	chr3R	-	14358355	14361786
HERC2	chrX	+	20394394	20412247
HGTX	chr3L	-	14583221	14599540
HHEX	chr3R	-	21076861	21080926
HINT1	chr2L	+	2770134	2770904
HIP	chrX	+	3799149	3801570
HIP-R	chrX	+	3789968	3792477
HIPP1	chr3L	+	20809668	20813332
HLH3B	chrX	-	2680198	2681723
HLH4C	chrX	-	4645126	4647414
HLH54F	chr2R	+	17757404	17760517
HP1D3csd	chrX	+	19190213	19191029
HP1Lcsd	chr2R	-	23313016	23313854
HP1b	chrX	+	9081062	9082746
HP1c	chr3R	+	22745619	22746605
HP1e	chr3R	+	9321769	9322361
HP4	chr3L	-	7975437	7976154
HP5	chrX	+	11454785	11459227
HP6	chr2L	-	4577718	4578218
HPS1	chr2R	+	14855428	14857502
HPS4	chr2R	+	17683573	17690822
HSPBAP1	chr3R	+	27695234	27696531
HSPC300	chr2R	-	24027716	24028789
HUWE1	chrX	+	15712627	15731935
Hacd1	chr2L	-	12001233	12002266
Hacd2	chr2L	-	13444102	13445651
Hacl	chr2R	-	20242751	20245388
Had1	chrX	-	16306911	16308667
Had2	chr2R	+	14629909	14631023
Hakai	chr2L	-	19580611	19582474
Hand	chr2L	-	10292678	10295385
Hasp	chr2L	-	19508952	19517204
Haspin	chr2R	+	4014110	4049342
Hat1	chr3R	-	5787336	5789384
Hayan	chrX	-	18479982	18483772
Hcf	chr4	+	359937	375554
Hcs	chr3R	+	5474898	5485393
Hdc	chr2R	+	10237987	10246077
He	chr2L	-	13972095	13972947
Hel25E	chr2L	-	5539325	5542314
Hel89B	chr3R	+	15973297	15983451
Helz	chr3L	+	14789934	14801089
Hem	chr3L	-	22284353	22288195
HemK1	chr2L	-	6466216	6467698
HemK2	chr2L	-	2758426	2759677
Hen1	chr2R	+	12145709	12152752
Herc4	chr3L	+	1313695	1318330
Herp	chr2L	-	7796313	7800058
Hers	chrX	+	19866145	19908108
Hesr	chrX	-	18204402	18205144
Hex-A	chrX	+	9585674	9589813
Hex-C	chr2R	-	15218836	15220329
Hex-t1	chr3R	+	26449078	26450585
Hex-t2	chr3R	+	26450670	26452327
Hexim	chr3R	+	14659437	14661177
Hexo1	chr3L	+	4288640	4291211
Hexo2	chrX	+	8709651	8712478
Hey	chr2R	-	7995437	7998278
Hez	chr3L	-	9893187	9894743
Hf	chr2L	-	19966726	19967685
Hil	chr2R	-	20606880	20618217
Him	chrX	+	18209426	18210741
Hip1	chr3L	-	12768431	12773573
Hip14	chr3L	+	15988235	15992464
HipHop	chr3L	+	18821170	18822353
Hipk	chr3L	+	543059	581099
Hira	chrX	+	7722118	7725917
His1:CG31617	chr2L	+	21421854	21422877
His1:CG33801	chr2L	+	21416952	21417975
His1:CG33804	chr2L	+	21426915	21427938
His1:CG33807	chr2L	+	21431962	21432985
His1:CG33810	chr2L	+	21437010	21438033
His1:CG33813	chr2L	+	21451051	21452074
His1:CG33816	chr2L	+	21456112	21457135
His1:CG33819	chr2L	+	21461172	21462195
His1:CG33822	chr2L	+	21466215	21467238
His1:CG33825	chr2L	+	21471258	21472281
His1:CG33828	chr2L	+	21476301	21477324
His1:CG33831	chr2L	+	21481344	21482367
His1:CG33834	chr2L	+	21486495	21487518
His1:CG33837	chr2L	+	21491540	21492563
His1:CG33840	chr2L	+	21496585	21497608
His1:CG33843	chr2L	+	21501632	21502655
His1:CG33846	chr2L	+	21506683	21507706
His1:CG33849	chr2L	+	21511727	21512750
His1:CG33852	chr2L	+	21516772	21517795
His1:CG33855	chr2L	+	21521615	21522638
His1:CG33858	chr2L	+	21526458	21527481
His1:CG33861	chr2L	+	21531301	21532324
His1:CG33864	chr2L	+	21536345	21537368
His2A:CG31618	chr2L	+	21423736	21424229
His2A:CG33808	chr2L	+	21433861	21434337
His2A:CG33814	chr2L	+	21452933	21453426
His2A:CG33817	chr2L	+	21457994	21458487
His2A:CG33820	chr2L	+	21463054	21463547
His2A:CG33823	chr2L	+	21468097	21468590
His2A:CG33826	chr2L	+	21473140	21473633
His2A:CG33829	chr2L	+	21478183	21478676
His2A:CG33832	chr2L	+	21483226	21483719
His2A:CG33835	chr2L	+	21488377	21488870
His2A:CG33838	chr2L	+	21493422	21493915
His2A:CG33841	chr2L	+	21498467	21498960
His2A:CG33844	chr2L	+	21503520	21504013
His2A:CG33847	chr2L	+	21508565	21509058
His2A:CG33850	chr2L	+	21513609	21514102
His2A:CG33853	chr2L	+	21518654	21519147
His2A:CG33856	chr2L	+	21523497	21523990
His2A:CG33859	chr2L	+	21528340	21528833
His2A:CG33862	chr2L	+	21533183	21533676
His2A:CG33865	chr2L	+	21538227	21538720
His2Av	chr3R	+	26866928	26869220
His2B:CG17949	chr2L	-	21423013	21423608
His2B:CG33868	chr2L	-	21537504	21538099
His2B:CG33870	chr2L	-	21532460	21533055
His2B:CG33872	chr2L	-	21527617	21528212
His2B:CG33874	chr2L	-	21522774	21523369
His2B:CG33876	chr2L	-	21517931	21518526
His2B:CG33878	chr2L	-	21512886	21513481
His2B:CG33880	chr2L	-	21507842	21508437
His2B:CG33882	chr2L	-	21502797	21503392
His2B:CG33884	chr2L	-	21497744	21498339
His2B:CG33886	chr2L	-	21492699	21493294
His2B:CG33888	chr2L	-	21487654	21488249
His2B:CG33890	chr2L	-	21482503	21483098
His2B:CG33892	chr2L	-	21477460	21478055
His2B:CG33894	chr2L	-	21472417	21473012
His2B:CG33896	chr2L	-	21467374	21467969
His2B:CG33898	chr2L	-	21462331	21462926
His2B:CG33900	chr2L	-	21457271	21457866
His2B:CG33902	chr2L	-	21452210	21452805
His2B:CG33904	chr2L	-	21438169	21438764
His2B:CG33906	chr2L	-	21433121	21433716
His2B:CG33908	chr2L	-	21428074	21428669
His2B:CG33910	chr2L	-	21418111	21418706
His3.3A	chr2L	+	5055057	5056149
His3.3B	chrX	-	9152522	9156669
His3:CG31613	chr2L	+	21425192	21425721
His3:CG33803	chr2L	+	21420128	21420657
His3:CG33806	chr2L	+	21430254	21430783
His3:CG33809	chr2L	+	21435298	21435827
His3:CG33812	chr2L	+	21440186	21440715
His3:CG33815	chr2L	+	21454387	21454916
His3:CG33818	chr2L	+	21459446	21459975
His3:CG33821	chr2L	+	21464506	21465035
His3:CG33824	chr2L	+	21469549	21470078
His3:CG33827	chr2L	+	21474592	21475121
His3:CG33830	chr2L	+	21479635	21480164
His3:CG33833	chr2L	+	21484680	21485209
His3:CG33836	chr2L	+	21489829	21490358
His3:CG33839	chr2L	+	21494874	21495403
His3:CG33842	chr2L	+	21499919	21500448
His3:CG33845	chr2L	+	21504972	21505501
His3:CG33848	chr2L	+	21510017	21510546
His3:CG33851	chr2L	+	21515061	21515590
His3:CG33854	chr2L	+	21520108	21520637
His3:CG33857	chr2L	+	21524951	21525480
His3:CG33860	chr2L	+	21529794	21530323
His3:CG33863	chr2L	+	21534635	21535164
His3:CG33866	chr2L	+	21541152	21541681
His4:CG31611	chr2L	-	21424592	21425005
His4:CG33869	chr2L	-	21534084	21534610
His4:CG33871	chr2L	-	21529241	21529769
His4:CG33873	chr2L	-	21524398	21524926
His4:CG33875	chr2L	-	21519555	21520083
His4:CG33877	chr2L	-	21514465	21514878
His4:CG33879	chr2L	-	21509421	21509834
His4:CG33881	chr2L	-	21504376	21504789
His4:CG33883	chr2L	-	21499323	21499736
His4:CG33885	chr2L	-	21494278	21494691
His4:CG33887	chr2L	-	21489233	21489646
His4:CG33889	chr2L	-	21484084	21484497
His4:CG33891	chr2L	-	21479041	21479454
His4:CG33893	chr2L	-	21473998	21474411
His4:CG33895	chr2L	-	21468955	21469368
His4:CG33897	chr2L	-	21463912	21464325
His4:CG33899	chr2L	-	21458852	21459265
His4:CG33901	chr2L	-	21453789	21454202
His4:CG33903	chr2L	-	21439588	21440001
His4:CG33905	chr2L	-	21434702	21435115
His4:CG33907	chr2L	-	21429654	21430066
His4:CG33909	chr2L	-	21419530	21419943
His4r	chr3R	+	14625754	14626614
HisCl1	chr3R	+	11787175	11789393
HisRS	chrX	+	18515427	18520445
Hk	chrX	-	10233346	10263485
Hlc	chrX	-	21385517	21387946
Hmg-2	chr2R	+	21146202	21147608
HmgD	chr2R	+	21701457	21716727
HmgZ	chr2R	-	21697487	21707861
Hmgcl	chr2L	+	6960376	6961653
Hmgcr	chr3R	+	23733323	23750992
Hmgs	chr2R	+	16336089	16341242
Hml	chr3L	+	13846053	13860001
Hmr	chrX	-	10590919	10595855
Hmt-1	chr3R	-	15853867	15857470
Hmt4-20	chrX	-	648482	656033
Hmu	chr3R	+	27288768	27291592
Hmx	chr3R	+	17558929	17569097
Hn	chr3L	+	7760452	7763166
HnRNP-K	chr2R	+	20587550	20606854
Hnf4	chr2L	-	8687225	8709611
Ho	chr3R	+	11679742	11680976
Hpd	chr3L	-	20438165	20439872
Hph	chr3R	+	5257036	5269507
Hpr1	chr3R	-	5818793	5821440
Hr3	chr2R	-	10203994	10237348
Hr38	chr2L	-	20683461	20714588
Hr39	chr2L	+	21237249	21259675
Hr4	chrX	+	1941939	2007956
Hr51	chr2R	+	15331324	15339384
Hr78	chr3L	-	21494018	21497494
Hr83	chr3R	+	6349242	6350512
Hr96	chr3R	+	25025234	25029351
Hrb27C	chr2L	+	6920703	6932057
Hrb87F	chr3R	-	13656845	13660531
Hrb98DE	chr3R	+	28599833	28605777
Hrd3	chr3R	-	23754622	23758557
Hrs	chr2L	+	2739985	2743377
Hs2st	chr2L	-	19442832	19444750
Hs3st-A	chr2R	+	18718113	18754675
Hs3st-B	chrX	+	19248638	19252045
Hs6st	chr3R	-	19929276	20008512
Hsc20	chr3L	+	16233126	16234165
Hsc70-1	chr3L	+	13974060	13977761
Hsc70-2	chr3R	+	13044758	13047388
Hsc70-3	chrX	-	11801695	11807117
Hsc70-4	chr3R	+	15242686	15246614
Hsc70-5	chr2R	-	14252597	14256192
Hsc70Cb	chr3L	+	14037018	14043686
Hsepi	chr2R	-	6670153	6673372
Hsf	chr2R	-	18130302	18134634
Hsl	chr2R	+	20257649	20261726
Hsp22	chr3L	+	9372930	9374964
Hsp23	chr3L	+	9381881	9382765
Hsp26	chr3L	-	9376417	9377427
Hsp27	chr3L	+	9384062	9385694
Hsp60A	chrX	+	11108481	11112308
Hsp60B	chr2L	+	728361	730564
Hsp60C	chr2L	+	5662848	5670838
Hsp60D	chr2L	-	13447537	13449497
Hsp67Ba	chr3L	-	9377801	9379534
Hsp67Bc	chr3L	-	9371510	9372497
Hsp68	chr3R	-	24055079	24057310
Hsp70Aa	chr3R	-	11954162	11956544
Hsp70Ab	chr3R	+	11958534	11960909
Hsp70Ba	chr3R	-	12465452	12467776
Hsp70Bb	chr3R	+	12505792	12508139
Hsp70Bbb	chr3R	+	12502509	12504856
Hsp70Bc	chr3R	+	12509075	12511461
Hsp83	chr3L	+	3192968	3197059
HtrA2	chr3R	-	14509048	14511712
Hug	chr3R	+	12526187	12529076
Hus1-like	chr3R	-	4808335	4812096
Hyccin	chr2R	-	17734418	17737269
Hydr1	chr2R	+	9132479	9135453
Hydr2	chr2L	+	3163644	3169462
I-2	chr3L	-	9834366	9836805
I-3	chrX	-	20881813	20882626
I-t	chr3R	+	11704029	11704916
IA-2	chr2L	-	1008377	1048053
IBIN	chr2R	+	17671067	17671295
ICA69	chr3L	+	21131445	21133310
IFT20	chr2R	-	5351716	5352122
IFT43	chr2L	-	12693871	12694988
IFT46	chr2L	-	18614338	18616106
IFT52	chr2L	-	6555716	6557502
IFT54	chr3R	+	14302427	14304458
IFT57	chr2L	+	3530788	3532678
IKKbeta	chr3R	-	16046346	16049421
IKKepsilon	chr2L	+	20676044	20678979
IM14	chr2R	+	20870391	20870678
IM18	chr2R	-	23600913	23601773
IM33	chr2L	-	3696217	3696658
IM4	chr2R	-	20868495	20869321
IMPPP	chr2R	+	13407010	13408358
INPP5E	chr3L	+	12277654	12281476
IP3K1	chr2L	+	9782383	9788499
IP3K2	chrX	+	13303632	13329303
IPIP	chr2L	+	6048001	6050474
IRSp53	chr3L	+	11136048	11163984
ITP	chr2R	+	24537420	24558961
Ibf1	chr3R	+	9258963	9260400
Ibf2	chr3R	-	9257726	9258501
Ice1	chr2R	+	23366865	23371459
Ice2	chr3R	+	21130215	21132720
Ide	chr3L	-	20371671	20375896
Idgf1	chr2L	+	16445277	16446793
Idgf2	chr2L	+	16447329	16450508
Idgf3	chr2L	+	16450906	16455194
Idgf4	chrX	-	9927972	9930948
Idgf5	chr2R	+	18393665	18395282
Idgf6	chr2R	+	16691021	16693751
Idh	chr3L	-	8356403	8360906
Idh3a	chrX	-	19518427	19521810
Idh3b	chr3R	-	22016390	22019382
Idi	chr3R	+	21270125	21271408
Ids	chr3L	+	3378267	3380083
Ih	chr2R	+	14276129	14300095
IleRS	chr3L	+	22288664	22292810
IleRS-m	chr3L	+	16100279	16103482
Ilk	chr3L	+	21216900	21219240
Ilp1	chr3L	+	9798419	9799050
Ilp2	chr3L	+	9799697	9800440
Ilp3	chr3L	-	9801297	9802120
Ilp4	chr3L	-	9803398	9804263
Ilp5	chr3L	-	9823348	9823897
Ilp6	chrX	-	2331492	2334658
Ilp7	chrX	+	3667620	3668845
Ilp8	chr3L	-	17029811	17032080
Iml1	chr3L	-	1523413	1534034
Imp	chrX	-	10787868	10824277
ImpE1	chr3L	+	8372404	8391171
ImpE2	chr3L	-	3510973	3512681
ImpE3	chr3R	-	8028452	8029546
ImpL1	chr3L	+	13382764	13383999
ImpL2	chr3L	-	4224005	4236147
Impbeta11	chr2R	+	15682718	15687415
InR	chr3R	-	21570247	21619321
Incenp	chr2R	+	7278466	7281795
Indy	chr3L	-	18828631	18846267
Indy-2	chr3R	+	20042756	20048716
Ing3	chrX	-	18650717	18653091
Ing5	chr2L	-	13385847	13387312
Ino80	chr3R	-	19368994	19403153
Inos	chr2R	-	7454921	7458874
IntS1	chr2R	+	24037942	24044458
IntS10	chr3L	+	3806709	3809090
IntS11	chr3R	+	29745336	29747513
IntS12	chr3R	+	26863375	26864559
IntS14	chr2L	+	1164442	1166425
IntS2	chrX	-	17652760	17656818
IntS3	chr2R	-	4235778	4242934
IntS4	chrX	-	8555238	8558781
IntS6	chrX	-	5738662	5747254
IntS8	chr2R	+	16850436	16854104
IntS9	chr3L	-	16103431	16105627
Invadolysin	chr3R	+	10144667	10159134
Inx2	chrX	+	6998671	7004151
Inx3	chr3R	-	28853605	28859497
Inx5	chrX	-	19168776	19170883
Inx6	chrX	-	20267820	20269769
Inx7	chrX	-	6991611	6993612
Ip259	chr2L	+	10408351	10409610
Ipk1	chr2R	+	20870790	20879145
Ipk2	chr2L	-	573032	574264
Ipod	chrX	-	10231001	10233080
Ipp	chr3R	+	13958788	13960474
Ir100a	chr3R	+	31800962	31802774
Ir10a	chrX	-	11308532	11311208
Ir11a	chrX	-	12375595	12377755
Ir20a	chrX	-	21477253	21478945
Ir21a	chr2L	-	21822	25155
Ir25a	chr2L	-	4830845	4835300
Ir31a	chr2L	+	10405564	10408197
Ir40a	chr2L	-	22189525	22214376
Ir41a	chr2R	+	4917518	5021955
Ir47a	chr2R	-	10377127	10380109
Ir48b	chr2R	-	11700646	11702449
Ir48c	chr2R	-	11787807	11789493
Ir51b	chr2R	+	15207992	15209786
Ir52a	chr2R	+	15499631	15501431
Ir52b	chr2R	+	15501819	15503610
Ir52c	chr2R	+	15504200	15506000
Ir52d	chr2R	+	15506581	15508366
Ir54a	chr2R	+	17744100	17746005
Ir56a	chr2R	-	19094266	19096174
Ir56b	chr2R	+	19508166	19509653
Ir56c	chr2R	+	19509767	19511471
Ir56d	chr2R	-	19511672	19513571
Ir60a	chr2R	-	24249054	24251303
Ir60b	chr2R	+	24515684	24517458
Ir60d	chr2R	+	24519422	24521147
Ir60e	chr2R	-	24529553	24531272
Ir62a	chr3L	-	1529438	1531259
Ir64a	chr3L	-	5378785	5382821
Ir67a	chr3L	-	9542244	9543999
Ir67b	chr3L	-	10429688	10431983
Ir67c	chr3L	-	10432383	10434105
Ir68a	chr3L	-	11232971	11236218
Ir68b	chr3L	-	12125486	12127394
Ir75a	chr3L	-	17815569	17817921
Ir75b	chr3L	-	17818072	17820193
Ir75c	chr3L	-	17820492	17822834
Ir75d	chr3L	-	18908259	18911182
Ir76a	chr3L	+	19799277	19803427
Ir76b	chr3L	-	20108483	20111534
Ir7a	chrX	+	7764981	7766826
Ir7b	chrX	-	7864947	7866968
Ir7c	chrX	+	7874393	7876847
Ir7d	chrX	-	7876962	7878836
Ir7e	chrX	-	7879799	7881679
Ir7f	chrX	-	7881938	7884026
Ir7g	chrX	+	7884659	7886976
Ir84a	chr3R	+	7406868	7409384
Ir85a	chr3R	+	8794683	8796966
Ir87a	chr3R	+	13420278	13423140
Ir8a	chrX	-	9232725	9236585
Ir92a	chr3R	+	20338972	20343902
Ir93a	chr3R	-	20851708	20859945
Ir94a	chr3R	+	22113426	22115214
Ir94b	chr3R	-	22115470	22117249
Ir94c	chr3R	-	22117639	22119454
Ir94d	chr3R	+	23402807	23405139
Ir94e	chr3R	+	23405508	23407402
Ir94f	chr3R	+	23481864	23483541
Ir94g	chr3R	+	23483862	23485500
Ir94h	chr3R	+	23487500	23489180
Irbp	chr3R	+	11410046	11412440
Irbp18	chr3L	-	11097445	11098186
Irc	chr3R	+	17002874	17007208
Ire1	chr3R	-	19853907	19861291
Iris	chr2L	-	1132331	1134098
Irk1	chr3R	+	23168316	23185642
Irk2	chr3R	-	23513616	23519445
Irk3	chr2L	-	18711070	18713748
Irp-1A	chr3R	-	22721319	22724587
Irp-1B	chr3R	-	10408617	10412869
Iru	chr3R	+	9006455	9008030
IscU	chr3R	-	8822848	8824177
Ist1	chr3L	-	6754016	6756497
Iswi	chr2R	+	12636670	12640628
ItgaPS4	chr2R	+	15258760	15262873
ItgaPS5	chr2R	+	23556671	23560263
Itgbn	chr2L	+	21053032	21058044
Itpr	chr3R	+	5517116	5539411
Iyd	chr3L	-	11093370	11096245
JHDM2	chr3R	+	9516006	9520938
JIL-1	chr3L	-	11078751	11093193
JMJD4	chr2L	-	18157109	18159272
JMJD5	chr3L	-	839979	841360
JMJD7	chr3L	-	13449186	13450283
JTBR	chr3L	-	1802007	1802856
JYalpha	chr4	+	878	5039
Jabba	chr2R	-	18757073	18761082
Jafrac1	chrX	+	13329823	13331994
Jafrac2	chr3L	+	3042358	3044174
Jarid2	chr3L	+	9477037	9486530
Jasper	chr3R	+	30052513	30054697
JhI-21	chr2L	-	12051754	12056042
JhI-26	chr2R	+	16289319	16291333
Jhe	chr2R	+	16119792	16122773
Jhedup	chr2R	+	16117108	16119149
Jheh1	chr2R	-	18853433	18855087
Jheh2	chr2R	-	18855766	18858245
Jheh3	chr2R	-	18860374	18862078
Jon25Bi	chr2L	-	4954278	4955144
Jon25Bii	chr2L	-	4952242	4953136
Jon25Biii	chr2L	-	4949940	4950767
Jon44E	chr2R	+	8691447	8692844
Jon65Ai	chr3L	-	6053492	6054443
Jon65Aii	chr3L	+	6052320	6053215
Jon65Aiii	chr3L	+	6050756	6051690
Jon65Aiv	chr3L	+	6039154	6040135
Jon66Ci	chr3L	+	8391539	8392377
Jon66Cii	chr3L	-	8392819	8393649
Jon74E	chr3L	-	17548076	17549127
Jon99Ci	chr3R	-	29925225	29926189
Jon99Cii	chr3R	-	29923753	29924615
Jon99Ciii	chr3R	+	29922215	29923455
Jon99Fi	chr3R	+	30488962	30489895
Jon99Fii	chr3R	-	30487015	30487928
Jra	chr2R	+	10096479	10098556
Jupiter	chr3R	-	11590385	11619906
Jwa	chr2L	-	18704569	18705703
KCNQ	chr2R	-	10145896	10192394
KFase	chr2L	-	6487341	6488756
KLHL18	chr3R	-	12007475	12010434
KP78a	chr3R	-	11346293	11353131
KP78b	chr3R	-	11346293	11353131
Kah	chr3L	-	582823	589274
KaiR1D	chr3R	-	20860186	20866231
Kal1	chr3R	+	24141394	24147490
Kank	chr2R	-	14901474	14928425
Kap-alpha1	chr3L	+	19807231	19810398
Kap-alpha3	chr3R	-	9574483	9577733
Kap3	chrX	-	11334186	11340084
Karl	chrX	+	11787380	11792253
Karybeta3	chr3R	+	4649175	4654624
Kat60	chr3R	-	5227288	5232209
Kaz-m1	chr3R	+	26014720	26016487
Kaz1-ORFB	chr3L	+	216624	218058
Kcmf1	chr3R	-	9010281	9014909
KdelR	chr2L	+	10426886	10428632
Kdm2	chr3R	+	9052494	9063245
Kdm4A	chr2R	-	7922774	7924988
Kdm4B	chr2R	-	13176552	13198337
Keap1	chr3R	-	17073941	17079945
Kebab	chr2L	+	2045493	2048054
Khc	chr2R	-	16266959	16271971
Khc-73	chr2R	-	15515777	15532259
Kif19A	chr3R	-	14112450	14118450
Kif3C	chr4	+	1147465	1169239
Klc	chr3L	-	12746615	12750056
Klf15	chrX	-	4770556	4771588
Klp10A	chrX	-	11129361	11137118
Klp31E	chr2L	+	10414016	10418991
Klp3A	chrX	-	2599157	2604052
Klp54D	chr2R	+	17557030	17563406
Klp59C	chr2R	-	23123922	23126042
Klp59D	chr2R	+	23141998	23144497
Klp61F	chr3L	-	1241567	1245910
Klp64D	chr3L	-	5356863	5359392
Klp67A	chr3L	-	9362635	9367046
Klp68D	chr3L	+	11795613	11798875
Klp98A	chr3R	-	27547774	27559145
Kmn1	chrX	-	11571382	11572442
Kmn2	chr3R	-	8000547	8001309
Kr	chr2R	+	25226610	25231394
Kr-h1	chr2L	+	6082602	6096498
Kr-h2	chr2L	+	6070989	6073961
KrT95D	chr3R	-	23997537	24031827
Krn	chr3L	-	17649561	17654280
Ktl	chr3R	-	20894451	20897320
Ku80	chr2L	-	15768629	15771159
Kua	chr2L	+	20097580	20103375
Kul	chr3R	+	29725829	29735360
Kyat	chr3R	-	11820380	11822493
L2HGDH	chr2L	-	18971992	18974448
LBR	chr2R	+	21720494	21724055
LIMK1	chrX	-	12584384	12592193
LKRSDH	chr2L	-	7791174	7795959
LManI	chr2L	-	10452676	10457241
LManII	chr2L	+	10457657	10462472
LManIII	chr2L	-	8765272	8768710
LManIV	chr2L	-	8769158	8772344
LManV	chr2L	-	8772945	8776263
LManVI	chr2L	-	8777660	8781252
LPCAT	chrX	-	9571536	9579987
LRP1	chr2R	+	8174164	8226438
LRR	chr2R	-	7676539	7698902
LS2	chr2R	-	23210129	23211539
LSm-4	chr2L	-	10403196	10405203
LSm1	chr2R	-	21169968	21170672
LSm3	chr3R	+	23996261	23997017
LSm7	chr2L	-	16742314	16743100
LTV1	chr2R	-	10836569	10838727
LUBEL	chr2L	-	6759828	6772755
La	chr2L	-	20348392	20350012
Lac	chr2R	+	12453189	12465630
Lam	chr2L	+	5542479	5546642
LamC	chr2R	-	14570809	14575771
Lamp1	chr2L	+	21573388	21577103
LanA	chr3L	-	6203830	6218022
LanB1	chr2L	+	7811437	7820771
LanB2	chr3L	+	9614913	9623980
Lap1	chr2R	+	14935659	14940722
Lapsyn	chr2R	+	21193570	21199431
Lar	chr2L	+	19586622	19732069
Larp4B	chr3L	+	3224837	3236604
Larp7	chrX	+	9243816	9245925
Las	chr3L	-	20430604	20432361
Lasp	chr3L	-	16676405	16711677
Lcch3	chrX	+	15925104	15928529
Lcp1	chr2R	-	8430114	8431243
Lcp2	chr2R	-	8433796	8434785
Lcp3	chr2R	+	8435309	8436095
Lcp4	chr2R	+	8437646	8438495
Lcp65Aa	chr3L	+	6151303	6151803
Lcp65Ab1	chr3L	+	6149547	6149960
Lcp65Ab2	chr3L	+	6146673	6147089
Lcp65Ac	chr3L	+	6144818	6145393
Lcp65Ad	chr3L	+	6143394	6144101
Lcp65Ae	chr3L	-	6137582	6138118
Lcp65Af	chr3L	-	6136214	6136791
Lcp65Ag1	chr3L	-	6134696	6135274
Lcp65Ag2	chr3L	-	6132989	6133593
Lcp65Ag3	chr3L	-	6130385	6130989
Lcp9	chr2R	-	24779978	24780428
Ldh	chr3L	-	6259104	6262694
Ldsdh1	chrX	-	8078349	8081605
Leash	chr3R	+	10885539	10896418
Lectin-galC1	chr2L	+	19417446	19418274
Lerp	chr3R	-	26842461	26863130
Letm1	chr2R	-	24509507	24515320
LeuRS	chr2L	-	3510327	3514656
LeuRS-m	chr3L	+	4825852	4829038
Lfg	chr2R	-	12875163	12876966
Lgr1	chr3R	+	17725776	17733207
Lgr3	chr3R	+	25665808	25677214
Lgr4	chrX	-	13161713	13189164
Lhr	chr2R	+	17431031	17432219
Lim1	chrX	-	8756538	8805804
Lim3	chr2L	-	19079255	19108427
Lime	chr2R	+	9871469	9873646
Lint-1	chrX	+	11149322	11152592
Lip1	chr2L	-	10699407	10701544
Lip2	chr2L	-	10701939	10709453
Lip3	chr3R	-	13370239	13371904
Lip4	chr2L	+	10527571	10531778
Liprin-alpha	chr2L	+	6723902	6732766
Liprin-beta	chr3L	+	13513253	13516276
Liprin-gamma	chr2R	-	22333499	22373109
Lis-1	chr2R	+	16178825	16185103
List	chr2R	-	18727816	18730281
Listericin	chr2R	-	11241744	11242194
Lk	chr3L	-	14560138	14560764
Lk6	chr3R	-	11750930	11764457
Lkb1	chr3R	+	13676548	13679430
Lkr	chr3L	-	5512420	5529341
Lmpt	chr3L	+	16865294	16922487
Lmx1a	chr3L	+	12329231	12335901
Lnk	chr3R	+	25888541	25893270
Lnpk	chr2R	-	8596971	8599962
Lon	chr3L	-	19607856	19612199
Loxl1	chr3R	-	31458379	31459869
Loxl2	chr2R	-	21789622	21791580
LpR1	chr3R	-	25741347	25763105
LpR2	chr3R	-	25698726	25740465
Lpin	chr2R	-	8136985	8156654
Lpt	chr2R	+	23898560	23903661
Lrch	chr2L	-	17367510	17384115
Lrp4	chrX	+	15910869	15921013
Lrpprc2	chrX	-	1457174	1460617
Lrr47	chr2L	+	10517334	10519269
Lrrk	chr3R	+	20635479	20644279
Lrt	chr2R	+	20646359	20661070
Lsd-1	chr3R	+	23763856	23766662
Lsd-2	chrX	-	15069126	15076220
Lsm10	chr2R	-	10821097	10821640
Lsm11	chr2R	-	9838433	9839500
Lsm12a	chrX	+	12018639	12020719
Lsp1alpha	chrX	+	12490290	12492982
Lsp1beta	chr2L	+	898499	901316
Lsp1gamma	chr3L	+	66429	68995
Lsp2	chr3L	+	12129392	12131869
Lst	chr2R	-	16574578	16576586
Lst8	chrX	-	9604153	9605969
Ltn1	chr3L	-	19544344	19552290
LysB	chr3L	+	1207370	1207981
LysD	chr3L	-	1210716	1211196
LysE	chr3L	+	1212826	1213406
LysP	chr3L	-	1218081	1218696
LysRS	chrX	-	9606362	9608884
LysS	chr3L	+	1227746	1228238
LysX	chr3L	-	1194738	1195302
Lztr1	chrX	-	922888	927582
M1BP	chr3R	-	8729789	8731698
M6	chr3L	+	21507851	21512749
MAGE	chr3R	-	7154237	7155180
MAN1	chr2R	+	24033973	24036707
MAPk-Ak2	chrX	-	5759907	5764203
MBD-R2	chr3R	-	12352142	12356265
MBD-like	chr3R	+	9559759	9561533
MCPH1	chr2R	-	11895996	11903918
MCTS1	chrX	+	6037891	6039576
MCU	chr3L	+	6550737	6593940
MED1	chr3L	-	21628324	21634446
MED10	chr3L	+	16232083	16232777
MED11	chr3L	+	18745855	18746623
MED14	chr3L	+	593245	599239
MED15	chr2L	+	473012	476170
MED16	chr2R	+	22183137	22185892
MED17	chr3R	+	18189071	18191265
MED18	chrX	+	1865908	1866887
MED19	chr3L	-	17843724	17846501
MED20	chr2L	-	8071811	8072848
MED21	chr3L	-	25114923	25115946
MED22	chrX	+	928138	928860
MED23	chr2R	+	22888927	22894425
MED24	chr3L	+	8191269	8196573
MED25	chr3R	+	20008946	20011712
MED26	chr4	-	778515	788978
MED27	chr3R	+	5655138	5656336
MED28	chr3R	+	25477002	25477745
MED30	chr3L	-	652986	654089
MED31	chr3R	+	4641962	4643292
MED4	chr3L	-	7249528	7250527
MED6	chr3R	-	9766030	9768984
MED7	chr3R	-	10760070	10761032
MED8	chr2R	-	20325843	20326806
MED9	chr2R	+	18167254	18168380
MEP-1	chr3L	+	2631714	2641984
MESK2	chr2R	+	21502096	21517241
MESK4	chr3R	+	16988813	16990419
MESR3	chr2L	+	18617255	18661776
MESR4	chr2R	+	17547768	17556289
MESR6	chr3L	+	19092669	19094760
MFS1	chr2R	+	22829643	22831877
MFS10	chrX	+	13129017	13134839
MFS12	chr2R	+	7926652	7929922
MFS14	chr2R	-	18796974	18803727
MFS15	chr2R	-	18794617	18796678
MFS16	chr2R	+	21282297	21285679
MFS17	chr2R	-	2494741	2565385
MFS18	chr2L	-	4446669	4448635
MFS3	chr2L	+	1143200	1147395
MFS9	chr3R	-	20507391	20512468
MICAL-like	chr3L	-	13011975	13015332
MICU1	chr2L	+	7182233	7185529
MICU3	chr3R	+	19847310	19854403
MKP-4	chrX	+	19623113	19625729
MME1	chr2L	+	7027525	7028959
MP1	chr3R	+	4307907	4309835
MRG15	chr3R	-	15276439	15278109
MRP	chr2L	+	12719044	12766546
MSBP	chrX	-	15887566	15890109
MTA1-like	chr3R	-	5638654	5648738
MTF-1	chr3L	+	9430311	9439490
MTPAP	chrX	-	1344871	1349357
MYPT-75D	chr3L	+	18625958	18667177
Mabi	chr2L	-	13233797	13234660
Mad	chr2L	-	3146055	3159643
Mad1	chr2R	-	9288956	9291565
Madm	chr3R	+	5742509	5747138
Maf1	chr2R	-	1512809	1527095
MagR	chrX	+	15734269	15735780
Magi	chr2R	-	21129462	21142261
Mal-A1	chr2R	-	8449663	8451904
Mal-A2	chr2R	+	8453626	8455782
Mal-A3	chr2R	-	8455908	8457892
Mal-A4	chr2R	+	8458814	8460884
Mal-A5	chr2R	+	8462752	8465092
Mal-A6	chr2R	+	8465157	8467595
Mal-A7	chr2R	-	8468645	8471663
Mal-A8	chr2R	+	8471953	8473961
Mal-B1	chr2L	+	11847225	11849169
Mal-B2	chr2L	+	11849957	11852881
Manf	chr3R	+	16349403	16350801
Map205	chr3R	-	32055278	32068441
Map60	chr2R	+	9590866	9592744
Mapmodulin	chr2R	-	17866177	17872015
Marc	chr2R	+	9839775	9841163
Marcal1	chr2L	+	4955508	4958292
Marf	chrX	+	6365948	6370924
Marf1	chr2L	+	22308754	22368796
Mat1	chr2R	-	10738616	10739829
Mat89Ba	chr3R	-	16268328	16272415
Mau2	chr3R	+	15209203	15211347
Max	chr3L	-	19262231	19264184
Mbs	chr3L	+	16051958	16082026
Mcad	chr3L	+	7719349	7721472
Mccc1	chr3R	-	31790591	31793907
Mccc2	chr2R	+	6746380	6748954
Mcm10	chr2L	+	21179932	21182812
Mcm2	chr3R	+	8264969	8267924
Mcm3	chrX	+	5323854	5326738
Mcm5	chr3R	+	10788523	10791150
Mcm6	chrX	+	6674386	6677176
Mcm7	chr3L	+	8891595	8894310
Mco1	chr2L	+	9416587	9426342
Mco3	chr3R	+	25897475	25899744
Mco4	chrX	-	17852957	17856129
Mcr	chr2L	-	8074116	8082982
Mct1	chrX	+	2189187	2205373
Mctp	chr2R	+	18761757	18774824
Mdh1	chr2L	-	10393773	10396332
Mdh2	chr3R	+	18226395	18228718
Mdr49	chr2R	-	12940322	12946347
Mdr50	chr2R	+	14246965	14252597
Mdr65	chr3L	-	6240499	6245746
Mec2	chrX	+	19188034	19190193
Med	chr3R	+	31611045	31615375
Mef2	chr2R	-	9913495	9958858
Megf8	chr2L	+	8043470	8054326
Meics	chr3L	-	13962657	13964702
Mekk1	chr3R	-	18733105	18743594
Meltrin	chr3R	-	14664906	14697292
Membrin	chr3L	+	5366454	5367381
Men	chr3R	-	12713102	12722442
Men-b	chr3R	+	27151661	27157603
Menl-1	chr2R	-	16414814	16419398
Menl-2	chr2R	-	16414814	16419398
Mer	chrX	-	19689696	19693500
Mes2	chr3L	+	22945656	22952248
Mes4	chr2R	+	22411788	22412582
Mesh1	chr3R	-	29201755	29202525
Met	chrX	+	11616123	11621280
Met75Ca	chr3L	-	18472142	18472384
Met75Cb	chr3L	-	18469377	18469618
MetRS	chr2R	-	18846857	18850599
MetRS-m	chr3R	-	14249042	14259991
Mettl14	chr2L	+	8308426	8309961
Mettl3	chr3R	+	24032156	24034257
Mf	chr3R	-	15170624	15181510
Mfap1	chr3L	+	1941067	1942872
Mfe2	chrX	+	16270950	16273815
Mgat1	chr2R	-	20559155	20562331
Mgat2	chr3R	-	30015512	30022221
Mgstl	chrX	+	21042124	21044107
Mhc	chr2L	+	16766565	16788766
Mhcl	chr3R	-	16068522	16098761
Mi-2	chr3L	-	19882050	19910215
Mical	chr3R	-	10001553	10042895
Mics1	chr3R	-	7500950	7502376
Mid1	chr2R	-	24695377	24736657
Miga	chrX	-	8433922	8437820
Mink	chr3R	+	24922472	24925160
Mip	chr3L	-	17344946	17349666
Mipp1	chr3L	-	16563447	16573334
Mipp2	chrX	-	6082708	6091471
Miro	chr3R	-	24034361	24038847
Mis12	chr3L	-	6968034	6969048
Mitf	chr4	+	1198851	1224467
Mitofilin	chr3R	-	22019504	22023335
Mkk4	chr3R	-	8646171	8650796
Mkp	chr3L	-	182521	184540
Mkp3	chr3L	-	19066154	19086426
Mkrn1	chr3L	-	21529958	21533713
Mks1	chrX	-	12494394	12496597
Mlc-c	chrX	-	5619135	5622539
Mlc1	chr3R	-	27657077	27660177
Mlc2	chr3R	-	30171437	30174551
Mlf	chr2R	-	15935892	15940073
Mlh1	chr2R	+	8170273	8172401
Mlp60A	chr2R	+	24074601	24078223
Mlp84B	chr3R	-	7112849	7117732
Mmp1	chr2R	-	24671293	24688184
Mmp2	chr2R	-	9611138	9683858
Mms19	chr3R	+	5232542	5236288
Mnn1	chr2L	+	7056300	7063586
Mnt	chrX	+	3671800	3701672
Mo25	chr3L	-	16613217	16615472
Mob2	chr3L	-	11522756	11562233
Mob3	chr2L	+	10265335	10266570
Mob4	chr2R	-	6695113	6696661
Moca-cyp	chr3R	+	28340333	28345169
Mocs1	chr3L	+	11070525	11073348
Mocs2A	chr3R	-	25125631	25127359
Mocs2B	chr3R	-	25125631	25127359
Moe	chrX	-	8873011	8898332
Mon1	chr2L	+	4850640	4852640
Mondo	chr2L	-	21286077	21310050
Mos	chr2R	-	12751482	12752936
Mp	chr3L	+	6998842	7053499
Mp20	chr2R	+	13246669	13248880
Mpc1	chr3R	-	18926995	18928659
Mpcp1	chr2R	-	20279065	20281127
Mpcp2	chr3L	+	14537650	14540441
Mpi	chr3R	+	9759621	9761208
Mpp6	chr2L	+	21156287	21157685
Mppe	chr2R	-	12025613	12027707
Mps1	chr3R	+	17671270	17673828
MrgBP	chr2R	-	8900565	8901375
Mrp4	chr3R	+	11569249	11575937
Mrtf	chr3L	-	2717614	2766536
Ms	chr3R	+	24341550	24343825
MsR1	chr3L	+	2322692	2345799
MsR2	chr3L	+	2282882	2300944
Msh6	chr3L	-	15154232	15158562
Msp300	chr2L	+	5100876	5207002
Msr-110	chr3L	-	5566918	5577348
MsrA	chr3L	+	15511051	15513202
Mst27D	chr2L	-	7059213	7060851
Mst33A	chr2L	-	11585432	11586833
Mst36Fa	chr2L	-	18675182	18676998
Mst36Fb	chr2L	-	18673362	18675094
Mst57Da	chr3R	-	25831574	25831899
Mst57Db	chr3R	-	25830719	25830914
Mst57Dc	chr3R	-	25829320	25829698
Mst77F	chr3L	-	20816900	20818027
Mst77Y-13	chrY	+	3354104	3354870
Mst77Y-4	chrY	+	3284938	3285868
Mst77Y-7	chrY	+	3327555	3328279
Mst77Y-9	chrY	+	3336399	3337123
Mst84B	chr3R	+	7062174	7064370
Mst84Da	chr3R	+	7365849	7366262
Mst84Db	chr3R	-	7365159	7365627
Mst84Dc	chr3R	-	7364253	7364673
Mst84Dd	chr3R	-	7363306	7363773
Mst85C	chr3R	+	9048644	9052231
Mst87F	chr3R	-	13827150	13828008
Mst89B	chr3R	+	16267011	16268433
Mst98Ca	chr3R	+	28291337	28292656
Mst98Cb	chr3R	+	28292797	28293863
MstProx	chr3R	-	7365938	7369305
Mt2	chr2L	+	12096524	12097687
Mtap	chr2R	+	17427794	17429315
Mtch	chr3L	+	184625	186310
Mthfs	chr2R	+	23359214	23360266
Mtk	chr2R	+	15408845	15409113
Mtl	chr3R	+	27636411	27639871
MtnA	chr3R	-	9783406	9784370
MtnB	chr3R	-	20503101	20503746
MtnC	chr3R	+	20360307	20360634
MtnD	chr3R	+	20534961	20535301
MtnE	chr3R	-	20534020	20534704
Mtor	chr2R	+	11852616	11861202
Mtp	chr2L	-	20919093	20922876
Mtpalpha	chr2L	-	9573562	9576769
Mtpbeta	chr2R	-	23866647	23868603
Mtr3	chr3L	-	19912404	19913715
Mtr4	chr2L	+	15752262	15755900
Muc11A	chrX	+	12059794	12065144
Muc12Ea	chrX	+	14277734	14288161
Muc14A	chrX	+	16009113	16061722
Muc18B	chrX	+	19215514	19216660
Muc26B	chr2L	+	6151968	6153701
Muc30E	chr2L	-	9897819	9903128
Muc4B	chrX	-	4244094	4246139
Muc55B	chr2R	-	18050018	18052107
Muc68Ca	chr3L	-	11610577	11620101
Muc68D	chr3L	-	11767298	11772157
Muc68E	chr3L	-	11967342	11972979
Muc91C	chr3R	-	18687555	18692719
Muc96D	chr3R	-	25397787	25400645
Mul1	chr3L	+	4021456	4023501
Mulk	chr2L	+	10270050	10271465
Mur11Da	chrX	+	12967887	12970056
Mur18B	chrX	+	19213253	19214938
Mur29B	chr2L	+	8352186	8355172
Mur2B	chrX	-	1523553	1668788
Mur82C	chr3R	+	4541355	4543215
Mur89F	chr3R	-	17152994	17202130
Muted	chr3R	+	22362619	22364580
Mvb12	chrX	-	18097557	18101314
Mvd	chrX	+	15749165	15751737
Mvl	chr3R	-	21051382	21060800
Myb	chrX	-	15854831	15857823
Mybbp1A	chrX	+	629772	633633
Myc	chrX	+	3373158	3391697
Myd88	chr2R	-	9302822	9308722
Myo10A	chrX	+	10930839	10964046
Myo28B1	chr2L	+	7666046	7689459
Myo31DF	chr2L	-	10491813	10506779
Myo61F	chr3L	+	1318479	1329617
Myo81F	chr3R	+	567075	2532932
Myo95E	chr3R	-	24154825	24161498
Mys45A	chr2R	-	9111504	9113951
Myt1	chr3L	-	5777475	5779591
Mzt1	chr3L	+	2389264	2389650
N	chrX	+	3134869	3172221
NAAT1	chrX	-	5405237	5410849
NANS	chr3R	+	12426577	12427877
NAT1	chr2R	+	12915993	12923734
NC2alpha	chr2R	+	21670151	21671593
NC2beta	chr2L	+	15007812	15008538
ND-13A	chr2L	-	5099176	5100288
ND-13B	chr3L	-	10693183	10694108
ND-15	chr2L	+	114725	156030
ND-18	chrX	+	19492420	19493337
ND-19	chr2R	+	24664397	24665439
ND-20	chrX	-	15985472	15986808
ND-20L	chr3R	+	29515716	29516527
ND-23	chr3R	-	15836047	15837117
ND-24	chrX	+	17632088	17633509
ND-24L	chr3L	-	17319968	17320811
ND-30	chr3L	-	3158484	3159578
ND-39	chr3L	+	20492081	20497084
ND-42	chr3R	+	22027708	22029393
ND-49	chr4	-	568295	571554
ND-49L	chr3R	+	25358284	25360034
ND-51	chr2L	-	6060841	6062757
ND-51L1	chr2R	+	17595266	17597409
ND-51L2	chr2R	-	15296763	15298329
ND-75	chrX	-	8248650	8251687
ND-ACP	chr3L	+	1329948	1331631
ND-AGGG	chr3L	+	24976253	24977118
ND-ASHI	chrX	-	6677261	6679118
ND-B12	chr2R	+	21658077	21658777
ND-B14	chr2R	-	10897143	10897885
ND-B14.5A	chrX	+	2172525	2173432
ND-B14.5AL	chr3L	+	22606368	22607126
ND-B14.5B	chr2L	-	3144952	3145848
ND-B14.7	chr2R	+	21025077	21026086
ND-B15	chr2R	+	14756515	14757072
ND-B16.6	chrX	-	6349015	6350401
ND-B17	chr2L	-	15749318	15751078
ND-B17.2	chr2L	-	2579200	2580172
ND-B18	chrX	+	15063732	15064926
ND-B22	chr2L	-	13370102	13371110
ND-B8	chr2L	+	4454625	4455207
ND-MLRQ	chr3L	+	23339325	23345936
ND-MNLL	chrX	-	7893052	7893798
ND-MWFE	chr2R	+	13158665	13160190
ND-PDSW	chr2L	+	3466156	3467334
ND-SGDH	chr3L	-	12137495	12138584
ND1	chrM	-	11720	12659
ND2	chrM	+	239	1263
ND3	chrM	+	5607	5961
ND4	chrM	-	8206	9545
ND4L	chrM	-	9544	9835
ND5	chrM	-	6408	8125
ND6	chrM	+	9970	10495
NELF-B	chrX	-	7725995	7728361
NFAT	chrX	+	13624744	13664568
NHP2	chr3L	-	14801327	14802168
NK7.1	chr3R	-	14329412	14372951
NKAIN	chr2R	+	24881569	24888615
NKCC	chr3R	-	5489504	5502702
NLaz	chr2L	-	1359836	1361821
NO66	chrX	+	4319437	4321745
NP15.6	chr3R	+	19027367	19028015
NPF	chr3R	+	16609219	16611325
NPFR	chr3R	+	6187314	6195403
NSD	chr3R	-	27932981	27937853
NT1	chr3L	-	4501651	4508433
NT5E-2	chr2R	+	17485001	17493169
NTPase	chr2L	-	2880703	2885850
NUCB1	chr3L	-	17797737	17802279
NaCP60E	chr2R	+	24891613	24921677
NaPi-III	chr3L	+	11123347	11134663
NaPi-T	chr2R	-	14842719	14845874
Naa15-16	chrX	+	19479983	19484643
Naa20A	chrX	-	19621450	19623074
Naa20B	chr2L	+	13257476	13258644
Naa30A	chrX	+	1342105	1344770
Naa30B	chr3L	-	1470849	1472060
Naa35	chr2R	-	24135179	24138050
Naa40	chr3R	-	29724158	29724950
Naa60	chr3L	+	9726894	9729650
Naa80	chr3R	+	9767833	9770027
Naam	chr3R	+	19671449	19698742
Nab2	chr3R	-	24314659	24318419
Nacalpha	chr2R	-	12759692	12760999
Nach	chr2R	-	16653204	16655046
Nadsyn	chrX	-	13684379	13718285
Nak	chr2L	-	18957731	18968744
Nap1	chr2R	-	23905174	23907294
Naprt	chr2L	-	4189339	4198071
Naus	chr2R	+	18160719	18164746
Naxd	chr3L	-	19096398	19097709
Naxe	chrX	-	10084913	10086171
Nazo	chr3R	+	8287875	8288613
Nbr	chr2L	-	21160635	21163083
Nc73EF	chr3L	+	16954821	16968724
Nca	chr3L	+	19991886	19997568
Ncc69	chr3L	-	12368645	12391444
Nckx30C	chr2L	-	9711511	9746495
Ncoa6	chr2L	-	5315289	5326683
Nct	chr3R	+	24851600	24854869
Ndae1	chr2L	-	7223327	7249343
Ndc1	chr3R	+	23924398	23926436
Ndc80	chrX	-	13609670	13612062
Ndf	chr2L	+	10003831	10008889
Ndfip	chr3L	-	17647441	17654280
Ndg	chr2R	+	10313890	10322104
Neb-cGP	chrX	+	10460735	10461878
Nedd4	chr3L	+	17530080	17546660
Nedd8	chr2L	-	18951005	18951837
Nek2	chrX	-	7889065	7891646
Nelf-A	chr3R	+	21223703	21229512
Nelf-E	chr3L	-	8599441	8600879
Neos	chr3L	+	7241627	7243139
Nep1	chrX	+	6091204	6103971
Nep2	chr3R	-	4719457	4731878
Nep3	chrX	+	19961296	19969323
Nep4	chr3R	-	20652566	20659904
Nep5	chr3R	-	27057907	27064199
Nep6	chrX	+	12801660	12804232
Nep7	chr3R	+	27954916	27957326
Nepl10	chr2R	+	12471914	12474021
Nepl11	chr3R	-	4292273	4294840
Nepl12	chr3R	+	9675522	9677778
Nepl13	chr3R	-	22758809	22761076
Nepl14	chr3R	-	22761439	22763711
Nepl15	chr3R	-	22763959	22766172
Nepl16	chr3R	-	25109225	25112516
Nepl17	chr3R	+	28872904	28875031
Nepl18	chr3R	+	28875620	28877805
Nepl19	chr3R	-	28878023	28880122
Nepl20	chr3R	+	28880791	28882945
Nepl21	chr3R	+	28883692	28886015
Nepl3	chr2L	-	5055981	5058248
Nepl4	chr2L	+	6367881	6370190
Nepl5	chr2L	+	6381265	6383419
Nepl6	chr2L	-	6383434	6385512
Nepl7	chr2L	-	12667247	12669714
Nepl8	chr2L	+	16488147	16490182
Nepl9	chr2L	-	16835135	16837258
NetA	chrX	-	14604011	14653928
NetB	chrX	-	14686037	14749376
Neto	chrX	+	13445902	13527282
Neu2	chr3L	-	21484890	21490586
Neurl4	chr3L	-	14043693	14049892
Neurochondrin	chr3R	+	6468436	6471016
Nf-YA	chr3L	-	9440055	9442267
Nf-YB	chr2L	+	19736043	19737088
Nf-YC	chrX	-	6818177	6820919
Nf1	chr3R	+	25983012	25995737
NfI	chr4	-	268174	276369
Nfs1	chr2L	+	11999653	12001244
Nha1	chr2L	-	6860904	6870389
Nha2	chr3R	-	22981458	22998528
Nhe1	chr2L	-	103961	106732
Nhe2	chr2L	+	21104567	21134255
Nhe3	chr2L	-	6677834	6684364
NiPp1	chr2R	-	17003562	17005149
NijA	chr3L	-	10694359	10696877
NijB	chr3L	+	18892382	18893278
NijC	chr3R	+	12695128	12697379
NimA	chr2L	+	13957538	13963381
NimB1	chr2L	+	13963506	13965088
NimB2	chr2L	-	13965011	13967018
NimB3	chr2L	-	13967463	13967985
NimB4	chr2L	-	13968279	13969976
NimB5	chr2L	+	13970176	13972173
NimC1	chr2L	-	13973157	13976769
NimC2	chr2L	+	13980125	13983269
NimC3	chr2L	-	14019356	14020208
NimC4	chr2L	+	14047581	14048863
Nipped-A	chr2R	-	5177964	5251022
Nipped-B	chr2R	-	4691671	4729017
Nipsnap	chrX	-	16070364	16073568
NitFhit	chr3L	+	203729	205309
Nle	chr2L	-	566365	568121
Nlg1	chr3R	+	7658246	7694874
Nlg2	chr2L	+	6874899	6906656
Nlg3	chr3R	-	7570280	7639434
Nlg4	chr3R	+	20204808	20245473
Nlp	chr3R	+	30004784	30010352
Nmd3	chrX	-	2182817	2184668
Nmda1	chr2R	-	12877093	12880230
Nmdar1	chr3R	-	5508841	5523328
Nmdar2	chrX	-	1483624	1507809
Nmdmc	chr3R	-	9042507	9050555
Nmnat	chr3R	+	24945236	24947400
Nmt	chr3L	-	8176134	8178429
Nna1	chrX	+	13692291	13717835
Nnf1a	chr2R	-	20586221	20587238
Nnf1b	chr2L	+	810576	811531
Nnp-1	chr2L	-	13363307	13366189
Noa36	chr3R	-	28598058	28599288
Non1	chr2R	-	9396264	9398734
Non2	chr3L	+	2766998	2768392
Non3	chr3R	+	18223721	18224942
Nop17l	chr2R	-	7800784	7806385
Nop56	chr3R	-	22419094	22421068
Nop60B	chr2R	+	24174876	24186343
Nopp140	chr3L	+	21832773	21836685
Nos	chr2L	-	10804273	10837511
Nost	chrX	+	9030204	9054575
Not1	chr2R	-	9566145	9579007
Not10	chr3R	+	12630646	12633188
Not11	chr2R	-	24036719	24037915
Not3	chr2R	-	5656405	5663222
Notum	chr3L	+	16023479	16032752
Nox	chr2R	+	16307268	16316485
Np	chr2R	-	8992944	9006587
Npc1a	chr2L	-	10213811	10221216
Npc1b	chrX	+	20934868	20939503
Npc2a	chr2L	+	1988289	1988940
Npc2b	chr3R	+	14089516	14092425
Npc2c	chr3R	+	10060251	10061136
Npc2d	chr3R	-	10055355	10056083
Npc2e	chr3R	+	10053331	10054348
Npc2f	chr3R	+	24137894	24140936
Npc2g	chr3R	-	30744604	30745263
Npc2h	chr3R	-	30745478	30746290
Nph	chr3R	-	30003680	30004861
Npl4	chr3R	-	25611012	25624662
Nplp1	chr2R	+	25032376	25040377
Nplp2	chr3L	+	13356375	13357223
Nplp3	chr3L	+	16318023	16318690
Nplp4	chr2L	+	2008413	2009072
Nprl2	chrX	-	16882508	16884365
Nprl3	chr3L	-	13999379	14001880
Nrd1	chrX	-	11864650	11868893
Nrg	chrX	+	8517372	8555170
Nrk	chr2R	+	13160062	13163484
Nrt	chr3L	+	16766071	16777465
Nrx-1	chr3R	+	22468511	22486969
Nrx-IV	chr3L	+	12146518	12156990
Ns1	chr3R	-	17070522	17072675
Ns2	chr2R	-	17565778	17568456
Ns3	chrX	-	1461843	1464220
Ns4	chr2L	+	20752475	20754655
Nse1	chr2L	-	6676648	6677625
Nse4	chr2L	+	10439439	10441047
Nsf2	chr3R	-	13833496	13837991
Nsun2	chrX	-	4111155	4113734
Nsun5	chr3R	-	19160098	19162300
NtR	chr2R	+	22127807	22130184
Ntan1	chr2R	-	18640861	18658222
Ntf-2	chrX	+	21035468	21041467
Ntf-2r	chr2L	+	18454648	18455419
Ntl	chr2L	+	7710879	7713991
Ntmt	chr2R	+	9865631	9867051
Nuak1	chr3R	+	10264305	10308467
Nuf2	chr2L	-	7064430	7065837
Nufip	chr3L	-	18746610	18748367
Nulp1	chr3L	+	8110367	8113406
Nup107	chr2L	-	10733292	10736071
Nup133	chr3R	+	22690606	22694772
Nup153	chrX	+	16599240	16610459
Nup154	chr2L	+	11004819	11010921
Nup160	chr2L	+	11123776	11129335
Nup188	chr2R	-	12679966	12686179
Nup205	chrX	+	19852213	19859379
Nup214	chr2R	-	22918936	22924742
Nup35	chrX	+	18648181	18649489
Nup358	chr3R	+	25249347	25258672
Nup37	chr3R	+	25247657	25249100
Nup43	chr3R	+	18366637	18367913
Nup44A	chr2R	+	7988461	7991283
Nup50	chr2R	+	8123035	8125058
Nup54	chr2R	-	12428448	12431099
Nup58	chr3R	+	19645025	19646906
Nup62	chr2R	+	16344376	16345828
Nup75	chr2R	-	18164693	18167140
Nup93-1	chrX	+	13822825	13825910
Nup93-2	chr3R	-	14895702	14898372
Nup98-96	chr3R	-	23774224	23781621
Nurf-38	chr2R	-	24558966	24561087
Nxf3	chr3L	+	13965202	13973067
Nxt1	chr2R	-	23811320	23811974
O-fut1	chr2R	+	14161429	14163054
O-fut2	chrX	-	1464362	1465996
ORMDL	chr3L	+	21635304	21636251
ORY	chrY	+	3561744	3618339
OS9	chr2L	-	19965663	19966510
OSCP1	chr2R	-	12143190	12144533
OXA1L	chr3L	-	10884260	10886471
Oamb	chr3R	-	20689017	20714577
Oat	chr3L	-	19647279	19649851
Oatp26F	chr2L	-	6625137	6632407
Oatp30B	chr2L	+	9521209	9540060
Oatp33Ea	chr2L	-	12441400	12445924
Oatp33Eb	chr2L	+	12448483	12452047
Oatp58Da	chr2R	-	22218455	22220905
Oatp58Db	chr2R	-	22221179	22223499
Oatp58Dc	chr2R	-	22223680	22228574
Oatp74D	chr3L	+	17487117	17511693
Oaz	chr2R	+	14435898	14465881
Obp18a	chrX	-	19135080	19135868
Obp19a	chrX	+	20415743	20416521
Obp19b	chrX	+	20416732	20417812
Obp19c	chrX	-	20417920	20418964
Obp19d	chrX	+	20419612	20420979
Obp22a	chr2L	-	1991380	1992160
Obp28a	chr2L	-	7496790	7497365
Obp44a	chr2R	-	8134169	8135315
Obp46a	chr2R	-	10311171	10312023
Obp47a	chr2R	+	10909922	10910485
Obp47b	chr2R	-	11302246	11302987
Obp49a	chr2R	-	12690058	12690955
Obp50a	chr2R	-	14370330	14371116
Obp50b	chr2R	+	14371185	14373006
Obp50c	chr2R	+	14371185	14373006
Obp50d	chr2R	+	14373107	14373808
Obp50e	chr2R	-	14374461	14375385
Obp51a	chr2R	-	15024374	15024839
Obp56a	chr2R	+	19697722	19698508
Obp56b	chr2R	-	19698713	19699346
Obp56c	chr2R	-	19699994	19701124
Obp56d	chr2R	-	19702923	19703915
Obp56e	chr2R	+	19712344	19712932
Obp56f	chr2R	+	19713394	19713976
Obp56g	chr2R	-	19783483	19784043
Obp56h	chr2R	+	19815553	19816204
Obp56i	chr2R	+	19864716	19868714
Obp57a	chr2R	+	20505149	20505758
Obp57b	chr2R	+	20504250	20505136
Obp57c	chr2R	+	20503583	20504202
Obp57d	chr2R	-	20548367	20550117
Obp57e	chr2R	-	20547815	20548291
Obp58b	chr2R	+	22704703	22705639
Obp58c	chr2R	-	22705871	22706678
Obp58d	chr2R	+	22706933	22707772
Obp59a	chr2R	+	22702694	22703786
Obp69a	chr3L	+	12396170	12396957
Obp73a	chr3L	+	16944360	16954942
Obp83a	chr3R	-	5972154	5975245
Obp83b	chr3R	-	5976176	5976817
Obp83cd	chr3R	+	6108133	6109733
Obp83ef	chr3R	-	6109641	6111034
Obp83g	chr3R	-	6111670	6112302
Obp84a	chr3R	-	7250724	7251957
Obp85a	chr3R	-	8419821	8420597
Obp8a	chrX	+	9214875	9215699
Obp93a	chr3R	-	21128949	21129717
Obp99a	chr3R	+	29671656	29672334
Obp99b	chr3R	-	29716253	29716896
Obp99c	chr3R	-	29685735	29689311
Obp99d	chr3R	+	29714504	29715004
Ocho	chr3L	+	14974847	14976040
Ocrl	chrX	+	1922980	1927524
Oct-TyrR	chr3L	+	22035002	22065279
Octalpha2R	chr3R	-	18799279	18849224
Octbeta1R	chr3R	+	22497214	22520078
Octbeta2R	chr3R	-	12550624	12595725
Octbeta3R	chr3R	-	12511569	12548229
Oda	chr2R	-	12166294	12174264
Odc1	chr2R	+	8004823	8006672
Odc2	chr2R	+	8007245	8009062
Odj	chr3R	-	17807406	17809222
OdsH	chrX	+	17791009	17814011
Oga	chr3R	+	21219076	21222843
Ogg1	chrX	+	8690326	8691811
Oli	chr2L	+	17589183	17591267
Opa1	chr2R	-	14230610	14235449
Opbp	chr2R	+	6653216	6655267
Optix	chr2R	+	8031282	8042529
Or10a	chrX	-	11413466	11417422
Or13a	chrX	+	15974424	15976706
Or19a	chrX	-	20141818	20143188
Or19b	chrX	+	20094397	20095767
Or1a	chrX	+	315122	316566
Or22a	chr2L	+	1520490	1522156
Or22b	chr2L	+	1522696	1524257
Or22c	chr2L	+	2054588	2057967
Or23a	chr2L	+	2654048	2655462
Or24a	chr2L	-	4164688	4166134
Or2a	chrX	+	2246230	2247567
Or30a	chr2L	+	9111813	9113285
Or33a	chr2L	+	11934504	11935716
Or33b	chr2L	+	11936180	11937501
Or33c	chr2L	+	11937968	11939202
Or35a	chr2L	-	15622067	15623558
Or42a	chr2R	-	5791440	5792967
Or42b	chr2R	-	5797194	5798512
Or43a	chr2R	-	7232839	7234913
Or43b	chr2R	-	7920834	7922604
Or45a	chr2R	+	9345348	9348863
Or45b	chr2R	+	9559597	9561068
Or46a	chr2R	+	10139263	10142074
Or47a	chr2R	+	11250367	11251913
Or47b	chr2R	-	11319709	11321312
Or49a	chr2R	+	12393482	12394842
Or49b	chr2R	+	12842664	12844704
Or56a	chr2R	-	19769460	19771233
Or59a	chr2R	-	23439867	23441065
Or59b	chr2R	-	23470164	23471775
Or59c	chr2R	-	23472299	23473753
Or63a	chr3L	+	2961533	2963788
Or65a	chr3L	+	6320610	6322098
Or65b	chr3L	+	6325611	6327049
Or65c	chr3L	+	6327607	6329069
Or67a	chr3L	+	9529066	9531386
Or67b	chr3L	-	9627315	9629193
Or67c	chr3L	-	10243319	10244706
Or67d	chr3L	+	10273203	10274624
Or69a	chr3L	-	12964359	12967733
Or71a	chr3L	-	15076906	15078447
Or74a	chr3L	-	17327732	17329169
Or7a	chrX	-	8164265	8165708
Or82a	chr3R	+	4256971	4258444
Or83a	chr3R	-	5397642	5399196
Or83c	chr3R	-	6076803	6078283
Or85a	chr3R	+	8321746	8323054
Or85b	chr3R	-	8510076	8511358
Or85c	chr3R	-	8511733	8513022
Or85d	chr3R	+	8552607	8553968
Or85e	chr3R	-	8634319	8635878
Or85f	chr3R	+	9398189	9399551
Or88a	chr3R	+	14109444	14110823
Or92a	chr3R	+	20504787	20506186
Or94a	chr3R	+	22987280	22988503
Or94b	chr3R	+	22989294	22990568
Or98a	chr3R	+	27845949	27847260
Or98b	chr3R	+	28352241	28353620
Or9a	chrX	-	10458185	10459676
Orc1	chr2R	-	7522436	7525716
Orc2	chr3R	+	13964884	13967075
Orc3	chr2R	-	13202727	13206547
Orc4	chr2R	-	24795739	24797414
Orc5	chr2L	+	13829836	13831576
Orc6	chr2R	-	9845457	9846485
Orco	chr3R	-	5407182	5412406
Orcokinin	chr2R	-	23946958	23949076
Orct	chr3R	+	24276259	24278792
Orct2	chr3R	+	24273028	24275728
Ork1	chrX	-	10878053	10891250
Os-C	chr3R	+	7978958	7979614
Osbp	chr3R	-	24934868	24938222
Oscillin	chr2L	+	5547085	5549614
Oseg1	chr3L	-	8407267	8412825
Oseg2	chr3L	+	2229645	2235253
Oseg4	chr3L	-	1730992	1735767
Oseg5	chr2L	-	20832848	20835840
Oseg6	chr2R	-	19487045	19491846
Osi1	chr3R	+	6173548	6174971
Osi10a	chr3R	+	6263957	6265465
Osi10b	chr3R	+	6266189	6267457
Osi11	chr3R	-	6267590	6268757
Osi12	chr3R	+	6278530	6282495
Osi13	chr3R	+	6291736	6293489
Osi14	chr3R	+	6299127	6300738
Osi15	chr3R	+	6301803	6303653
Osi16	chr3R	+	6305246	6306366
Osi17	chr3R	+	6311771	6327308
Osi18	chr3R	+	6330247	6331809
Osi19	chr3R	+	6335361	6337196
Osi2	chr3R	+	6209372	6213493
Osi20	chr3R	+	6340094	6341424
Osi21	chr2L	-	11284326	11285706
Osi22	chr3R	+	13290628	13291846
Osi23	chr3R	-	30444075	30445046
Osi24	chr3R	+	6198810	6207678
Osi3	chr3R	+	6215831	6218199
Osi4	chr3R	-	6218317	6221781
Osi5	chr3R	+	6227511	6228828
Osi6	chr3R	+	6234707	6237181
Osi7	chr3R	+	6248993	6251683
Osi8	chr3R	+	6255174	6256602
Osi9	chr3R	+	6260210	6262105
Ost48	chrX	-	9156928	9158515
OstDelta	chr2R	-	17764573	17767070
Ostgamma	chr2L	-	8306695	8308192
Ote	chr2R	-	18275606	18277177
OtopLa	chrX	-	5625675	5648487
OtopLb	chr2L	-	3275799	3280534
OtopLc	chrX	-	5650566	5662861
Oxp	chr2R	-	17633796	17634167
P32	chr2R	-	17671308	17672640
P58IPK	chr3R	+	9586941	9589581
P5CDh1	chr3L	-	21836664	21841356
P5CDh2	chr3R	+	21877935	21880696
P5cr	chr3R	+	19028930	19030159
P5cr-2	chr3R	+	17534814	17537136
PAN2	chr2R	+	8928168	8933103
PAN3	chr3L	+	3071132	3090406
PAPLA1	chr2L	-	8134246	8159638
PCB	chr2R	-	9850702	9861543
PCID2	chr3L	+	11626440	11627715
PCNA	chr2R	-	20261753	20262883
PCNA2	chr2L	-	19582822	19583990
PDCD-5	chr3L	-	16231080	16232038
PDZ-GEF	chr2L	+	6323766	6332789
PEK	chr3R	-	5458562	5464753
PGAP1	chrX	-	5685252	5689473
PGAP2	chr2L	-	818078	819508
PGAP3	chr2R	+	6673603	6675061
PGAP5	chr2L	+	8198881	8200652
PGRP-LA	chr3L	+	9334331	9338336
PGRP-LB	chr3R	-	11452848	11460552
PGRP-LC	chr3L	+	9338809	9348336
PGRP-LD	chr3L	+	5780050	5784685
PGRP-LE	chrX	-	15801152	15803880
PGRP-LF	chr3L	+	9349608	9351489
PGRP-SA	chrX	+	11561642	11562779
PGRP-SB1	chr3L	-	16727298	16727989
PGRP-SB2	chr3L	+	16726540	16727288
PGRP-SC1a	chr2R	+	8709732	8710320
PGRP-SC1b	chr2R	+	8713445	8715094
PGRP-SC2	chr2R	+	8716949	8717695
PGRP-SD	chr3L	+	7651179	7651900
PH4alphaEFB	chr3R	+	30466049	30485799
PH4alphaMP	chr3R	-	30491812	30496153
PH4alphaNE1	chr3R	-	30496750	30500326
PH4alphaNE2	chr3R	-	30510082	30512214
PH4alphaNE3	chr3R	+	30604180	30606144
PH4alphaPV	chr3R	-	30646105	30648551
PH4alphaSG1	chr3R	-	30503664	30505661
PH4alphaSG2	chr3R	+	30490073	30491987
PHDP	chr2R	-	23883135	23884440
PHGPx	chr3L	+	3326264	3328626
PI31	chr2R	-	11967342	11970115
PICK1	chr2L	+	12695032	12698917
PIG-A	chr2R	-	17737621	17739685
PIG-B	chr3L	+	3811262	3813958
PIG-C	chr3L	-	3318027	3319232
PIG-F	chr3L	+	19612454	19613489
PIG-G	chr2R	+	7519279	7522541
PIG-H	chr3R	+	7999831	8001064
PIG-K	chrX	-	2007910	2009364
PIG-L	chr3R	-	20018268	20021338
PIG-M	chr2R	-	21667540	21669916
PIG-N	chr2R	-	10063384	10066514
PIG-O	chr2R	+	18426420	18430333
PIG-P	chr3R	-	26057346	26058223
PIG-Q	chrX	+	16359142	16361275
PIG-S	chr3R	-	24913215	24917864
PIG-T	chrX	-	8404534	8407263
PIG-U	chr2L	+	8515095	8516755
PIG-V	chr2R	+	16955457	16957308
PIG-Wa	chr2L	+	2383201	2384747
PIG-Wb	chr3L	-	1735852	1738106
PIG-X	chr2R	-	7929657	7931016
PIG-Z	chr2R	+	24411869	24415295
PIP4K	chr4	-	1192418	1196848
PIP5K59B	chr2R	+	22874768	22881436
PIP82	chrX	-	8525386	8529698
PK1-R	chr3R	-	14099831	14103122
PK2-R1	chr3R	+	13338329	13345106
PK2-R2	chr3R	-	13329069	13334166
PKD	chr3R	-	18303278	18314407
PLCXD	chr2L	+	12049417	12052049
PMCA	chr4	-	328192	358917
PMP34	chr3L	+	4318754	4321109
PNPase	chr3R	-	31401559	31405452
PNUTS	chr2L	+	870464	877038
POLDIP2	chr3R	+	5467777	5469566
POSH	chr2R	+	17568731	17572322
PPO1	chr2R	-	17887219	17889973
PPO2	chr2R	-	9042260	9044709
PPO3	chr2R	+	23064768	23067183
PPP1R15	chr2R	-	23975598	23977255
PPP4R2r	chrX	+	10478837	10481943
PPYR1	chrX	-	15243858	15244913
PQBP1	chr3R	+	25065790	25066718
PR-Set7	chr3R	+	14316037	14320494
PRAS40	chr2R	+	14481186	14497312
PRL-1	chr2L	-	16245834	16257606
PRY	chrY	-	146091	192020
PSMG1	chr3R	-	5793307	5794317
PSR	chr3R	-	22360781	22362371
PTP-ER	chr2R	-	21619320	21624446
PTPMT1	chr3R	+	23758338	23759606
PVRAP	chr3L	+	5997207	6026317
Pa1	chrX	+	11359235	11360929
Pabp2	chr2R	+	8131430	8134374
Paf-AHalpha	chrX	-	15784008	15785583
Paics	chrX	-	12757035	12760617
Paip2	chr3R	+	12980791	12985488
Pak	chr3R	+	6350895	6361614
Pak3	chr3R	-	16445006	16453821
Pal1	chr2R	+	9959548	9963853
Pal2	chr2R	+	23688076	23690838
Panx	chr2R	-	21310367	21312354
Papss	chr3L	+	19845292	19860925
Papst2	chr3L	+	17042796	17044465
Parg	chrX	-	3668836	3671502
Parp	chr3R	-	3461350	3587054
Parp16	chr2R	+	16445985	16447512
Pask	chr2R	+	23988737	23992049
Past1	chr3R	+	12697321	12704875
Pat1	chrX	+	6590775	6596954
Patj	chr3L	+	1798802	1802184
Patr-1	chr3R	+	17043563	17048421
Patronin	chr2R	-	17519023	17535866
Patsas	chr2L	-	12100764	12103285
Pax	chr2L	-	19400752	19426596
Pbgs	chr3L	-	12269451	12271345
Pbp45	chr3R	-	15838145	15839515
Pbp49	chr2R	-	8129353	8131323
Pbp95	chr3R	+	8013790	8016610
Pburs	chr2L	-	14416728	14417331
Pc	chr3L	-	21306137	21318020
Pcd	chr3R	+	29723162	29724226
Pcf11	chr2R	-	14860935	14871071
Pcl	chr2R	+	18135425	18139990
Pcmt	chr3R	-	5552822	5554316
Pcp	chr2L	+	7021681	7022470
Pcyt1	chr3L	+	1546091	1553504
Pcyt2	chr3L	+	1553492	1555315
Pdcd4	chrX	-	13745576	13755406
Pde11	chr2L	-	18532024	18590342
Pde1c	chr2L	-	11814155	11928572
Pde6	chr3R	-	14513900	14558304
Pde8	chr2R	+	23657566	23680844
Pde9	chrX	-	12785562	12897327
Pdf	chr3R	-	26455461	26456141
Pdfr	chrX	+	2552205	2578640
Pdh	chr3L	-	16353232	16354297
Pdha	chrX	+	4702283	4705265
Pdhb	chr3R	+	29113070	29116197
Pdi	chr3L	-	15137737	15142840
Pdk	chr2R	+	9426438	9434638
Pdk1	chr3L	+	129449	145895
Pdp	chrX	-	7731778	7734651
Pdp1	chr3L	-	7811457	7867369
Pdrg1	chr2R	-	9959118	9959732
Pdss2	chr3L	+	21027914	21030141
Pdxk	chr3L	+	9360315	9362042
Pebp1	chr3R	+	22466033	22466679
Pect	chr2L	+	13203761	13210828
Pen	chr2L	+	10056899	10060095
Pep	chr3L	-	17638102	17645036
Pepck1	chr2R	+	18536766	18539416
Pepck2	chr2R	+	18527429	18535749
Peritrophin-15a	chr2L	-	8395664	8396096
Peritrophin-15b	chr2L	-	8394445	8394940
Peritrophin-A	chrX	+	20244646	20248203
Pex1	chr3L	+	14071891	14076123
Pex10	chr3L	+	1558227	1559863
Pex11	chr2R	-	15991366	15992375
Pex12	chr2L	+	815992	818096
Pex13	chr2R	-	13228275	13230234
Pex14	chr3L	+	20778798	20780378
Pex16	chr3L	-	20776765	20778264
Pex19	chr2L	+	12091821	12095250
Pex2	chr3L	+	8339050	8340276
Pex23	chr3L	-	20297128	20302141
Pex3	chr3L	+	15144354	15146379
Pex5	chrX	-	1866831	1869061
Pex6	chr2R	+	10879973	10883202
Pex7	chr3L	+	8647144	8651011
Pez	chr2L	-	6332880	6338671
Pfas	chr2L	-	6041180	6046050
Pfdn1	chr2L	+	6069078	6069838
Pfdn2	chr3L	-	11073291	11074388
Pfdn4	chr3L	-	5367340	5368008
Pfdn5	chr3R	+	22487038	22488110
Pfdn6	chr3L	+	19923670	19924688
Pfk	chr2R	+	10109739	10117457
Pfrx	chrX	+	19495504	19509350
Pgam5	chrX	-	1872399	1873565
Pgam5-2	chr2R	-	24431343	24432733
Pgant1	chr2R	+	15511709	15515597
Pgant2	chr2L	-	3404459	3426719
Pgant3	chr2R	-	7057653	7061732
Pgant35A	chr2L	+	14359251	14361411
Pgant4	chr2L	+	3472602	3475338
Pgant5	chr2L	-	5072169	5093592
Pgant6	chr3L	+	2782254	2786010
Pgant7	chrX	-	18495066	18499986
Pgant8	chr3L	+	15683871	15686598
Pgant9	chr2R	-	16673234	16732916
Pgcl	chrX	-	436138	437448
Pgd	chrX	+	2145135	2148566
Pgi	chr2R	-	8910899	8914069
Pgk	chr2L	-	2746879	2753068
Pglym78	chr3R	+	29148247	29149901
Pglym87	chr3R	-	12231644	12232729
Pgm1	chr3L	-	16126017	16128531
Pgm2a	chr2R	-	9107150	9109718
Pgm2b	chr2R	-	14817856	14819987
PhKgamma	chrX	+	11695136	11704394
Phae1	chr2L	+	12109416	12110664
Phae2	chr2L	+	12111109	12112256
Phax	chr2R	+	9114273	9116030
Phb2	chr2R	+	18819466	18822250
PheRS-m	chr2R	+	13968307	13969902
Phf5a	chr2L	-	6490154	6490843
Phf7	chrX	-	20160354	20165830
Phk-3	chr2R	-	24970842	24973207
Phlpp	chr2L	+	19059128	19063132
Phm	chr2R	-	23985174	23988455
Phs	chr3L	+	15619900	15624130
Pi3K21B	chr2L	+	297879	305233
Pi3K59F	chr2R	+	23560491	23564045
Pi3K68D	chr3L	-	11774649	11790013
Pi3K92E	chr3R	-	20628971	20634732
Pi4KIIIalpha	chrX	+	2624803	2633672
Pi4KIIalpha	chr3R	-	5557662	5563652
Picot	chr2R	-	16655322	16667675
Piezo	chr2L	+	8163072	8190137
Pif1	chr2L	-	3467341	3470004
Pif1A	chr3R	-	8774285	8801176
Pif1B	chr3R	-	8774285	8801176
Pif2	chr3R	+	6549035	6549983
Pig1	chrX	-	3248599	3249289
Pih1D1	chr2L	-	12713275	12721843
Pink1	chrX	+	6683797	6687302
Pino	chr2L	-	1114653	1128953
Pis	chrX	-	15701450	15703770
Pisd	chr3R	+	24050782	24053592
Pits	chrX	-	12569168	12583193
Pitslre	chr3L	+	20771527	20776931
Pk34A	chr2L	+	13158809	13160173
Pka-C1	chr2L	-	9682314	9699297
Pka-C2	chr3R	-	30695536	30697138
Pka-C3	chr3L	-	15925804	15954797
Pka-R1	chr3L	+	20816117	20836048
Pka-R2	chr2R	-	9993889	10026042
Pkc53E	chr2R	+	16924654	16945126
Pkc98E	chr3R	+	29039155	29049148
Pkcdelta	chrX	+	12432223	12453650
Pkd2	chr2L	+	12398273	12402023
Pkg21D	chr2L	-	786152	790798
Pkn	chr2R	-	9252309	9285097
Plap	chr2L	-	1167171	1170365
Plc21C	chr2L	+	305934	355566
Pld	chr2R	+	6242003	6255266
Pld3	chr2L	+	21158846	21160903
Pldn	chr3L	-	11689630	11691399
Plekhm1	chr2R	+	22103176	22105963
PlexA	chr4	-	1009894	1027101
PlexB	chr4	-	32477	43778
Pli	chr3R	-	23860161	23890052
Plod	chr3L	-	11198165	11206016
Plp	chr3L	-	15066080	15094724
Plzf	chr2L	-	12046710	12048918
Pmi	chr3L	+	5780050	5784685
Pmm2	chr3L	+	12534589	12535513
Pmp70	chrX	+	19750769	19759280
Pms2	chr2R	-	15368073	15371520
Pngl	chr2R	+	6017738	6020695
Pnn	chr3R	+	9740898	9742844
Poc1	chr3L	-	13388298	13390006
Pof	chr2R	+	24669396	24671577
Pol31	chr3L	+	1775632	1777019
Pol32	chr2L	-	15254818	15256304
Pomp	chr2L	+	20787655	20789098
Pop1	chrX	+	5622647	5625493
Pop2	chr3L	-	11998397	12002915
Pop4	chr3L	-	7977804	7978650
Pop5	chr3L	-	17044400	17045038
Porin2	chr2L	-	10845787	10847044
Poxm	chr3R	-	8319024	8333792
Poxn	chr2R	-	15826692	15835055
Pp1-13C	chrX	-	15359100	15361061
Pp1-87B	chr3R	-	12423620	12425917
Pp1-Y1	chrY	+	9832	10786
Pp1-Y2	chrY	-	3539436	3540722
Pp1alpha-96A	chr3R	+	24518269	24522331
Pp2A-29B	chr2L	+	8366037	8370090
Pp2B-14D	chrX	-	16554626	16560016
Pp2C1	chrX	-	4679987	4686903
Pp4-19C	chrX	-	20421086	20424002
PpD3	chr3R	+	9747874	9751094
PpD5	chr2R	-	22041666	22042945
PpD6	chr2L	+	3109671	3110998
PpN58A	chr2R	-	21881351	21882533
PpV	chrX	-	6371064	6372915
PpY-55A	chr2R	-	17955395	17956570
Ppa	chr2R	-	22684954	22688987
Ppat-Dpck	chr3L	-	5767016	5768794
Ppcdc	chr2R	+	21691294	21692764
Ppcs	chr3R	-	19139053	19147910
Pph13	chr2L	+	577485	579549
Ppi1	chr3R	-	30125632	30129119
Ppm1	chr3L	+	581336	582810
Ppn	chr3R	-	28520664	28540324
Ppox	chr3R	-	24660196	24661851
Ppr-Y	chrY	+	1636573	1884846
Ppt1	chrX	-	8688626	8690227
Ppt2	chr2L	+	11280297	11281920
PrBP	chr2L	-	8684822	8685955
Prat	chr3R	-	7909597	7911779
Prat2	chr3L	-	6911998	6914876
Prdm13	chr3L	+	6163126	6164682
Prestin	chr3L	-	17898888	17907812
Prip	chr2R	+	11436242	11442216
Prm	chr3L	-	8732857	8745310
ProRS-m	chr3L	-	2650160	2651850
Proc	chr2L	-	7864641	7871432
Proc-R	chrX	+	4707915	4729487
Prosalpha1	chr2R	-	7827302	7828678
Prosalpha2	chr3R	+	12431320	12432556
Prosalpha3	chr2R	+	20994899	20996118
Prosalpha3T	chr3R	-	31122526	31123415
Prosalpha4	chrX	+	16276269	16277587
Prosalpha4T1	chr3R	-	20748183	20749074
Prosalpha4T2	chr2R	-	24500779	24502277
Prosalpha5	chr2R	+	17412766	17413769
Prosalpha6	chr2L	+	10221350	10222546
Prosalpha6T	chr2L	+	13232038	13233058
Prosalpha7	chr2R	-	9846635	9847836
Prosap	chr2R	-	14060455	14140902
Prosbeta1	chr2R	-	16013804	16014787
Prosbeta2	chr3L	+	14999950	15001319
Prosbeta2R1	chrX	+	5808953	5810158
Prosbeta2R2	chr3R	-	5217750	5219528
Prosbeta3	chr3R	-	9005312	9006226
Prosbeta4	chr2L	-	16731179	16732133
Prosbeta4R1	chr2L	+	2653045	2653926
Prosbeta4R2	chr2L	+	2655393	2657102
Prosbeta5	chr2R	+	10819977	10821178
Prosbeta5R1	chr2R	-	23308653	23309816
Prosbeta5R2	chr2L	+	17990417	17991951
Prosbeta6	chr3L	-	16609399	16610418
Prosbeta7	chr3R	-	5357011	5358364
ProtA	chr2L	-	14879049	14881652
ProtB	chr2L	-	14882100	14883721
Prp18	chr3R	-	19029967	19031271
Prp19	chr2R	-	18447360	18451041
Prp3	chr3L	+	19910299	19912504
Prp31	chr3L	+	15159099	15161138
Prp38	chr2R	+	9143955	9145151
Prp8	chr2R	-	12154257	12162998
Prpk	chr3L	-	5138651	5139395
Prps	chr3L	-	9683578	9696700
Prtl99C	chr3R	+	29835949	29837447
Prx2540-1	chr2R	+	10424435	10425471
Prx2540-2	chr2R	+	10418717	10419761
Prx3	chr3R	-	17545221	17546531
Prx5	chr3R	-	18165441	18167273
Prx6005	chr2L	-	2877090	2878232
PsGEF	chrX	-	2367120	2387664
Psa	chr3L	+	1502842	1523380
Psc	chr2R	-	12965996	12980994
Psf1	chr3L	-	1246985	1247677
Psf2	chr2L	-	4386181	4387356
Psf3	chrX	-	10383352	10385861
Psi	chr2R	-	16861320	16867714
Psn	chr3L	+	20432467	20435156
Pstk	chrX	-	19616662	19618537
Pten	chr2L	-	10256318	10261049
Ptip	chr3L	-	14020314	14029121
Ptp10D	chrX	+	11622014	11677338
Ptp36E	chr2L	-	18180883	18185007
Ptp4E	chrX	+	4939127	4955916
Ptp52F	chr2R	-	16171111	16178307
Ptp61F	chr3L	-	1342492	1475257
Ptp69D	chr3L	+	12734944	12741568
Ptp99A	chr3R	+	29377645	29487131
Ptpa	chr2L	+	3377001	3378590
Ptpmeg	chr3L	+	328096	356050
Ptpmeg2	chrX	-	9626293	9659145
Ptr	chr2R	-	6181747	6196320
Ptth	chr2L	-	575710	576896
Ptx1	chr3R	+	30912753	30930682
Pu	chr2R	+	21175314	21182608
Pur-alpha	chr4	+	558015	567257
Pura	chr3L	+	7593090	7639573
Pus1	chr3R	-	20591023	20592671
Pus7	chr3L	+	8510002	8513007
Pvf1	chrX	+	18832681	18842901
Pvf2	chr2L	-	7069535	7084635
Pvf3	chr2L	-	7098187	7157695
Pvr	chr2L	-	8220979	8239878
Pxd	chr3R	+	17014575	17027987
Pxn	chr3L	-	2601454	2630064
Pxt	chr3R	+	17719453	17722955
PyK	chr3R	+	22367535	22372746
Pym	chr2R	-	23855953	23856936
Pyroxd1	chr2L	+	20091434	20093152
Pzl	chr3R	-	2554161	3263582
QC	chr3L	-	5900834	5902456
QIL1	chr3L	+	17465944	17466768
Qsox1	chr2R	-	13231757	13235296
Qsox2	chr3R	+	21913746	21915546
Qsox3	chr3R	+	21911815	21913591
Qsox4	chr3R	+	23702760	23704542
Qtzl	chr2L	+	11995739	11996723
RAF2	chr3L	+	16386326	16390816
RASSF8	chr3R	+	25661794	25665640
REG	chrX	+	13212324	13214408
REPTOR	chr3R	-	24557367	24582864
REPTOR-BP	chr2L	+	10264124	10265229
RFeSP	chr2L	-	1612428	1614160
RIC-3	chr2R	+	21017783	21024918
RIOK1	chr3L	-	11646233	11648474
RIOK2	chr3R	+	25265843	25267757
RN-tre	chr2R	-	13984814	13990707
RNASEK	chr2R	-	4186834	4188127
RNaseMRP:RNA	chr3R	-	23730047	23730429
RNaseP:RNA	chr3R	-	31217363	31217662
RNaseX25	chr3L	+	7970587	7972449
RNaseZ	chr2R	-	10307029	10309794
RPA2	chr2L	-	20924974	20926147
RPA3	chrX	-	11615096	11615840
RSG7	chrX	-	16838172	16844433
RYBP	chr2R	+	22670586	22673212
RYa	chr2R	+	3647345	3647765
RYa-R	chr3R	+	26996979	27057935
Rab1	chr3R	-	21266028	21269060
Rab10	chrX	+	20251337	20254691
Rab11	chr3R	+	21111407	21116146
Rab14	chr2L	+	14355144	14358764
Rab18	chrX	-	5670826	5671812
Rab19	chr3L	+	8297017	8298506
Rab2	chr2R	+	6696738	6699469
Rab21	chrX	-	23012139	23013409
Rab23	chr3R	-	5680053	5685434
Rab26	chr3L	+	21318773	21335027
Rab27	chrX	-	1473883	1476974
Rab3	chr2R	-	10721334	10729203
Rab3-GAP	chr2L	-	12058303	12063184
Rab3-GEF	chrX	+	15089681	15113762
Rab30	chr2L	-	7030492	7032606
Rab32	chr2R	-	9177863	9186342
Rab35	chrX	-	20155765	20159872
Rab39	chrX	+	7734922	7736756
Rab4	chr2R	+	17573461	17574979
Rab40	chrX	-	12459795	12463112
Rab5	chr2L	-	2359141	2365273
Rab6	chr2L	-	12107220	12109116
Rab7	chr3R	+	23993007	23995452
Rab8	chr3L	-	19867487	19871078
Rab9	chr2L	+	19432573	19435841
Rab9D	chrX	+	10589088	10589985
Rab9Db	chrX	-	10622354	10623225
Rab9E	chrX	-	10660954	10661843
Rab9Fa	chrX	-	10950159	10951030
Rab9Fb	chrX	-	10951608	10952486
RabX1	chr2R	-	23519838	23523613
RabX2	chrX	+	10417428	10418219
RabX4	chr3R	-	24826664	24828409
RabX5	chr3L	-	1668900	1670108
RabX6	chr3L	+	690516	691951
Rabex-5	chr3L	+	1295912	1298497
Rac1	chr3L	-	1300878	1302683
Rac2	chr3L	-	7432761	7435190
RacGAP84C	chr3R	+	7285961	7287629
Rack1	chr2L	-	7825346	7827315
Rad1	chr2L	-	2573435	2575052
Rad17	chr3R	-	14661175	14663197
Rad23	chr4	+	308092	310822
Rad51D	chr2R	+	9165631	9167670
Rad60	chr3R	-	23249442	23251477
Rad9	chr3L	-	18870044	18872553
Rae1	chr2R	-	21658769	21660007
Raf	chrX	+	2295465	2343870
RagA-B	chr3R	-	8982731	8984315
RagC-D	chr2R	-	8161678	8163500
Rai1	chrX	-	16801928	16803344
Rala	chrX	-	3704609	3719635
Ran	chrX	-	11144851	11148716
Ran-like	chr3L	-	15484395	15485402
RanBP3	chr3R	-	23750936	23752834
RanBPM	chr2R	+	10429707	10436581
RanGAP	chr2L	+	19441958	19447317
Ranbp16	chrX	-	15927184	15933867
Ranbp21	chrX	-	19646305	19652269
Ranbp9	chr3R	+	11412521	11416142
Rap1	chr3L	-	1859114	1862239
Rap2l	chr2R	+	24063050	24065405
RapGAP1	chr2L	-	7497804	7578980
Ras64B	chr3L	+	4139075	4141398
Ras85D	chr3R	-	9510560	9513067
RasGAP1	chr3L	-	9839092	9855285
Rassf	chr3R	-	23114013	23117931
Rat1	chr2L	+	6908082	6911423
Ravus	chr3R	-	13262732	13264061
Rb97D	chr3R	-	26872128	26875742
Rbbp5	chr3L	-	20345735	20347942
Rbcn-3A	chrX	-	6240744	6255487
Rbcn-3B	chrX	+	1908919	1916825
Rbf	chrX	-	797089	801479
Rbf2	chr3R	+	15965445	15968138
Rbfox1	chr3L	+	10481411	10594012
Rbm13	chrX	+	8901698	8903761
Rbp	chr3R	+	15374634	15402543
Rbp1	chr3R	+	10784382	10786465
Rbp1-like	chrX	-	13380165	13384877
Rbp4	chr3R	-	13654555	13656394
Rbp6	chr3L	-	17058773	17238212
Rbp9	chr2L	+	2954761	2968434
Rbpn-5	chr2R	-	21088385	21091004
Rbsn-5	chr2L	+	8159831	8161800
Rca1	chr2L	+	6852314	6853866
Rcc1	chr3L	-	5930261	5932773
Rcd-1	chrX	+	19638766	19640746
Rcd-1r	chr2L	-	9012884	9014068
Rcd1	chr2R	-	14148262	14153123
Rcd2	chr3L	-	20527971	20540417
Rcd4	chr2L	+	8382860	8383657
Rcd5	chr3L	+	4040528	4042597
Rcd6	chr2R	-	20628185	20633506
Rcd7	chr3L	+	19545109	19547293
Rchy1	chr2L	-	6459014	6465669
Rcp	chrX	+	16884580	16886612
Rdh	chr3L	+	3825448	3828525
Rdl	chr3L	-	9145837	9182149
RecQ4	chr3L	-	8170639	8175978
RecQ5	chr3L	-	14628159	14632077
Reck	chr3L	-	15001237	15014062
ReepA	chr2R	+	22925106	22932044
ReepB	chr2R	+	14170461	14172998
Reepl1	chrX	+	11572706	11573640
Ref1	chr3R	-	7077903	7080387
Ref2	chr2L	-	12610516	12646356
Reg-2	chr3L	-	605164	606569
Reg-5	chr2R	-	24788007	24793410
Regnase-1	chr3R	-	20033880	20036056
Rel	chr3R	-	9044182	9047977
Rep	chr2R	+	19492086	19494125
Reph	chr2L	+	3803544	3810671
Reps	chr2L	-	11100962	11106645
Ret	chr2L	-	21182445	21198762
Rev1	chr3L	+	654362	657971
Rev7	chr3R	+	5588872	5589703
Rexo5	chr3L	+	6603683	6608739
RfC3	chr2L	+	10419189	10420612
RfC38	chr2L	-	11128931	11130645
RfC4	chr3L	-	4134859	4136038
Rfx	chr3R	-	10361759	10378068
Rga	chr3R	-	5607274	5613112
Rgk1	chr2R	-	19311147	19356525
Rgk2	chr2R	+	18539584	18548969
Rgk3	chr2R	+	21255164	21280995
Rgl	chr3L	-	13906896	13925335
Rh2	chr3R	+	18899422	18901019
Rh3	chr3R	-	20081059	20082450
Rh4	chr3L	-	16852526	16862517
Rh5	chr2L	+	12008152	12009832
Rh50	chr3L	+	4910367	4920198
Rh6	chr3R	+	15483157	15484699
Rh7	chr3L	-	12164204	12175482
Rhau	chr2L	-	20754578	20757985
Rheb	chr3R	+	5568920	5570491
Rho1	chr2R	+	16102686	16107229
RhoBTB	chr3L	+	20376241	20382398
RhoGAP100F	chr3R	+	31812608	31846570
RhoGAP102A	chr4	+	254996	265574
RhoGAP15B	chrX	+	16943289	16956234
RhoGAP16F	chrX	+	18093144	18097413
RhoGAP18B	chrX	-	19136106	19167082
RhoGAP19D	chrX	-	20469954	20510694
RhoGAP1A	chrX	+	127448	140340
RhoGAP54D	chr2R	-	17586424	17590884
RhoGAP5A	chrX	-	5616571	5618806
RhoGAP68F	chr3L	+	12138867	12143380
RhoGAP71E	chr3L	+	15588859	15609125
RhoGAP92B	chr3R	+	19905163	19914272
RhoGAP93B	chr3R	-	21083042	21097827
RhoGAPp190	chrX	-	17639146	17652562
RhoGDI	chr3L	+	19928742	19932930
RhoGEF2	chr2R	+	17027189	17044653
RhoGEF3	chr3L	+	277436	305292
RhoGEF4	chr3L	-	7321098	7323411
RhoGEF64C	chr3L	+	4692782	4796253
RhoL	chr3R	-	9497100	9502581
RhoU	chrX	+	10086526	10148876
Rhp	chrX	+	15788896	15793632
Ric	chr2R	-	16107439	16110017
Rich	chr3L	-	22257748	22262921
Rif1	chr2R	-	15864308	15869147
Rift	chr3R	-	31806866	31810186
Rilpl	chrX	+	1393053	1397337
Rim	chr3R	-	17872747	17916578
Rim2	chr2L	-	1716243	1724388
Rint1	chr3L	+	7323618	7326255
Rip11	chrX	-	18635641	18647648
Ripalpha	chr2L	-	10199400	10200974
Rlb1	chr3R	+	9513326	9514827
Rlip	chr3R	+	21017683	21020753
RluA-1	chr2L	-	10463339	10474349
RluA-2	chr2L	+	10477072	10482975
Rm62	chr3R	-	6000425	6008579
Rme-8	chr2R	-	9167762	9177261
Rnb	chr3R	-	29795696	29799354
Rnf146	chr3L	-	19637206	19642816
Rnmt	chr2L	+	15009938	15011764
Rnp4F	chrX	-	5318927	5322696
RnpS1	chr3R	+	9552033	9553747
RnrL	chr2L	-	10325025	10327943
RnrS	chr2R	-	11983144	11985393
Roc1a	chrX	+	647303	648597
Roc1b	chr3L	+	357980	358486
Roc2	chr2R	-	11652755	11679354
Roe1	chr2R	+	13554076	13555606
Rok	chrX	-	16624011	16637414
Root	chr3R	+	24113285	24128193
Rop	chr3L	-	4136358	4138996
Ror	chr2L	+	10251842	10254686
Rox8	chr3R	-	24043055	24048265
RpA-70	chr3R	-	8262119	8264451
RpI1	chr2R	-	14595610	14601216
RpI12	chr3R	-	21777202	21777847
RpI135	chr2L	+	404284	407969
RpII140	chr3R	+	14125790	14130111
RpII15	chr3R	+	14309088	14310178
RpII18	chr3R	+	5371794	5372397
RpII215	chrX	-	11562799	11570326
RpII33	chr2L	+	13833336	13834306
RpIII128	chr2R	+	12039040	12042623
RpIIIC160	chrX	+	15762955	15769514
RpIIIC53	chr3L	-	18107847	18109574
RpL10	chr3L	-	23093189	23095471
RpL10Aa	chr3R	+	15037365	15038149
RpL10Ab	chr3L	+	11822850	11824211
RpL11	chr2R	+	19442341	19443825
RpL12	chr2R	+	24060377	24061860
RpL13	chr2L	+	9967312	9968645
RpL13A	chr3R	+	5624473	5625947
RpL14	chr3L	+	8601005	8602392
RpL15	chr3L	+	27267254	27268445
RpL17	chrX	-	6741536	6744238
RpL18	chr3L	-	7240202	7241351
RpL18A	chr2R	-	17546405	17547462
RpL19	chr2R	-	24967876	24969547
RpL21	chr2L	-	22247110	22247875
RpL22	chrX	-	762559	765130
RpL22-like	chr2R	-	23246609	23247893
RpL23	chr2R	+	22854382	22855694
RpL23A	chr3L	-	1666287	1668654
RpL24	chr2L	-	13393686	13395131
RpL24-like	chr3R	-	11430739	11431582
RpL26	chr3L	+	18898874	18900408
RpL27	chr3R	-	25683622	25685051
RpL27A	chr2L	-	4457185	4458364
RpL28	chr3L	-	3220910	3222960
RpL29	chr2R	+	21293767	21294404
RpL3	chr3R	+	11221893	11225173
RpL30	chr2L	-	19008030	19009306
RpL31	chr2R	+	9587192	9587989
RpL32	chr3R	-	30045228	30046161
RpL34a	chr3R	-	26058419	26059267
RpL34b	chr3R	-	9400236	9401226
RpL35	chrX	+	5672400	5673547
RpL35A	chr3R	-	5465629	5467101
RpL36	chrX	-	628337	629483
RpL36A	chr2L	-	8041872	8042909
RpL37A	chr2L	+	5070956	5072055
RpL37a	chrX	-	15137869	15139367
RpL37b	chr2R	-	23100056	23100478
RpL38	chr2R	-	4515387	4516458
RpL39	chr2R	-	24061852	24062431
RpL4	chr3R	+	27922820	27924888
RpL40	chr2L	+	4227698	4228561
RpL41	chr2R	-	24903415	24903935
RpL5	chr2L	-	22532278	22536884
RpL6	chr3R	-	31594791	31596204
RpL7	chr2L	+	10201003	10202321
RpL7-like	chr2L	+	12056325	12058251
RpL7A	chrX	-	6530896	6533348
RpL8	chr3L	+	2587455	2588883
RpL9	chr2L	-	11002757	11004189
RpLP0	chr3L	+	22075866	22077487
RpLP0-like	chr2R	-	10098517	10099590
RpLP1	chr2L	+	419951	420864
RpLP2	chr2R	+	16586128	16586732
RpS10a	chr3R	+	27652759	27653363
RpS10b	chrX	+	19598030	19599806
RpS11	chr2R	-	12199023	12200815
RpS12	chr3L	+	13023351	13024762
RpS13	chr2L	-	8363476	8364662
RpS14a	chrX	+	7933741	7934677
RpS14b	chrX	+	7934897	7935792
RpS15	chr2R	-	16570111	16571230
RpS15Aa	chrX	-	13335636	13337705
RpS15Ab	chr2R	+	10821675	10822399
RpS16	chr2R	+	22605744	22607995
RpS17	chr3L	-	9428794	9429821
RpS18	chr2R	+	20263978	20264848
RpS19a	chrX	+	16637893	16639249
RpS19b	chr3R	-	23932728	23933530
RpS2	chr2L	-	9896264	9897552
RpS20	chr3R	+	20822180	20823356
RpS21	chr2L	+	2856069	2857029
RpS23	chr2R	-	14215095	14216627
RpS24	chr2R	-	22640525	22641419
RpS25	chr3R	-	11215027	11216287
RpS26	chr2L	-	18441334	18443277
RpS27	chr3R	-	25245954	25247514
RpS27A	chr2L	+	10408351	10410456
RpS28-like	chr2L	+	9436803	9437227
RpS28a	chr3R	-	30022344	30022648
RpS28b	chrX	+	9554622	9555661
RpS29	chr3R	+	9778041	9779528
RpS3	chr3R	+	23358811	23360207
RpS30	chr3R	+	20850515	20851427
RpS3A	chr4	-	65224	67207
RpS4	chr3L	+	13041755	13044234
RpS5a	chrX	-	17143587	17148264
RpS5b	chr3R	-	14900431	14901563
RpS6	chrX	-	7899623	7901331
RpS7	chr3R	-	30206446	30209020
RpS8	chr3R	+	29861581	29863902
RpS9	chr3L	-	9509792	9511531
Rpb10	chr3R	+	24717510	24717998
Rpb11	chr2L	-	17409697	17410406
Rpb12	chr2R	-	15144967	15145519
Rpb4	chr3R	-	18252842	18255487
Rpb5	chr2R	-	10898030	10899060
Rpb7	chr3R	-	15222250	15223180
Rpb8	chr3L	+	21728931	21729694
Rpe	chr2R	-	7564433	7565751
Rph	chrX	-	10749076	10757666
Rpi	chr2R	+	23355182	23356441
Rpn1	chr3L	+	19915050	19918160
Rpn10	chr3L	+	21536999	21538582
Rpn11	chr2L	-	5058403	5059790
Rpn12	chr3L	+	16583027	16584022
Rpn12R	chr3L	-	15041630	15042570
Rpn13	chr2R	-	13958544	13960404
Rpn13R	chrX	+	5131897	5132985
Rpn2	chr3R	+	29153523	29157255
Rpn3	chr2L	+	19051789	19053681
Rpn5	chr3R	+	5789492	5791569
Rpn6	chr2R	-	14750165	14752910
Rpn7	chr3R	-	22460661	22462054
Rpn8	chr2R	+	24400027	24404527
Rpn9	chr3R	-	23731374	23733462
Rpp14a	chr3R	+	30056858	30058131
Rpp14b	chr3R	+	30055956	30056603
Rpp20	chrX	+	19744430	19745898
Rpp21	chrX	+	1030757	1033119
Rpp25	chr2R	+	6675821	6693162
Rpp30	chr2L	-	251038	252373
Rpt1	chr2R	-	7652439	7653954
Rpt2	chr3R	-	23929872	23931558
Rpt3	chrX	+	11125100	11126785
Rpt3R	chr3R	-	9754734	9756510
Rpt4	chrX	-	6289469	6291245
Rpt4R	chr3L	+	11941911	11943485
Rpt5	chr3R	+	23752875	23754623
Rpt6	chrX	+	21316051	21317663
Rpt6R	chr3R	-	30582197	30583697
Rrp1	chr2L	-	2969772	2972508
Rrp4	chr2R	-	23555017	23556217
Rrp40	chr2L	+	1728731	1729762
Rrp42	chr2R	+	16014907	16016050
Rrp45	chrX	-	16789404	16791266
Rrp46	chr3R	+	10413300	10414242
Rrp47	chrX	+	15944896	15946249
Rrp6	chr3R	-	14882497	14886246
Rs1	chr2R	+	8163563	8167769
Rsbp15	chr3R	+	12222386	12224048
Rsf1	chr2L	-	10261794	10263554
Rsph1	chr2L	+	13183449	13184875
Rsph3	chr3L	-	6756628	6763246
Rsph4a	chr2R	+	24017420	24019896
Rsph9	chr2L	-	17411648	17412633
RtGEF	chr2L	+	20350433	20365254
Rtc1	chrX	+	13757178	13758598
RtcB	chr2L	+	19430642	19432444
Rtca	chrX	+	2072412	2074890
Rtf1	chr2R	+	22375089	22378484
Rtnl1	chr2L	-	4992807	5009720
Rtnl2	chr3R	-	7528863	7530241
Rubicon	chrX	+	8677062	8680912
RunxA	chrX	-	20590251	20623773
RunxB	chrX	+	20538496	20567097
Rx	chr2R	+	20916752	20937030
RyR	chr2R	+	8860363	8888097
S	chr2L	-	1049673	1077815
S-Lap1	chr3L	+	8617234	8619474
S-Lap2	chr3L	+	8619887	8622091
S-Lap3	chr3L	+	10465186	10468974
S-Lap4	chr3L	+	10490860	10492934
S-Lap5	chr2R	+	13596676	13598750
S-Lap7	chr2R	-	13778123	13780245
S-Lap8	chr2R	+	16491099	16493233
S1P	chr3L	-	21613796	21617376
S2P	chr2R	-	11842102	11844240
S6KL	chrX	+	18788463	18806057
S6k	chr3L	-	5797548	5810931
S6kII	chrX	+	22529963	22536371
SA	chr2L	+	6950420	6954586
SA-2	chr3L	-	1434335	1437872
SAK	chr3L	-	21512140	21515887
SC35	chr2L	-	12431074	12434665
SCAP	chr2R	-	6026272	6036388
SCAR	chr2L	+	10976771	10982395
SCCRO	chr3L	+	15563426	15565559
SCCRO3	chr2R	-	12934233	12936535
SCCRO4	chr3L	+	20299409	20309511
SCOT	chr3L	+	1963142	1966805
SCaMC	chr3L	-	12402294	12414842
SERCA	chr2R	-	23925076	23935884
SF1	chr3R	+	17540420	17545148
SF2	chr3R	-	16338942	16341988
SH3PX1	chr3L	-	9710421	9713827
SIDL	chr3R	-	15214761	15218874
SIFa	chr2R	-	24577565	24578143
SIFaR	chr3R	-	21276663	21293998
SK	chrX	+	5340235	5405138
SKIP	chr3R	+	22133829	22296126
SLC22A	chr3L	+	21934703	21938636
SLC5A11	chr2L	-	8200464	8205132
SLIRP1	chrX	-	21317935	21319296
SLIRP2	chr3R	+	8651083	8651493
SLO2	chr2R	-	10322194	10416996
SMC1	chr3R	+	24058286	24062815
SMC2	chr2R	-	14848620	14852653
SMC3	chrX	-	16588995	16593439
SMC5	chr3L	+	21569175	21573523
SMSr	chr3L	-	7374049	7381474
SNCF	chr3L	+	13378582	13379190
SNF4Agamma	chr3R	+	21140738	21214269
SNRPG	chrX	-	16639809	16640419
SP	chr3L	+	13301634	13301922
SP1029	chr3R	-	29244960	29250451
SP1173	chr3L	-	6689326	6703521
SP2353	chr2R	+	16031929	16047243
SP555	chr2L	+	5037708	5040818
SPARC	chr3R	-	26869237	26871995
SPE	chr3R	+	23686254	23688147
SPH93	chr2L	-	17454262	17455923
SPR	chrX	+	5446655	5494012
SPoCk	chr3L	+	22749443	22787631
SREBP	chr3L	+	19793934	19798979
SRPK	chr2R	+	15380723	15387851
STUB1	chr2L	+	10437547	10439240
SWIP	chrX	+	16313708	16317750
Sac1	chr3L	+	1247816	1250451
Saf-B	chr3R	+	24817463	24822350
Saf6	chr2L	-	813313	815950
Sam-S	chr2L	+	106902	114432
SamDC	chr2L	+	10339456	10341503
Samtor	chr2R	+	24603571	24604670
Samuel	chr2L	-	11013205	11066998
Sans	chr2R	+	12936890	12940412
Sap-r	chr3R	-	30883463	30889062
Sap130	chr3L	+	12805901	12813036
Sap30	chrX	+	16787282	16789644
Sap47	chr3R	+	15935099	15962124
Sar1	chr3R	+	22356684	22360711
Sara	chr2R	+	21481926	21487107
Sardh	chr2R	-	17753554	17756422
Sarm	chr3L	+	8063873	8108897
Sas-4	chr3R	+	7151366	7154219
Sas-6	chr3R	+	29995356	29997034
Sas10	chrX	+	5317408	5319071
Sb	chr3R	+	16116160	16145284
Sbat	chr2L	+	2878343	2879001
Sbf	chr3R	-	11789292	11796948
Sbp2	chr3L	+	8304156	8305325
Sc2	chr3L	+	3903491	3905035
Scamp	chrX	-	15446178	15449883
Sccpdh1	chr3R	-	5221631	5223365
Sccpdh2	chr3R	+	12406531	12408107
Sce	chr3R	-	27680430	27682029
Scgalpha	chr2L	+	8303428	8305376
Scgbeta	chr3R	-	12421235	12422429
Scgdelta	chrX	-	1735944	1754065
Schip1	chr2L	-	10328199	10331116
SclA	chr2L	+	16837971	16841884
SclB	chr2L	+	16837971	16841884
Sclp	chrX	-	11920003	11924662
Scm	chr3R	-	9633358	9637611
Scox	chr2L	-	4967831	4968935
Scp1	chr2R	-	2932594	2968052
Scp2	chr3R	-	16574542	16583663
ScpX	chr2L	+	18831228	18833630
Scr	chr3R	-	6823119	6849981
Scsalpha1	chr3L	+	3814210	3818383
Scsalpha2	chr3R	-	19461878	19463066
ScsbetaA	chr3R	+	8938723	8943027
ScsbetaG	chr3L	-	5561700	5563691
Sdc	chr2R	-	21392401	21481176
SdhA	chr2R	-	19391862	19395971
SdhAL	chr3L	-	11922609	11924757
SdhB	chr2R	+	6807625	6809172
SdhBL	chrX	+	18894445	18896581
SdhC	chr3R	-	11208886	11209849
SdhD	chr3R	-	23759482	23760600
Sdhaf3	chr3R	-	16481860	16482452
Sdic1	chrX	-	20174216	20178638
Sdic2	chrX	-	20181589	20186487
Sdic3	chrX	-	20189439	20194227
Sdic4	chrX	-	20220665	20225020
SdicA	chrX	-	20197318	20201933
SdicB	chrX	-	20205042	20209603
SdicC	chrX	-	20212737	20217259
Sdr	chr3R	+	14918627	14923083
Sec10	chr3R	+	24134830	24137538
Sec13	chr3R	+	23356277	23358531
Sec15	chr3R	-	21105045	21107972
Sec16	chrX	+	12596046	12609910
Sec20	chr3R	-	5822025	5824532
Sec22	chrX	+	806075	808200
Sec23	chr3R	+	5649064	5652629
Sec24AB	chr2R	-	9876231	9882357
Sec24CD	chr2L	-	2231105	2236844
Sec3	chr3L	-	17421786	17425217
Sec31	chr2R	+	8893612	8898798
Sec5	chr2L	+	3457301	3460367
Sec6	chr2R	+	18625248	18627718
Sec61alpha	chr2L	-	6477181	6480575
Sec61beta	chr2R	+	14618770	14619681
Sec61gamma	chrX	+	19643326	19644518
Sec63	chr3L	+	7360560	7364366
Sec71	chr2L	+	13793520	13799674
Sec8	chr3R	-	5754931	5758997
SecCl	chr3L	+	17470126	17474517
SecS	chr3R	+	5601432	5603185
Secp43	chr2L	-	4453168	4454453
Seipin	chrX	+	2619798	2622140
SelG	chrX	+	11887283	11888240
SelR	chr3R	-	10863354	10868642
SelT	chr2L	+	5010921	5012127
Sem1	chr2L	+	7063985	7064467
Sema1a	chr2L	+	8542146	8672041
Sema1b	chr2R	-	17672838	17683499
Sema2a	chr2R	+	16500177	16533459
Sema2b	chr2R	+	16386523	16431758
Sema5c	chr3L	-	12067510	12081830
Semp1	chr2L	-	15612493	15613335
Sems	chr3L	-	20955754	20956750
Send1	chr2L	-	2254175	2255050
Send2	chr2L	-	14345914	14346688
Sep1	chrX	+	21358285	21361688
Sep2	chr3R	-	20586128	20588356
Sep4	chrX	-	16684215	16695173
Sep5	chr2R	-	7960132	7961921
Ser	chr3R	-	27172089	27194267
Ser12	chr2L	-	2250430	2251275
Ser6	chrX	-	20962604	20963505
Ser7	chrX	+	9865232	9867070
Ser8	chr2R	+	13434206	13435045
SerRS	chr2L	-	3035492	3037403
SerRS-m	chr3R	+	15340666	15343218
SerT	chr2R	-	24404594	24411074
Sesn	chr2R	+	23713899	23734846
Set	chr3R	+	15263551	15265253
Set1	chr3L	+	25107593	25115180
Set2	chrX	+	13413241	13421024
Setd3	chrX	-	6958031	6968750
Sf3a1	chr3R	-	16999383	17002355
Sf3a2	chr3L	-	12813027	12814019
Sf3b1	chr2L	+	568339	572907
Sf3b2	chr2L	-	3026251	3029168
Sf3b3	chr3L	-	826719	833385
Sf3b5	chr3R	-	9014971	9015341
Sf3b6	chr3L	-	6192123	6193179
Sfmbt	chr2L	-	13169648	13176785
Sfp23F	chr2L	-	3387353	3387743
Sfp24Ba	chr2L	-	3667976	3668551
Sfp24Bb	chr2L	-	3669260	3669775
Sfp24Bc	chr2L	-	3670130	3670581
Sfp24Bd	chr2L	-	3668690	3669134
Sfp24C1	chr2L	+	3700673	3701092
Sfp24F	chr2L	-	4441428	4442060
Sfp26Ac	chr2L	-	5884349	5884774
Sfp26Ad	chr2L	-	5942622	5943304
Sfp33A1	chr2L	-	11754084	11754502
Sfp33A2	chr2L	+	11837712	11838049
Sfp33A3	chr2L	+	11839911	11840329
Sfp33A4	chr2L	+	11837242	11837486
Sfp35C	chr2L	-	15201612	15202092
Sfp36F	chr2L	+	18292521	18292833
Sfp38D	chr2L	+	20640916	20642216
Sfp51E	chr2R	-	15192627	15193228
Sfp53D	chr2R	-	16744294	16745114
Sfp60F	chr2R	-	25172244	25172695
Sfp65A	chr3L	+	6350275	6350829
Sfp70A4	chr3L	-	13296529	13296860
Sfp77F	chr3L	-	20896267	20897417
Sfp78E	chr3L	-	21683097	21684042
Sfp79B	chr3L	+	22080321	22080554
Sfp84E	chr3R	-	7979587	7980322
Sfp87B	chr3R	+	12273125	12273521
Sfp93F	chr3R	-	21735908	21736296
Sfp96F	chr3R	-	25830060	25830228
Sfxn1-3	chr3R	+	4378599	4381210
Sfxn2	chr3L	+	19063164	19066151
Sgf11	chr3L	-	18681036	18681836
Sgf29	chr2R	-	21292238	21293646
Sgp	chr2L	+	8519689	8521809
Sgs1	chr2L	+	4937408	4941423
Sgs3	chr3L	+	11512220	11513402
Sgs4	chrX	+	3250088	3251040
Sgs5	chr3R	+	17595361	17596112
Sgs5bis	chr3R	+	17594385	17595057
Sgs7	chr3L	+	11509860	11510247
Sgs8	chr3L	-	11508966	11509394
Sgsh	chr3R	-	18911052	18912922
Sgt	chr2L	+	17471602	17474773
Sgt1	chr3R	-	8304189	8305274
Sh	chrX	-	17924306	18063247
Sh3beta	chr3L	-	7364583	7369260
Shab	chr3L	+	2895016	2959579
Shal	chr3L	-	19566850	19584568
Shark	chr2R	-	16199425	16202884
Shaw	chr2L	+	3718184	3729145
Shawl	chr2L	-	9370308	9415156
Shawn	chrX	+	19611525	19615617
Shc	chr3L	+	9427009	9428671
Shmt	chrX	-	5913066	5916797
Shrm	chr2R	+	14308141	14351802
SiaT	chr2R	-	24691421	24694386
Sid	chr3R	+	28670703	28672021
Sidpn	chr2L	+	19027709	19030780
Sik2	chrX	-	2055309	2061915
Sik3	chr2R	+	18688131	18705805
Sil1	chr3R	-	25233635	25235529
Sin	chr3L	+	21031824	21033561
Sin1	chr2R	+	14411824	14413851
Sin3A	chr2R	-	12575239	12592917
Sirt1	chr2L	+	13165563	13169551
Sirt2	chr3R	+	20328464	20330915
Sirt4	chrX	-	5664627	5665940
Sirt6	chr3R	-	10255348	10261849
Sirt7	chr3R	+	29055926	29059204
Sirup	chr2L	+	7998868	7999676
Six4	chr3L	-	20788885	20792777
Sk1	chrX	+	11442538	11446012
Sk2	chr3L	+	3047086	3050159
Skadu	chr2L	+	15547518	15548243
Skeletor	chr3R	+	10686942	10696270
Ski6	chr2L	-	13221396	13222429
Skp2	chr3R	-	4334878	4337674
SkpA	chrX	+	656113	657899
SkpB	chr2R	-	12139294	12140229
SkpC	chrX	+	19816071	19816700
SkpD	chrX	+	19812728	19813384
SkpE	chrX	-	19823367	19824080
SkpF	chr2R	-	23458064	23458759
Slbp	chr3R	-	29152073	29153266
Slc25A46a	chrX	+	15983771	15985405
Slc25A46b	chr2L	+	18096567	18098120
Slc45-1	chr3L	-	9203064	9208853
Sld5	chr3R	-	26055656	26056547
Slh	chr2L	-	2488196	2492671
Slik	chr2R	-	24392128	24402680
Slimp	chr3R	-	24147435	24148967
Slip1	chr4	+	663620	669884
Slmap	chr2L	+	22579071	22585843
Sln	chr2R	+	11845323	11852324
Slob	chr2L	-	7642004	7675078
Slu7	chr3R	-	29037057	29039071
SmB	chr2L	-	10425482	10426627
SmD1	chr3L	-	12733363	12734611
SmD2	chr3R	-	6344999	6345911
SmD3	chr2R	+	12168730	12170003
SmE	chr2L	-	7884929	7885450
SmF	chr2R	-	12183843	12184310
Smg5	chr2L	-	13898827	13904661
Smg6	chr3R	-	25029428	25033465
Smn	chr3L	-	16580397	16581547
Smox	chrX	-	8137040	8142279
Smr	chrX	-	12684202	12742618
Sms	chr3L	-	12271655	12277251
Smu1	chr3R	-	18978979	18981324
Smurf	chr2R	+	17592790	17604461
Smvt	chr3R	-	31759403	31761579
Smyd3	chrX	-	2606679	2608876
Smyd4-1	chr2R	-	9581760	9584545
Smyd4-2	chr3L	-	12399538	12401935
Smyd4-3	chr2R	+	11405596	11408079
Smyd4-4	chr2R	+	12140630	12143272
Smyd5	chr3R	-	21217267	21218791
SmydA-1	chr2R	+	14243777	14246066
SmydA-2	chr3L	-	19000984	19003252
SmydA-3	chr2L	+	10850140	10854604
SmydA-4	chrX	+	11044755	11049540
SmydA-5	chr2R	-	6078640	6080572
SmydA-6	chr2R	+	17046838	17048794
SmydA-7	chr2R	+	17044742	17046768
SmydA-8	chrX	-	2205514	2213809
SmydA-9	chrX	-	9206125	9210887
Snap24	chr3R	-	9761304	9763150
Snap25	chr3L	+	24074179	24299205
Snap29	chr2R	-	23843482	23844763
Snapin	chr2L	-	2758426	2759677
Snm1	chr3R	+	5555083	5557786
Snmp1	chr3R	-	21165166	21168205
Snmp2	chr3L	-	7733249	7743041
Snoo	chr2L	-	7891186	7984196
Snp	chr2R	+	22060949	22069757
Snr1	chr3R	+	5470925	5472754
Snup	chr3L	+	2652087	2655455
Snx1	chr2L	+	3449682	3452106
Snx16	chr2R	-	17725029	17726847
Snx17	chr2L	-	10204756	10206961
Snx21	chr2L	-	2763415	2765665
Snx27	chrX	-	5719373	5738031
Snx3	chr3R	+	12628030	12630495
Snx6	chr2L	-	8218070	8220741
SoYb	chr2L	-	9996705	10002736
Sobp	chr2R	-	11827169	11839825
Socs16D	chrX	-	17820763	17827564
Socs36E	chr2L	-	18138674	18152417
Socs44A	chr2R	+	8127574	8129476
Sod1	chr3L	-	11112280	11113740
Sod2	chr2R	-	16772784	16773915
Sod3	chr2R	-	11380346	11384114
Sodh-1	chr3R	+	7052334	7054541
Sodh-2	chr3R	+	10876383	10878257
Son	chr3R	+	9578041	9581225
Sos	chr2L	+	13813815	13819824
Sox100B	chr3R	+	31065252	31083407
Sox102F	chr4	-	800435	834393
Sox14	chr2R	+	23978800	23985177
Sox15	chr2R	-	14201389	14212413
Sox21a	chr3L	-	14103480	14108118
Sox21b	chr3L	-	14112404	14131324
SoxN	chr2L	+	8825644	8829670
Sp1	chrX	+	9729647	9756369
Sp212	chr3R	-	14222073	14224155
Sp7	chr3R	+	7759785	7763947
Spag1	chr3R	+	26947829	26949682
Spase12	chr3R	-	29490543	29491150
Spase22-23	chr3R	-	24228341	24230035
Spase25	chrX	+	11485249	11486566
Spat	chrX	+	6528947	6530726
Spc105R	chr3L	+	20800409	20806853
Spc25	chr3R	+	12961744	12963249
SpdS	chr3R	+	9631640	9633673
Spec2	chr3R	-	5616643	5624125
Spf45	chr2L	-	23066873	23068386
Spg7	chrX	-	2694391	2698211
Spindly	chr2L	-	3527386	3530317
Sply	chr2R	-	17088440	17091958
Spn	chr3L	-	2505244	2554292
Spn100A	chr3R	+	30690641	30692768
Spn27A	chr2L	-	6671064	6673347
Spn28B	chr2L	+	7581923	7583333
Spn28Da	chr2L	-	7887692	7889129
Spn28Db	chr2L	-	7889287	7890704
Spn28Dc	chr2L	-	8004547	8007210
Spn28F	chr2L	-	8240413	8241800
Spn31A	chr2L	+	10060815	10063925
Spn38F	chr2L	-	20836620	20837985
Spn42Da	chr2R	-	6875905	6878927
Spn42Db	chr2R	-	6879284	6880770
Spn42Dc	chr2R	+	6880994	6883407
Spn42Dd	chr2R	+	6883279	6884873
Spn42De	chr2R	+	6885551	6888262
Spn43Aa	chr2R	+	7147691	7149289
Spn43Ab	chr2R	-	7151661	7153642
Spn43Ad	chr2R	-	7153737	7155424
Spn47C	chr2R	-	10938424	10941738
Spn53F	chr2R	-	17122897	17124237
Spn55B	chr2R	+	18126346	18128210
Spn75F	chr3L	-	19128449	19129665
Spn77Ba	chr3L	+	20317189	20320116
Spn77Bb	chr3L	+	20320951	20322358
Spn77Bc	chr3L	+	20342633	20344319
Spn85F	chr3R	+	9997162	10000314
Spn88Ea	chr3R	-	15203068	15206447
Spn88Eb	chr3R	-	15206702	15208762
Spp	chr2L	-	542785	544653
SppL	chr3R	+	25881983	25888230
Spps	chr3R	-	24223444	24226934
Spred	chr2R	-	14759645	14769423
Sprn	chr3L	+	11879114	11881182
Sps1	chr2R	-	14268771	14270658
Sps2	chr2L	+	10342593	10344223
Spt	chr2R	-	8920269	8922755
Spt-I	chr2R	+	13168497	13170744
Spt20	chr3L	+	13502706	13511541
Spt3	chr3R	+	12017155	12018550
Spt5	chr2R	+	19437482	19441898
Spt6	chrX	+	6267796	6274984
Spt7	chrX	+	17850459	17851889
Sptr	chrX	-	8463295	8464438
Spx	chrX	+	6255821	6257596
Sr-CI	chr2L	+	4121701	4124153
Sr-CII	chr2R	-	12208892	12212155
Sr-CIII	chr2L	+	4120342	4121627
Sr-CIV	chr2L	-	3522520	3524056
Sra-1	chr3R	+	15333265	15338365
Sras	chr3L	+	5563773	5565103
Src42A	chr2R	+	5981843	6012795
Src64B	chr3L	-	4592446	4626196
Srlp	chr3R	+	12434097	12435643
Srp14	chr3R	+	20580114	20580764
Srp19	chr3L	-	7347309	7348034
Srp54	chr2L	+	9912910	9915044
Srp54k	chr3L	+	5152677	5154777
Srp68	chr3L	+	8975045	8977401
Srp72	chr3R	+	20588710	20591040
Srp9	chr3L	+	7936372	7937258
SrpRalpha	chrX	-	11126876	11129087
SrpRbeta	chr3L	-	8718948	8720225
Srpk79D	chr3L	+	22273984	22284335
Srr	chr3R	+	9365397	9367763
Srrm1	chr3L	+	13036820	13040976
Srrm234	chr3L	-	1654246	1665064
Sry-alpha	chr3R	+	30039718	30043071
Sry-beta	chr3R	+	30039718	30043071
Sry-delta	chr3R	+	30043340	30044886
SsRbeta	chr3L	+	16129616	16130983
Ssadh	chr3R	-	25624804	25626924
Ssb-c31a	chr2L	+	8211346	8211938
Ssdp	chr3R	-	18192493	18199595
Sse	chr3L	-	5659699	5662247
Ssk	chr3L	+	20188521	20189779
Ssl	chr2R	-	24499242	24500267
Ssl1	chr3L	+	22879088	22880963
Ssl2	chr3R	-	29030950	29032642
Ssrp	chr2R	-	23806360	23809004
Ssu72	chrX	+	19664560	19666866
St1	chr2R	+	23681622	23682952
St2	chr3R	+	9251842	9253514
St3	chr2R	+	23683376	23687980
St4	chr2R	-	13969909	13971263
Stacl	chr2R	+	15401095	15471884
Stam	chr2L	+	10858535	10862006
Start1	chr2R	+	24574558	24577676
Stat92E	chr3R	-	20535322	20552311
Ste12DOR	chrX	+	14000209	14000889
Ste:CG33236	chrX	-	14060701	14061817
Ste:CG33237	chrX	-	14059433	14060157
Ste:CG33238	chrX	-	14058163	14058889
Ste:CG33239	chrX	-	14056894	14057618
Ste:CG33240	chrX	-	14055625	14056349
Ste:CG33241	chrX	-	14054356	14055080
Ste:CG33242	chrX	-	14053086	14053811
Ste:CG33243	chrX	-	14051817	14052541
Ste:CG33244	chrX	-	14050548	14051272
Ste:CG33245	chrX	-	14049279	14050003
Ste:CG33246	chrX	-	14048010	14048734
Ste:CG33247	chrX	-	14046771	14047495
Stim	chrX	-	15934494	15940451
Sting	chr2R	+	9842685	9845512
Stip1	chr2L	+	295121	297449
Stlk	chr2R	+	4546690	4565281
Stoml2	chr2R	+	23949200	23952459
Strica	chr2R	-	6020310	6023144
Strip	chr3L	-	3322024	3328871
Strn-Mlck	chr2R	-	15946932	15989498
Strump	chr3L	+	16122001	16126052
Stt3A	chrX	-	21049884	21053937
Stt3B	chr3R	-	25066711	25069637
Su(H)	chr2L	+	15039487	15043334
Su(P)	chr3L	-	16610661	16612199
Su(Ste):CR40820	chrY	-	953255	954313
Su(Ste):CR41533	chrY	-	896182	897725
Su(Ste):CR42407	chrY	-	892742	894201
Su(Ste):CR42410	chrY	-	1016351	1017835
Su(Ste):CR42412	chrY	+	984513	985930
Su(Ste):CR42414	chrY	-	1029771	1031619
Su(Ste):CR42415	chrY	-	1032219	1032946
Su(Ste):CR42416	chrY	+	1035826	1036823
Su(Ste):CR42417	chrY	+	1037851	1038828
Su(Ste):CR42419	chrY	-	903087	904499
Su(Ste):CR42420	chrY	-	904858	905678
Su(Ste):CR42421	chrY	-	906804	907496
Su(Ste):CR42422	chrY	-	869891	871230
Su(Ste):CR42424	chrY	+	2593621	2595311
Su(Ste):CR42425	chrY	+	1033830	1035493
Su(Ste):CR42426	chrY	-	934057	935745
Su(Ste):CR42427	chrY	+	939935	940435
Su(Ste):CR42428	chrY	+	941168	942020
Su(Ste):CR42429	chrY	+	2559808	2561503
Su(Ste):CR42430	chrY	-	916437	917820
Su(Ste):CR42431	chrY	+	2562677	2563924
Su(Ste):CR42432	chrY	-	979529	980284
Su(Ste):CR42438	chrY	-	1000075	1001264
Su(Ste):CR42444	chrY	+	1007916	1009359
Su(Ste):CR45794	chrY	+	1005990	1007312
Su(Ste):CR45795	chrY	-	1003208	1004639
Su(Ste):CR45796	chrY	-	1039233	1040412
Su(Tpl)	chr3L	-	19889119	19909410
Su(dx)	chr2L	+	2037713	2044372
Su(fu)	chr3R	-	12689872	12691468
Su(var)2-10	chr2R	+	9116121	9122000
Su(var)2-HP2	chr2R	-	14607153	14618118
Su(var)205	chr2L	-	8209625	8211122
Su(var)3-3	chr3L	+	20226380	20230250
Su(var)3-7	chr3R	+	13264363	13270038
Su(var)3-9	chr3R	-	15259863	15263458
Su(z)12	chr3L	-	19918241	19923462
Su(z)2	chr2R	+	12996500	13007911
SuUR	chr3L	+	11064990	11069025
Sugb	chr3L	+	11683979	11690155
Sulf1	chr3R	-	16310541	16339575
Sur	chr2L	-	10182556	10199117
Sur-8	chr3R	-	17395198	17402515
Surf1	chr3L	+	6958345	6959586
Surf4	chr3R	-	15343652	15346176
Surf6	chr3R	-	19903664	19904868
Suv3	chr3R	+	4311554	4315398
Svil	chr3L	+	2377654	2499226
Swim	chr2R	-	22189816	22202671
Swip-1	chr2L	-	18977518	18987280
Sws1	chr2L	-	2573435	2575052
Sxl	chrX	-	7074549	7098053
Syb	chr2R	-	10249434	10252417
Sym	chr3R	-	5738177	5742476
Syn	chr3R	+	10190688	10222442
Syn1	chr3L	-	21745358	21770534
Syn2	chr2R	+	16552257	16558486
Synd	chr3R	+	20832798	20840118
Syngr	chr2R	-	13841760	13846255
Synj	chr2R	+	22080175	22085767
Syp	chr3R	+	20756728	20810726
Syt1	chr2L	-	2772326	2799979
Syt12	chrX	+	13359247	13368179
Syt14	chr3R	-	4314454	4319069
Syt4	chr3R	+	7266064	7270809
Syt7	chr4	-	278684	306481
Sytalpha	chr2L	+	17592259	17604387
Sytbeta	chr3L	-	15014694	15064977
Syx13	chr3L	+	13044433	13046894
Syx16	chrX	-	20392333	20393751
Syx17	chr3L	+	4403486	4405168
Syx18	chr3R	-	24623801	24625562
Syx1A	chr3R	-	24101599	24105763
Syx4	chrX	-	2739088	2744076
Syx5	chr2L	+	16307345	16309274
Syx6	chr2R	+	11219538	11222480
Syx7	chr3L	+	21445833	21448128
Syx8	chr3L	-	16586107	16587057
T3dh	chr2R	-	22329725	22332072
T48	chr3R	+	26881733	26910997
TAF1B	chr3R	-	10140102	10144184
TAF1C-like	chr2R	-	21498902	21501732
TBC1D16	chr2L	-	10432686	10435656
TBC1D23	chr2L	+	1129315	1132411
TBC1D5	chr3R	-	13269136	13272011
TBC1d7	chr3R	+	24161726	24163215
TBCB	chr2R	-	19485493	19486837
TBCC	chr2L	-	4186249	4187793
TBCD	chr2L	+	2147517	2151664
TBPH	chr2R	-	23859066	23862593
TER94	chr2R	+	9989158	9993559
TFAM	chr3R	-	20575244	20577010
TH1	chrX	-	16388819	16391438
THADA	chrX	-	19859742	19865524
THG	chr2L	-	15008488	15009724
TM4SF	chr2R	+	23878196	23880860
TM9SF2	chr2L	-	20730415	20734309
TM9SF3	chr3L	-	5601095	5603979
TM9SF4	chr2L	+	13746951	13773905
TMEM216	chr3R	+	8716242	8721320
TMS1	chr3L	+	16412721	16415386
TORIP	chr3L	-	19803737	19805080
TRAM	chrX	+	935231	937822
TSG101	chr3L	+	16842293	16844585
TTLL12	chr2R	-	7810067	7812028
TTLL15	chr3R	+	10815287	10817490
TTLL1A	chrX	-	17200725	17202598
TTLL1B	chr3L	+	4648275	4650305
TTLL3A	chr2L	-	6736363	6740188
TTLL3B	chr2L	+	6732865	6736149
TTLL4A	chr2L	+	10989400	10997897
TTLL4B	chr2L	+	3862667	3867507
TTLL5	chr3R	-	25112866	25122920
TTLL6A	chr2R	+	19593789	19596866
TTLL6B	chr3R	-	27248233	27251007
Tab2	chr2R	+	19292528	19304508
Tace	chr3R	+	30000529	30003678
Taf1	chr3R	+	6646888	6656048
Taf10	chr2L	+	2767889	2768612
Taf10b	chr2L	-	2767285	2767845
Taf11	chr2L	-	9762423	9763262
Taf12	chr3R	-	11678385	11679690
Taf12L	chr2L	-	4700834	4701485
Taf13	chr2L	-	20093087	20093849
Taf2	chr3L	-	9884410	9888683
Taf4	chr3L	+	16113211	16121651
Taf5	chr2R	-	10877311	10879673
Taf6	chr3L	+	19599087	19601382
Taf7	chr3R	+	7907332	7909721
Taf8	chrX	+	18101969	18103482
Tailor	chr3R	-	7083224	7086083
Tak1	chrX	-	20515907	20524928
Takl1	chr3R	-	20770827	20772601
Takl2	chr3R	-	22732355	22733851
Taldo	chr2R	+	23940409	23942114
Tango1	chr2L	+	6649387	6654574
Tango10	chrX	+	11720244	11723854
Tango11	chr2R	-	21716779	21719963
Tango14	chr2L	+	1158660	1160220
Tango2	chrX	+	13616988	13619207
Tango4	chrX	+	12021067	12022746
Tango5	chrX	-	10760047	10764413
Tango6	chr2L	+	18969027	18972004
Tango8	chr2R	+	18311821	18311998
Tango9	chr3R	-	11971006	11974910
Tao	chrX	-	19569720	19579800
Tap42	chr2L	+	13367616	13369021
Tapdelta	chr2R	-	11370299	11371335
Task6	chr3R	-	13667045	13674542
Task7	chr3R	-	9410328	9412293
Tasp1	chr3L	-	16085220	16087525
Tat	chr3L	-	9413595	9426758
Taz	chr2R	-	12753025	12756414
Tb	chr3R	+	26656439	26657531
TbCMF46	chr2L	-	9922736	9924865
Tbc1d15-17	chr2L	+	207178	210725
Tbce	chr2R	+	6042531	6044964
Tbh	chrX	+	7995696	8027394
Tbp	chr2R	-	21686191	21687642
Tcs3	chr3L	+	16351990	16353286
Tctp	chr3R	+	11210246	11211898
Tdc1	chr2R	-	6677000	6680391
Tdc2	chr2R	-	6684744	6689974
Tdrd3	chr3L	+	14786790	14789665
Teh1	chr3R	-	9826080	9868120
Teh2	chr3L	-	4178979	4188023
Teh3	chr3L	-	4182644	4184663
Teh4	chr3L	-	4174858	4178270
Tehao	chr2L	+	13435621	13439930
Tektin-A	chr2L	+	15854125	15856450
Tektin-C	chr3L	-	5794404	5796543
Ten-a	chrX	+	12043697	12335214
Ten-m	chr3L	-	22293043	22407863
Tengl1	chr2L	-	2239413	2240593
Tengl2	chr2L	-	2238303	2239384
Tengl3	chr2L	-	2237075	2238251
Tengl4	chr3R	+	10950283	10951797
Tep1	chr2L	-	15888639	15893811
Tep2	chr2L	-	7693726	7701601
Tep3	chr2L	+	7702804	7710690
Tep4	chr2L	+	19548506	19556451
Tes	chr2R	-	17465878	17469177
Tet	chr3L	-	2786206	2879158
TfAP-2	chr3L	+	21586827	21613349
TfIIA-L	chr3R	+	27251111	27256463
TfIIA-S	chr3R	-	23890387	23891060
TfIIA-S-2	chrX	-	1011100	1011643
TfIIB	chr2L	+	10431337	10433116
TfIIEalpha	chr3L	+	11682037	11683805
TfIIEbeta	chr3L	+	4287037	4288349
TfIIFalpha	chr3R	+	6380466	6382604
TfIIFbeta	chr3R	-	10766621	10767804
TfIIS	chr2L	-	15058918	15060757
Tfb1	chr2R	+	14363047	14365473
Tfb4	chr2L	-	1149444	1150677
Tfb5	chr2L	-	5009930	5010834
Tg	chr2L	+	8011404	8026898
Tgi	chr3L	+	13486796	13502492
Tgs1	chr3R	+	18255529	18257677
Tgt	chr2L	+	1184064	1185698
Thd1	chr4	-	538331	557854
Theg	chr3R	+	22014696	22016212
Thor	chr2L	+	3478433	3479612
ThrRS	chr2L	+	12103750	12107170
Tie	chr3L	-	4510697	4532145
Tif-IA	chr2L	+	22249875	22258260
Tig	chr2L	-	6415178	6423310
Tim10	chr2R	-	21690214	21691139
Tim13	chr3L	-	11774059	11774501
Tim17a1	chr3R	-	12363666	12364680
Tim17a2	chr3R	-	5258335	5262692
Tim17b	chr3R	+	3734854	3745306
Tim17b1	chr3R	+	5300144	5301186
Tim17b2	chr2L	+	15484728	15485545
Tim23	chr2L	-	23312464	23313578
Tim8	chrX	+	11368444	11369283
Tim9a	chrX	+	13385209	13385893
Tim9b	chrX	-	19616662	19618537
Timp	chr3R	-	10203874	10213007
Tina-1	chr2R	-	24940624	24942413
Tip60	chrX	-	4114799	4117487
Tis11	chrX	+	12659414	12682560
Tk	chr3R	-	11994174	12005473
TkR86C	chr3R	-	10737591	10751228
TkR99D	chr3R	-	29950795	29969447
Tl	chr3R	+	26799040	26842403
Tlk	chrX	+	3720006	3789770
Tm1	chr3R	+	15278219	15308779
Tm2	chr3R	+	15310192	15315197
Tmc	chr3L	+	9597763	9614001
Tmem18	chr2R	+	12436119	12436990
Tmem63	chr2R	+	8098683	8102306
Tmhs	chr3L	+	1885656	1891462
Tmtc3	chr2R	-	21123734	21128510
Tnks	chr3R	-	25653090	25661286
Tnpo	chr3L	+	6193479	6200385
Tnpo-SR	chr2L	+	2759923	2763889
Tob	chrX	-	16074716	16091495
Toll-4	chr2L	+	9084106	9089440
Toll-6	chr3L	+	15336691	15344315
Toll-7	chr2R	+	19826577	19832973
Toll-9	chr3L	-	20361842	20366724
Tollo	chr3L	+	15235618	15242832
Tom	chr3L	+	14969343	14970306
Tom20	chr3L	+	20000643	20002446
Tom40	chrX	+	7736892	7739978
Tom7	chr2R	+	8951594	8952242
Tom70	chr2L	-	12035983	12038511
Tomosyn	chrX	+	12631604	12653442
Top1	chrX	+	15319478	15328029
Top2	chr2L	-	19447364	19453490
Top3alpha	chr2L	+	19498167	19502268
Top3beta	chrX	-	6284137	6287990
Topors	chr2R	+	18972611	18977262
Tor	chr2L	+	13004479	13013197
Torsin	chrX	-	4648591	4650032
TotA	chr3R	+	20871035	20871700
TotB	chr3R	+	20873937	20874522
TotC	chr3R	+	20872987	20873580
TotF	chr2L	-	19911814	19912377
TotM	chr2L	+	5329856	5330464
TotX	chr3R	-	20904916	20905518
TotZ	chr3R	+	20877735	20878363
Tpc1	chr3R	-	10879571	10882188
Tpc2	chr2R	-	24897901	24900734
Tpi	chr3R	-	30132980	30134599
Tpl94D	chr3R	+	22966283	22967842
TpnC25D	chr2L	+	5216700	5219053
TpnC4	chr2R	-	5503436	5507866
TpnC41C	chr2R	-	5065236	5070210
TpnC47D	chr2R	-	11273844	11275286
TpnC73F	chr3L	+	17046062	17048390
TppII	chr2R	-	13152884	13159141
Tpr2	chr2L	+	16491539	16507621
Tps1	chr2L	+	4388326	4392778
Tpst	chrX	+	13563822	13593224
Traf-like	chrX	+	16415045	16417585
Traf4	chr2L	+	4361924	4380716
Traf6	chrX	-	8154598	8157386
Trap1	chr2R	-	6633646	6636262
Trax	chr3R	+	15361691	15362850
Trc8	chr3R	-	29499024	29503797
Tre1	chrX	-	5673829	5679977
Treh	chr2R	+	21074017	21088945
Tret1-1	chr2R	+	11665767	11674782
Tret1-2	chr2R	+	11675934	11678014
Trf	chr2L	+	8072894	8073948
Trf2	chrX	+	8409271	8433011
Trf4	chr2L	+	2665061	2666265
Trf4-1	chrX	+	8560321	8570159
Trf4-2	chr3R	+	24925215	24927085
Trf5	chr2L	-	2695329	2696437
Trh	chr3L	-	1190383	1193173
Trim9	chr2L	+	10544882	10628054
Trissin	chr3R	-	15484729	15485396
TrissinR	chr2L	+	5824003	5856767
Trl	chr3L	-	14747928	14761049
Trp1	chr2L	+	10009380	10013170
TrpA1	chr3L	-	8894403	8905200
TrpRS	chr3R	-	9265026	9266904
TrpRS-m	chr3L	+	17849726	17852453
Trpgamma	chr2L	-	16663453	16676701
Trpm	chr2R	-	15262807	15309368
Trpml	chr3L	-	19714417	19718328
Trs20	chr3L	-	16131000	16131632
Trs23	chr2L	+	8686230	8687052
Trs31	chr2R	-	14757063	14757846
Trs33	chr3R	-	15350344	15350995
Trx-2	chr2L	+	9613165	9616404
TrxT	chrX	-	5310580	5311888
Trxr-1	chrX	+	8242527	8248033
Trxr-2	chr3L	+	22550225	22552019
Try29F	chr2L	+	8998536	8999816
Ts	chr2L	-	2968292	2969638
Tsc1	chr3R	+	24130306	24134654
Tsen15	chr2R	+	9252020	9253255
Tsen2	chr2L	+	16729776	16731199
Tsen34	chr3L	-	14760519	14761844
Tsen54	chr3L	-	12204122	12206022
Tsf1	chrX	+	18387083	18390344
Tsf2	chr3L	-	12530435	12533724
Tsf3	chr2R	+	16226500	16229869
Tsp	chr2L	-	6686790	6709086
Tsp26A	chr2L	+	6000227	6003738
Tsp29Fa	chr2L	+	8933961	8936096
Tsp29Fb	chr2L	+	8937389	8939743
Tsp2A	chrX	+	1346552	1348143
Tsp33B	chr2L	-	11791024	11792365
Tsp39D	chr2L	+	21344606	21358271
Tsp3A	chrX	-	2617757	2619738
Tsp42A	chr2R	+	5795412	5796710
Tsp42Ea	chr2R	+	6992675	7004259
Tsp42Eb	chr2R	+	6998847	6999848
Tsp42Ec	chr2R	+	7006441	7008622
Tsp42Ed	chr2R	-	7009497	7011739
Tsp42Ee	chr2R	+	7012253	7018362
Tsp42Ef	chr2R	+	7025009	7028082
Tsp42Eg	chr2R	+	7028910	7033233
Tsp42Eh	chr2R	+	7033561	7034920
Tsp42Ei	chr2R	+	7035124	7036949
Tsp42Ej	chr2R	+	7040135	7042762
Tsp42Ek	chr2R	+	7042655	7044710
Tsp42El	chr2R	+	7045768	7048538
Tsp42En	chr2R	+	7052746	7054399
Tsp42Eo	chr2R	+	7054716	7056576
Tsp42Ep	chr2R	-	7054404	7057548
Tsp42Eq	chr2R	-	7062107	7063569
Tsp42Er	chr2R	+	7064398	7066113
Tsp47F	chr2R	-	11377192	11379177
Tsp5D	chrX	-	6069130	6074857
Tsp66A	chr3L	+	7465508	7468808
Tsp66E	chr3L	+	8912498	8932065
Tsp68C	chr3L	+	13843655	13845316
Tsp74F	chr3L	-	17891819	17895862
Tsp86D	chr3R	+	10868707	10870555
Tsp96F	chr3R	-	25872899	25881427
Tsp97E	chr3R	-	26961063	26964817
Tspo	chr2L	+	559611	560523
Tsr1	chr3L	+	21335214	21338232
Ttc19	chr2L	-	19043534	19045148
Ttc26	chr3R	+	15774415	15777640
Ttc30	chr2L	+	13106806	13109468
Ttc7	chr2R	-	6209781	6214122
Ttd14	chr2R	-	18430314	18440475
Tudor-SN	chr3L	-	259042	264380
Tusp	chr3R	+	27607878	27634932
TwdlB	chr3R	-	26622450	26623543
TwdlC	chr3R	+	26994831	26996442
TwdlD	chr3R	+	26640024	26641054
TwdlE	chr2L	-	7857956	7860839
TwdlF	chr3R	+	4247019	4248313
TwdlG	chr3R	-	4248722	4251341
TwdlH	chr3R	+	26633731	26634714
TwdlJ	chr3R	+	26629917	26630825
TwdlK	chr3R	-	26627884	26628724
TwdlL	chr3R	-	26624586	26625652
TwdlM	chr3R	+	26619117	26620224
TwdlN	chr3R	+	26631868	26632956
TwdlO	chr3R	-	26625931	26626738
TwdlP	chr3R	-	26620607	26621364
TwdlQ	chr3R	-	26692545	26693590
TwdlR	chr3R	+	26634884	26635998
TwdlS	chr3R	+	26636687	26637557
TwdlT	chr3R	+	27049219	27051004
TwdlV	chr3R	+	4254707	4255833
TwdlW	chr3R	-	17141207	17142404
TwdlX	chrX	+	16731090	16732630
TwdlY	chrX	+	16734946	16735980
TwdlZ	chrX	+	16738177	16738868
Twdlalpha	chrX	+	16742846	16744365
Twdlbeta	chr2R	-	11862536	11863252
Txl	chr3L	+	5765845	5767084
Tyler	chrX	+	19611525	19615617
TyrR	chr3R	-	17750128	17763188
TyrRII	chr3R	+	17736610	17747470
TyrRS	chr3L	-	16417348	16419302
TyrRS-m	chr2R	-	24781725	24783500
U2A	chr2R	-	7675361	7676362
U2af38	chr2L	-	292958	294681
U2af50	chrX	-	16356695	16359039
U3-55K	chr2R	-	14858844	14860758
U4-U6-60K	chr3L	-	17511854	17513912
UBL3	chrX	-	15849730	15853175
UGP	chr3L	-	9350866	9358935
UK114	chr2L	-	15274180	15275091
UQCR-11	chr3L	+	25120708	25126171
UQCR-11L	chr2R	+	8677218	8677661
UQCR-14	chrX	+	16286287	16286988
UQCR-14L	chr3R	+	28294047	28294550
UQCR-6.4	chr2R	-	17572095	17572784
UQCR-C1	chr3R	+	14890230	14892387
UQCR-C2	chr3L	+	16584123	16586111
UQCR-Q	chr3L	+	17474760	17476124
Uba1	chr2R	-	9688288	9693328
Uba2	chr3L	-	8125326	8127818
Uba3	chr2R	+	13858951	13860432
Uba4	chr2L	+	8517410	8519176
Uba5	chrX	+	11483517	11485060
Ubc10	chr2R	-	17788411	17789410
Ubc2	chr2L	-	10765009	10768006
Ubc4	chr3L	+	9698335	9700481
Ubc6	chr3R	-	4948754	4952682
Ubc7	chrX	+	16593676	16595867
Ubc84D	chr3R	-	7518819	7519456
Ubc87F	chr3R	-	13717453	13718176
UbcE2H	chrX	-	8087543	8094064
UbcE2M	chr3L	-	8195846	8197987
Ube3a	chr3L	-	11206421	11210583
Ubi-p5E	chrX	-	6276875	6279647
Ubi-p63E	chr3L	-	3899258	3903184
Ublcp1	chr3R	+	23061492	23062751
Ubqn	chrX	+	19683807	19687658
Ubr1	chrX	-	16956231	16968679
Ubr3	chrX	+	7935895	7953883
Ubx	chr3R	-	16656622	16734426
Uch	chr2L	-	2212737	2214211
Uch-L5	chr3L	-	9475492	9476965
Uch-L5R	chrX	-	12055337	12056635
Uck	chr3R	+	24290171	24293371
Ucp4A	chrX	+	17844948	17848223
Ucp4B	chr2L	+	5969858	5971025
Ucp4C	chr2L	+	5968565	5969761
Ude	chr3R	-	24797459	24799668
Uev1A	chr3L	-	5362883	5366225
Ufc1	chr2R	-	16006892	16007667
Ufd1-like	chr3L	-	11121965	11123216
Ufd4	chr2L	-	10281942	10292365
Ufl1	chr3R	-	7071623	7074452
Ufm1	chr2R	+	16951836	16952581
Ugalt	chrX	-	2701123	2703852
Uggt	chr3L	+	18872746	18878245
Ugt301D1	chr2L	+	18509559	18513512
Ugt302C1	chr3R	+	11157097	11159744
Ugt302E1	chr3R	+	11154625	11156513
Ugt302K1	chr3R	-	11151025	11153849
Ugt303A1	chr3R	+	11175528	11177910
Ugt303B1	chr3R	-	23534899	23536710
Ugt303B2	chr3R	-	23536992	23538908
Ugt303B3	chr3R	-	23532944	23534767
Ugt304A1	chr3R	-	11173440	11175408
Ugt305A1	chr3L	+	4059769	4061923
Ugt307A1	chr2L	+	7067982	7069546
Ugt316A1	chr3L	-	19059399	19062816
Ugt317A1	chr2R	-	22641785	22643917
Ugt35A1	chr3R	-	11170816	11172664
Ugt35B1	chr3R	-	11168502	11170246
Ugt35C1	chr3R	-	11126596	11128328
Ugt35D1	chr3R	-	31393581	31395304
Ugt35E1	chr3R	-	11164422	11166074
Ugt35E2	chr3R	-	11166176	11167981
Ugt36A1	chr2L	+	3619096	3621573
Ugt36D1	chr2L	+	18823547	18826716
Ugt36E1	chr2L	+	18826769	18829059
Ugt36F1	chr2L	+	18819343	18822573
Ugt37A1	chr2L	-	20372408	20374104
Ugt37A2	chr3R	+	12739641	12741417
Ugt37A3	chr3R	-	12741957	12743680
Ugt37B1	chr2L	+	6225047	6226842
Ugt37C1	chr2R	-	16843295	16845038
Ugt37C2	chr2L	+	16794210	16796009
Ugt37D1	chr2L	+	16799024	16801584
Ugt37E1	chr2L	+	16796594	16798273
Ugt49B1	chr2R	-	21212879	21214972
Ugt49B2	chr3R	-	21397780	21399742
Ugt49C1	chr2R	-	21215434	21217779
Ugt50B3	chr2R	+	5496673	5549543
Uhg1	chr2R	+	17699096	17703344
Uhg2	chr2L	-	9893804	9895003
Uhg3	chr2L	+	20647532	20648848
Uhg4	chr2R	+	9095272	9097312
Uhg5	chr2R	+	14621600	14624498
Uhg7	chr3L	-	1666287	1667307
Uhg8	chr3L	+	20453292	20454731
Ulp1	chrX	-	19202102	19208187
Unc-115a	chr3R	-	9694385	9705417
Unc-115b	chr3R	-	9687059	9692775
Unc-76	chrX	+	2080609	2093948
Unc-89	chr2R	-	23995542	24014254
Unr	chr3L	-	8432321	8442381
Upf1	chrX	-	11899995	11905371
Upf2	chrX	-	8070243	8075466
Upf3	chr2R	-	23893065	23894987
Urm1	chr3L	-	7639810	7640446
Uro	chr2L	+	7780084	7781415
Urod	chr2R	+	9584642	9586126
Uros1	chrX	-	8898553	8900264
Uros2	chr3R	+	15788520	15789494
Use1	chr3L	-	9135708	9137181
Usf	chrX	-	4544616	4548794
Usp1	chr3R	+	29229160	29235302
Usp10	chr3L	+	871898	895313
Usp12-46	chr3R	+	22750900	22776374
Usp14	chr2L	-	10312264	10314396
Usp15-31	chr2R	+	24743748	24756976
Usp16-45	chrX	+	5421532	5427219
Usp2	chrX	+	22455802	22470146
Usp20-33	chr2R	+	14239931	14243655
Usp30	chrX	-	5876999	5879787
Usp32	chr3L	+	19871138	19881783
Usp39	chrX	+	18858202	18860072
Usp47	chr3L	+	5752972	5761886
Usp5	chr3L	-	3145404	3148358
Usp7	chrX	-	12022836	12029032
Usp8	chr3R	+	21134261	21138214
Utx	chr2L	-	10272324	10278811
Uvrag	chr2L	+	13286776	13289556
Uxs	chr3L	+	8180922	8183369
Uxt	chr2L	+	15256580	15257642
VAChT	chr3R	+	18705500	18718916
VGAT	chr2R	-	14198477	14201249
VGlut	chr2L	+	2400294	2410662
Vago	chrX	+	11089289	11090219
Vajk1	chr2L	-	13920706	13923553
Vajk2	chr2L	-	13932558	13934692
Vajk3	chr2L	-	13944755	13947476
Vajk4	chr2R	-	17408257	17410204
ValRS	chr2R	+	13198849	13202709
ValRS-m	chr3L	-	8961273	8964769
Vamp7	chr2R	-	9841079	9842502
Vang	chr2R	+	9103237	9106796
Vap33	chrX	+	3948974	3955442
Vav	chrX	+	19261819	19273280
Vdup1	chr3L	-	176305	178963
VepD	chr2R	+	22408524	22409342
Vha100-1	chr3R	+	29131192	29137980
Vha100-2	chr3R	-	18390322	18399169
Vha100-3	chr2R	-	18908960	18911895
Vha100-4	chr3R	-	18386840	18389805
Vha100-5	chr2L	+	11738947	11744524
Vha13	chr3R	-	19643017	19644386
Vha14-1	chr2R	-	15679425	15680084
Vha14-2	chr3R	+	6122591	6124405
Vha16-1	chr2R	-	6625241	6633090
Vha16-2	chr3L	+	11474957	11475552
Vha16-3	chr3L	+	11473290	11473972
Vha16-4	chr2R	-	16947657	16948224
Vha16-5	chr2L	-	10736318	10737043
Vha26	chr3R	+	5591762	5595356
Vha36-1	chr2R	+	15541434	15542498
Vha36-2	chr2R	+	12257281	12258652
Vha36-3	chrX	-	2579090	2580560
Vha44	chr2R	-	16324812	16336637
Vha55	chr3R	-	12623761	12627829
Vha68-1	chr2L	-	13000769	13004107
Vha68-2	chr2L	+	12974321	12978607
Vha68-3	chr2L	+	12978785	12981293
VhaAC39-1	chrX	+	3880747	3882967
VhaAC39-2	chr3R	-	23158016	23159316
VhaAC45	chr2R	+	9207560	9209774
VhaM9.7-a	chr3L	+	4262704	4263464
VhaM9.7-b	chr3L	+	21539861	21541215
VhaM9.7-c	chr3L	-	4186017	4186865
VhaM9.7-d	chr3R	+	16975203	16975697
VhaPPA1-1	chr3R	-	14902329	14904061
VhaPPA1-2	chr3R	-	14899605	14900277
VhaSFD	chr2L	-	16722882	16727826
Vhl	chr2R	+	11279724	11281033
Victoria	chr2L	-	19912937	19913516
Vinc	chrX	-	2214346	2222567
Vkor	chr2R	+	16778364	16778994
Vlet	chrX	-	11677343	11678589
Vm26Aa	chr2L	-	5959595	5960340
Vm26Ab	chr2L	+	5957003	5957639
Vm26Ac	chr2L	-	5958004	5958631
Vm32E	chr2L	-	11171166	11171665
Vm34Ca	chr2L	-	13411140	13411631
Vmat	chr2R	-	13513131	13534251
Vml	chrX	+	2275821	2277781
Vps11	chr3L	-	23147655	23150499
Vps13	chr2R	+	7566808	7580675
Vps13B	chr3R	+	29935977	29948207
Vps13D	chr3L	+	12755048	12768605
Vps15	chr3R	-	9240756	9245869
Vps16A	chr3R	+	9267018	9270224
Vps16B	chr3R	-	29814920	29816451
Vps2	chr3R	+	26052820	26054128
Vps20	chr2R	+	22608309	22609419
Vps24	chr3R	-	4307434	4310947
Vps25	chr2R	+	8625450	8626180
Vps26	chrX	+	1873852	1876474
Vps28	chr2R	-	8078868	8080041
Vps29	chr2L	+	1150765	1151764
Vps33B	chr3R	+	25473489	25475756
Vps35	chr2R	+	22185971	22189886
Vps36	chr3L	-	13511645	13513112
Vps37B	chr3R	+	5226157	5227526
Vps39	chr3R	-	18271188	18274446
Vps4	chrX	+	17907691	17911097
Vps45	chr3R	+	9563923	9566092
Vps50	chr2R	+	17739900	17743969
Vps51	chr2R	-	18708151	18710865
Vps52	chr2L	-	5521280	5523898
Vps53	chr2L	-	4382924	4386062
Vps60	chr3L	-	17620122	17621625
Vps8	chr3L	-	6491229	6495297
Vrp1	chr2R	-	22106106	22122562
Vsp37A	chrX	+	621529	623051
Vsx1	chrX	+	5594254	5612865
Vsx2	chrX	-	5528926	5560183
Vta1	chr3L	-	1651431	1652900
Vti1a	chr3L	-	691485	692919
Vti1b	chr3R	+	18396994	18400339
WASp	chr3R	-	28824505	28832024
WDR79	chr2L	-	6125878	6127775
WDY	chrY	+	2273421	2487777
WRNexo	chr3R	-	18364243	18366162
Wbp2	chr3L	+	12850164	12853169
Wdfy2	chr2L	+	10423290	10425482
Wdr24	chr3R	-	29741971	29745092
Wdr33	chr3R	+	5660634	5665169
Wdr37	chr3R	-	18400372	18402716
Wdr59	chr2L	+	11091443	11095096
Wdr62	chr2L	+	1884621	1944289
Wdr81	chr2L	-	12014303	12020960
Wdr82	chr2L	+	8374460	8375549
Wdr92	chr3L	+	17908142	17909683
Wee1	chr2L	-	6911089	6914138
Whamy	chr3R	-	9771794	9774419
Wnk	chr3L	-	21543849	21554928
Wnt10	chr2L	+	7363378	7377528
Wnt2	chr2R	+	9494165	9503188
Wnt4	chr2L	-	7255418	7277171
Wnt5	chrX	-	18501400	18505405
Wnt6	chr2L	+	7333713	7352542
Wsck	chr3R	-	24627065	24630075
Wwox	chr2L	-	7999669	8004286
X11L	chrX	+	17599607	17606879
X11Lbeta	chrX	+	10627736	10710947
XNP	chr3R	-	25477867	25482834
XRCC1	chrX	+	5329875	5332435
Xbp1	chr2R	+	21143544	21145750
Xe7	chr3R	-	5665138	5669334
Xpac	chrX	-	4102954	4104197
Xpc	chr2R	+	15311509	15318239
Xpd	chr2R	+	21171000	21174504
Xport-A	chr3R	-	19914395	19915412
Xport-B	chr3R	-	19914319	19915412
Xrcc2	chrX	+	18500126	18501258
Xrp1	chr3R	+	18914967	18926989
Xxylt	chr2R	+	24022342	24023981
YL-1	chr2L	+	10970442	10972093
YME1L	chr2R	-	22882746	22886247
Yeti	chr2R	-	1343402	1345119
Yif1	chr3R	+	26717870	26719806
Yip1d1	chr2L	-	12993756	13000635
Yippee	chrX	-	13385913	13387417
Ykt6	chrX	+	7920408	7921966
Yp1	chrX	+	10053810	10055498
Yp2	chrX	-	10050950	10052636
Yp3	chrX	+	13759545	13761547
Ythdc1	chr3L	-	3370450	3374170
Ythdf	chr3R	-	25033875	25039249
Z600	chr3L	+	15509060	15509513
ZAP3	chrX	-	10071857	10082492
ZC3H3	chr3L	-	8507468	8509763
ZIPIC	chr3R	-	30035239	30036870
Zasp52	chr2R	-	15762564	15817004
Zasp66	chr3L	+	8624370	8638813
Zasp67	chr3L	-	9787932	9797687
Zcchc7	chr3L	+	16845385	16852350
Zdhhc8	chrX	-	9324507	9356227
Zfrp8	chr2R	+	24133988	24135405
Zif	chr3R	+	6457087	6458822
Zip102B	chr4	-	310929	314087
Zip42C.1	chr2R	-	6716341	6717707
Zip42C.2	chr2R	-	6718195	6719533
Zip48C	chr2R	+	11899516	11901394
Zip71B	chr3L	+	14992288	14997983
Zip88E	chr3R	+	15268661	15270532
Zip89B	chr3R	+	16305757	16308700
Zip99C	chr3R	-	29863700	29868895
Zir	chr2L	+	94738	102086
Ziz	chr2L	-	7472512	7496307
Zmynd10	chr3L	-	13024762	13026437
Zn72D	chr3L	-	16106593	16112626
ZnT33D	chr2L	+	12164240	12166704
ZnT35C	chr2L	-	15228727	15247714
ZnT41F	chr2R	-	5774775	5782858
ZnT49B	chr2R	+	12652804	12655743
ZnT63C	chr3L	+	3303707	3314009
ZnT77C	chr3L	-	20484292	20494921
ZnT86D	chr3R	-	11212307	11214539
Zpr1	chrX	-	9160123	9162090
Zw	chrX	+	19667251	19672353
Zw10	chrX	+	2604196	2606824
Zwilch	chr3R	-	31210965	31213376
Zyx	chr4	-	1057364	1065001
a	chr2R	+	22136967	22172834
a10	chr3L	-	17023122	17023741
a5	chr2L	+	1329160	1329993
a6	chrX	-	1693614	1695889
aPKC	chr2R	-	14944457	14962969
aay	chr3L	+	9423252	9424781
ab	chr2L	+	11210677	11261080
abd-A	chr3R	-	16807213	16830049
abo	chr2L	-	10973442	10975293
abs	chr3R	+	4233046	4235041
ac	chrX	+	370030	370947
achi	chr2R	-	12511533	12515062
acj6	chrX	-	15350238	15379064
adp	chr2R	+	18151703	18154060
aft	chr2R	+	17786134	17788556
ago	chr3L	-	4246342	4254306
agt	chr3R	-	6658805	6660100
akirin	chr3L	+	7369842	7373711
al	chr2L	+	378111	387439
alc	chr2R	-	9135374	9137933
alien	chr2L	-	8993817	8997379
alph	chr3R	+	29591830	29617157
alpha-Cat	chr3L	-	23318645	23338100
alpha-Catr	chr2R	+	23957841	23961631
alpha-Est1	chr3R	-	7545732	7549124
alpha-Est10	chr3R	-	7486582	7493845
alpha-Est2	chr3R	+	7541809	7545230
alpha-Est3	chr3R	-	7538971	7541631
alpha-Est4	chr3R	-	7536686	7538615
alpha-Est5	chr3R	-	7533495	7536390
alpha-Est6	chr3R	-	7524566	7528777
alpha-Est7	chr3R	-	7519562	7523753
alpha-Est8	chr3R	-	7509342	7515670
alpha-Est9	chr3R	-	7493920	7505098
alpha-Man-IIa	chr3R	+	9412547	9417264
alpha-Man-IIb	chr3R	+	15804247	15824118
alpha-Man-Ia	chrX	-	10266791	10325958
alpha-Man-Ib	chr3R	-	29109052	29112822
alpha-Man-Ic	chr3R	-	29928700	29930386
alpha-PheRS	chrX	-	8143903	8145602
alpha-Spec	chr3L	-	1778484	1795328
alpha4GT1	chr2L	-	3021308	3023141
alpha4GT2	chr3R	+	25832229	25842878
alphaCOP	chr3L	-	1641065	1645199
alphaKap4	chr3L	-	6009445	6011021
alphaSnap	chr3L	+	20313631	20316577
alphaTry	chr2R	-	11344259	11345119
alphaTub67C	chr3L	+	9681267	9683370
alphaTub84B	chr3R	+	7086598	7088839
alphaTub84D	chr3R	+	7530752	7532732
alphaTub85E	chr3R	-	9731220	9733250
alrm	chr3R	-	25381064	25382781
alt	chr3R	-	17673731	17682515
aly	chr3L	-	3024128	3026521
amd	chr2L	+	19110153	19114110
amn	chrX	-	19886107	19890060
amon	chr3R	-	26697696	26714159
amos	chr2L	-	18596135	18596921
amx	chrX	-	9245914	9247336
ana	chr2R	+	9062294	9077554
ana1	chr3R	+	24530575	24536395
ana2	chr2R	-	8898728	8900211
ana3	chr2R	+	12344982	12351325
anchor	chr3L	+	17621823	17630971
angel	chr2R	+	23694002	23695232
anne	chr4	+	132219	143123
anox	chrX	-	21317935	21319296
antdh	chrX	-	11168029	11169058
antr	chr2R	-	12846847	12848004
aop	chr2L	-	2156483	2178754
aos	chr3L	-	16470385	16483650
ap	chr2R	-	5706201	5727525
aph-1	chr2L	+	2766232	2767281
apn	chr3R	-	13287654	13288813
apolpp	chr4	+	1060968	1077273
app	chr3L	-	12206237	12266841
apt	chr2R	+	23564890	23599526
aqrs	chr3R	-	28756998	28758234
aqz	chr3R	-	8813489	8820682
ara	chr3L	+	12580671	12596018
aralar1	chr3R	-	30445634	30455867
arg	chrX	+	509434	528028
ari-1	chrX	-	18130391	18137784
ari-2	chr2R	+	22212834	22217264
arm	chrX	-	1891400	1900646
armi	chr3L	+	3461316	3466314
arr	chr2R	-	13453639	13483229
aru	chr2L	-	861848	868354
arx	chr3L	-	18900594	18901554
asRNA:ASTR	chr3R	+	5607798	5609810
asRNA:CR11538	chr3L	-	12129102	12131488
asRNA:CR17025	chr3R	-	13455510	13466106
asRNA:CR30267	chr2R	+	22756164	22758995
asRNA:CR31084	chr3R	+	26425353	26428408
asRNA:CR31144	chr3R	-	11222413	11223029
asRNA:CR31429	chr3R	+	9022056	9024018
asRNA:CR31514	chr3R	-	9779518	9782693
asRNA:CR31845	chr2L	+	13777194	13778124
asRNA:CR31912	chr2L	+	5769751	5771537
asRNA:CR32224	chr3L	-	20207865	20208801
asRNA:CR32252	chr3L	-	4221703	4222734
asRNA:CR33945	chr3R	+	31767972	31769423
asRNA:CR42254	chr2R	-	14769598	14771295
asRNA:CR42547	chr2R	-	21631420	21634040
asRNA:CR42738	chr3R	+	7143486	7144295
asRNA:CR42742	chr2R	+	22985373	22986549
asRNA:CR42743	chr2L	-	11531965	11534547
asRNA:CR42860	chr3L	+	2088165	2089626
asRNA:CR42871	chr3L	-	14034530	14036836
asRNA:CR43152	chrX	-	12973824	12974615
asRNA:CR43159	chr3L	-	15520317	15521554
asRNA:CR43160	chr2R	+	20896993	20898629
asRNA:CR43243	chr2R	+	21607686	21608477
asRNA:CR43257	chr2R	+	24793806	24795772
asRNA:CR43259	chr3R	-	25902845	25906766
asRNA:CR43299	chrX	-	15662288	15665707
asRNA:CR43413	chr2L	+	18200335	18201135
asRNA:CR43425	chr4	+	867823	871426
asRNA:CR43426	chr3L	+	22850110	22854434
asRNA:CR43429	chr2R	-	15682568	15684933
asRNA:CR43430	chr2R	+	19399768	19401335
asRNA:CR43433	chr3L	+	17166862	17167542
asRNA:CR43454	chr3R	+	22996453	22997785
asRNA:CR43460	chr3R	+	13971732	13974675
asRNA:CR43463	chr2L	-	14359284	14361303
asRNA:CR43464	chr2L	+	2000057	2003935
asRNA:CR43465	chr2L	-	5969858	5971025
asRNA:CR43466	chr2R	-	24881129	24881817
asRNA:CR43467	chr2R	-	10139261	10142074
asRNA:CR43468	chr2R	+	12875163	12877280
asRNA:CR43469	chr2R	+	12872755	12875087
asRNA:CR43470	chr3L	+	7250639	7252598
asRNA:CR43471	chr3R	-	15230835	15231503
asRNA:CR43472	chr3R	-	16168347	16169154
asRNA:CR43474	chr3R	+	22629574	22630671
asRNA:CR43476	chr3R	-	27368841	27369865
asRNA:CR43477	chr3R	+	12225323	12226249
asRNA:CR43478	chr3R	+	4982264	4983904
asRNA:CR43480	chrX	+	23090323	23093609
asRNA:CR43481	chr3L	+	9378159	9381119
asRNA:CR43609	chr2L	+	21951	24237
asRNA:CR43614	chrX	-	4368785	4373471
asRNA:CR43615	chrX	+	7872826	7873640
asRNA:CR43629	chr3R	+	4452704	4454295
asRNA:CR43636	chrX	-	12970475	12973213
asRNA:CR43637	chrX	-	2200622	2201857
asRNA:CR43683	chr2L	+	9961017	9962104
asRNA:CR43723	chr2R	+	7492363	7493497
asRNA:CR43728	chr2R	-	16285796	16286254
asRNA:CR43730	chr2R	-	16288926	16291474
asRNA:CR43735	chr2R	-	22707776	22708542
asRNA:CR43767	chr2L	-	1158575	1159355
asRNA:CR43786	chr2R	-	21656309	21657180
asRNA:CR43787	chr2R	-	24630900	24632932
asRNA:CR43806	chr2L	-	16178317	16179188
asRNA:CR43809	chr2L	-	21102585	21104298
asRNA:CR43812	chr2R	-	20264854	20265145
asRNA:CR43820	chr2L	-	5062635	5063442
asRNA:CR43824	chr2L	-	4963975	4965425
asRNA:CR43833	chrX	+	13755321	13756013
asRNA:CR43842	chrX	+	18460817	18462823
asRNA:CR43864	chrX	+	1902027	1903733
asRNA:CR43865	chr2L	+	9372101	9374004
asRNA:CR43866	chr2L	+	6004166	6006333
asRNA:CR43868	chr3L	+	12498486	12500307
asRNA:CR43872	chr3L	+	20299409	20302295
asRNA:CR43875	chr3L	-	20315133	20317283
asRNA:CR43876	chr3L	-	20265597	20266200
asRNA:CR43877	chr3L	+	21528545	21529115
asRNA:CR43885	chr3L	+	19543099	19543622
asRNA:CR43889	chr3L	+	19909364	19910203
asRNA:CR43891	chr3L	+	16213927	16214376
asRNA:CR43898	chr2R	+	16221635	16223187
asRNA:CR43903	chr3R	+	23694005	23694688
asRNA:CR43906	chrX	+	258464	267253
asRNA:CR43908	chrX	+	11837632	11838026
asRNA:CR43916	chr3L	+	3940518	3941301
asRNA:CR43926	chr2L	-	5925204	5925961
asRNA:CR43933	chr3L	+	21496392	21498830
asRNA:CR43936	chr2L	-	11840454	11840913
asRNA:CR43944	chr3L	-	20389852	20391387
asRNA:CR43948	chr2R	-	9976995	9979584
asRNA:CR43957	chr4	+	56496	63124
asRNA:CR43959	chrX	+	10256628	10261804
asRNA:CR43964	chr2R	+	18775410	18777166
asRNA:CR43971	chr3L	-	15108000	15108935
asRNA:CR43979	chr3L	+	21678001	21679713
asRNA:CR43981	chrX	-	17857076	17858084
asRNA:CR44018	chr3R	+	10639278	10645773
asRNA:CR44019	chr3R	+	5250912	5252132
asRNA:CR44020	chr3R	-	8934278	8935287
asRNA:CR44021	chr3R	-	24519624	24520078
asRNA:CR44027	chr4	+	395395	395954
asRNA:CR44029	chr4	+	879373	884752
asRNA:CR44030	chr4	+	959674	962692
asRNA:CR44031	chr4	+	1027862	1029359
asRNA:CR44035	chr3R	-	9810019	9813929
asRNA:CR44045	chr3R	-	30034539	30034907
asRNA:CR44046	chr3R	+	30049292	30052211
asRNA:CR44047	chr3R	+	20827094	20828212
asRNA:CR44049	chr3R	+	27260049	27261948
asRNA:CR44052	chr3R	-	23706360	23707146
asRNA:CR44053	chrX	-	16806046	16809230
asRNA:CR44054	chrX	+	11139607	11141238
asRNA:CR44062	chr3R	-	22550031	22552687
asRNA:CR44063	chr2L	-	7369645	7370503
asRNA:CR44064	chr2L	+	1500829	1504204
asRNA:CR44065	chr2L	+	2190190	2191272
asRNA:CR44067	chr2R	+	24775710	24779987
asRNA:CR44069	chr2R	+	9610463	9615617
asRNA:CR44071	chr2R	+	7343344	7343695
asRNA:CR44083	chr2L	+	13284926	13286538
asRNA:CR44087	chr3R	+	21845452	21846711
asRNA:CR44093	chr3R	+	5659476	5660570
asRNA:CR44095	chr3R	+	14568961	14569871
asRNA:CR44106	chr3R	+	20911639	20912869
asRNA:CR44107	chr3R	+	19149121	19149557
asRNA:CR44108	chrX	+	5914362	5914649
asRNA:CR44114	chr2L	-	2226752	2227604
asRNA:CR44115	chr2L	+	2236346	2237022
asRNA:CR44116	chr2L	+	8194508	8197049
asRNA:CR44119	chr2L	+	8201556	8205298
asRNA:CR44124	chrX	+	17578688	17579135
asRNA:CR44130	chr2R	-	6047169	6047738
asRNA:CR44134	chr3R	+	4436355	4437230
asRNA:CR44137	chr3R	+	11637176	11638553
asRNA:CR44144	chr2L	-	11743745	11744422
asRNA:CR44147	chr2L	-	3030411	3030903
asRNA:CR44155	chr3R	-	4646432	4648242
asRNA:CR44160	chr3R	-	17391501	17392173
asRNA:CR44165	chr2R	-	6682520	6683749
asRNA:CR44168	chr2R	-	23358477	23358961
asRNA:CR44169	chr2R	+	6873148	6880088
asRNA:CR44176	chr3R	-	14421750	14422549
asRNA:CR44179	chr3R	-	25491284	25493262
asRNA:CR44181	chr2L	+	10695057	10698195
asRNA:CR44182	chr2L	-	11280056	11280577
asRNA:CR44192	chr3R	-	10052845	10054298
asRNA:CR44201	chr2R	+	7394995	7396194
asRNA:CR44205	chr2R	+	9766347	9767514
asRNA:CR44207	chr2R	+	9775109	9776370
asRNA:CR44224	chr2L	+	10506300	10507015
asRNA:CR44228	chr3R	+	8754063	8755916
asRNA:CR44235	chr3R	-	12891910	12892467
asRNA:CR44237	chr3R	-	14109285	14110726
asRNA:CR44238	chr3R	-	17126983	17127862
asRNA:CR44266	chrX	-	11570454	11571358
asRNA:CR44267	chr3R	+	24912994	24913685
asRNA:CR44275	chr2R	+	8229295	8230796
asRNA:CR44287	chr3R	+	27318327	27319246
asRNA:CR44291	chr3R	-	8562827	8563798
asRNA:CR44293	chr2R	+	9861144	9861545
asRNA:CR44297	chr2R	-	10052642	10052995
asRNA:CR44304	chr2R	-	11844377	11845099
asRNA:CR44321	chr3R	+	26260901	26261515
asRNA:CR44340	chrX	-	19495283	19495896
asRNA:CR44351	chr3L	+	1773604	1775108
asRNA:CR44358	chrX	+	11079290	11079772
asRNA:CR44367	chr2R	+	13854658	13855894
asRNA:CR44368	chr2R	-	14168843	14170917
asRNA:CR44370	chr2R	+	15226937	15232665
asRNA:CR44372	chr2R	-	15691053	15693887
asRNA:CR44374	chrX	-	21119528	21120176
asRNA:CR44375	chr2R	-	16581995	16583369
asRNA:CR44381	chrX	+	2065454	2066106
asRNA:CR44382	chrX	+	2071709	2072189
asRNA:CR44386	chr2R	+	17140578	17141194
asRNA:CR44390	chr2R	-	17023651	17026993
asRNA:CR44416	chr2R	+	17766864	17767145
asRNA:CR44427	chrX	-	13528756	13529149
asRNA:CR44429	chrX	-	15297311	15298217
asRNA:CR44431	chrX	-	21043549	21044024
asRNA:CR44509	chr2R	-	19712094	19712849
asRNA:CR44512	chrX	-	19667017	19667746
asRNA:CR44592	chr2L	+	12085648	12086413
asRNA:CR44599	chr2L	-	13384821	13385403
asRNA:CR44600	chr2L	-	13398857	13399831
asRNA:CR44653	chr2R	+	20562244	20562695
asRNA:CR44690	chrX	-	2175816	2180816
asRNA:CR44703	chr2R	+	21068259	21069445
asRNA:CR44704	chr2R	+	21070748	21071895
asRNA:CR44724	chr2R	-	21297494	21298495
asRNA:CR44793	chr2L	-	5525737	5526943
asRNA:CR44806	chr2R	-	23908473	23908875
asRNA:CR44807	chr2R	+	23812184	23814771
asRNA:CR44818	chr2L	+	5715677	5716426
asRNA:CR44840	chrX	+	13054217	13054689
asRNA:CR44841	chrX	-	18804839	18806363
asRNA:CR44843	chr3L	+	14559999	14560953
asRNA:CR44847	chr2L	-	13784712	13785423
asRNA:CR44849	chr2L	+	14019394	14020325
asRNA:CR44850	chr2L	+	14349069	14349799
asRNA:CR44866	chr2L	+	15748000	15748324
asRNA:CR44872	chr2L	-	9959247	9960232
asRNA:CR44873	chr2L	-	10004309	10005043
asRNA:CR44891	chrX	-	496596	497374
asRNA:CR44892	chrX	-	498096	499456
asRNA:CR44894	chrX	-	10114339	10208574
asRNA:CR44896	chrX	+	2055947	2056425
asRNA:CR44897	chr2L	+	1381210	1382796
asRNA:CR44907	chr2L	-	20068792	20069318
asRNA:CR44910	chr2L	-	21163870	21164271
asRNA:CR44911	chr2L	+	21178409	21179729
asRNA:CR44958	chrX	-	5680626	5682127
asRNA:CR44959	chrX	+	6089877	6090648
asRNA:CR44960	chrX	-	15082615	15083753
asRNA:CR44961	chrX	-	15315055	15317967
asRNA:CR44962	chrX	-	11790795	11791777
asRNA:CR44968	chr2L	+	10297729	10298413
asRNA:CR44969	chr2L	+	122836	124031
asRNA:CR44972	chr2L	-	13288301	13289021
asRNA:CR44975	chr2L	-	16697343	16697761
asRNA:CR44976	chr2L	+	1708451	1709244
asRNA:CR44981	chr2L	+	20874113	20875540
asRNA:CR44982	chr2L	-	2374954	2375582
asRNA:CR44984	chr2L	-	4074278	4075952
asRNA:CR44987	chr2L	-	71038	73836
asRNA:CR44989	chr2L	+	7220566	7221093
asRNA:CR44990	chr2L	-	7708099	7710456
asRNA:CR44992	chr2L	+	8703474	8705450
asRNA:CR44995	chr2L	+	10242684	10245977
asRNA:CR44996	chr2L	+	7994797	7996494
asRNA:CR44998	chrX	-	15334477	15335971
asRNA:CR45000	chrX	-	15926786	15927082
asRNA:CR45001	chrX	+	16632489	16632839
asRNA:CR45007	chr2L	+	9937231	9938833
asRNA:CR45008	chr2L	-	7821033	7821343
asRNA:CR45009	chrX	+	23007671	23009452
asRNA:CR45015	chr3R	+	10756672	10758280
asRNA:CR45016	chr3R	-	10761147	10761797
asRNA:CR45024	chr3R	+	20677079	20677858
asRNA:CR45026	chr3L	-	5780101	5780863
asRNA:CR45028	chr3R	-	18668571	18669482
asRNA:CR45041	chr3R	-	28237448	28238570
asRNA:CR45042	chr3L	-	4034029	4034750
asRNA:CR45044	chr3R	+	29031027	29034098
asRNA:CR45046	chr3R	-	21878671	21884101
asRNA:CR45053	chr3R	-	9632034	9633076
asRNA:CR45056	chr3R	+	11535494	11536273
asRNA:CR45104	chr3R	-	18158344	18159924
asRNA:CR45108	chr2R	+	7783333	7785585
asRNA:CR45121	chr3L	+	9695042	9695650
asRNA:CR45124	chr4	+	42773	43374
asRNA:CR45126	chr4	+	459767	461413
asRNA:CR45129	chr2R	+	7325895	7335195
asRNA:CR45130	chr2R	-	7578664	7579929
asRNA:CR45131	chr2R	-	7631494	7635219
asRNA:CR45132	chr2R	+	9284844	9285594
asRNA:CR45133	chr2R	+	10152716	10154345
asRNA:CR45134	chr2R	+	10478042	10478795
asRNA:CR45135	chr2R	+	10541594	10541995
asRNA:CR45136	chr2R	+	10853545	10854495
asRNA:CR45137	chr2R	-	12783610	12799259
asRNA:CR45139	chr2R	+	3943428	3949757
asRNA:CR45140	chr2R	+	12867608	12869783
asRNA:CR45141	chr2R	-	12881444	12883253
asRNA:CR45142	chr2R	-	13168499	13170745
asRNA:CR45143	chr2R	+	15676440	15676845
asRNA:CR45144	chr2R	-	17036694	17037982
asRNA:CR45145	chr2R	-	17040194	17043298
asRNA:CR45146	chr2R	+	17697531	17698796
asRNA:CR45149	chr2R	-	21309394	21310146
asRNA:CR45151	chr2R	-	22174950	22176707
asRNA:CR45152	chr2R	-	22415794	22416462
asRNA:CR45160	chr3L	+	5135541	5136224
asRNA:CR45161	chr3L	+	19989705	19990739
asRNA:CR45162	chr3L	+	21268600	21269142
asRNA:CR45163	chr3L	+	22738707	22739434
asRNA:CR45164	chr3L	+	23149529	23150668
asRNA:CR45167	chr3L	+	5918388	5919556
asRNA:CR45171	chr3L	-	10893645	10894743
asRNA:CR45175	chr3L	+	17841670	17842599
asRNA:CR45182	chr3L	+	25843820	25844502
asRNA:CR45185	chrX	-	10044908	10048156
asRNA:CR45189	chr3R	-	30781177	30783645
asRNA:CR45190	chr3R	-	31588278	31590411
asRNA:CR45192	chr3R	-	5835477	5836178
asRNA:CR45195	chr3R	-	10876833	10877783
asRNA:CR45198	chr4	+	175454	175874
asRNA:CR45202	chr2R	-	8897819	8898275
asRNA:CR45205	chr3R	-	10060665	10061978
asRNA:CR45206	chr3R	-	15774075	15774715
asRNA:CR45208	chr3R	-	25661711	25662663
asRNA:CR45209	chr3R	+	27109328	27111033
asRNA:CR45210	chr3L	+	19260039	19260895
asRNA:CR45213	chr3R	-	16992777	16994041
asRNA:CR45214	chr3R	-	25266812	25270007
asRNA:CR45257	chr2L	+	8082858	8083107
asRNA:CR45260	chr2L	-	8862609	8867511
asRNA:CR45264	chr2R	+	12179013	12179745
asRNA:CR45268	chr2R	+	22655634	22656496
asRNA:CR45270	chr2R	-	17795885	17801924
asRNA:CR45271	chr2R	-	12296494	12297805
asRNA:CR45272	chr2R	+	17121094	17124636
asRNA:CR45275	chr2R	+	17585691	17586243
asRNA:CR45281	chr2R	-	9559254	9565190
asRNA:CR45300	chr2L	+	3509098	3509440
asRNA:CR45305	chr2L	-	5070886	5071109
asRNA:CR45326	chr2R	+	23709176	23709947
asRNA:CR45330	chr2L	+	13241806	13244724
asRNA:CR45341	chr2L	-	8370342	8370670
asRNA:CR45342	chr2L	-	2840024	2840316
asRNA:CR45343	chr2L	+	8394428	8395332
asRNA:CR45350	chr2R	-	24024097	24025777
asRNA:CR45366	chr2L	+	357328	358174
asRNA:CR45367	chr2L	+	355662	356891
asRNA:CR45371	chr2L	-	8343319	8345015
asRNA:CR45376	chr2R	+	22201507	22203045
asRNA:CR45384	chr3L	-	20836111	20837135
asRNA:CR45396	chr3L	+	15142130	15142800
asRNA:CR45397	chr3L	+	15143800	15144170
asRNA:CR45445	chr3L	-	13018314	13019110
asRNA:CR45466	chrX	-	20656890	20657678
asRNA:CR45467	chr2R	+	9881395	9882605
asRNA:CR45468	chr2R	+	12848138	12849295
asRNA:CR45469	chr2R	-	22874577	22875172
asRNA:CR45479	chrX	+	2173479	2175855
asRNA:CR45481	chrX	+	3968932	3972054
asRNA:CR45485	chrX	+	16307031	16308687
asRNA:CR45501	chrX	-	19745935	19746487
asRNA:CR45518	chrX	-	5516992	5517500
asRNA:CR45520	chrX	+	5663113	5665605
asRNA:CR45525	chrX	-	5689851	5691172
asRNA:CR45528	chrX	-	5755491	5756710
asRNA:CR45535	chrX	+	8084255	8085765
asRNA:CR45538	chrX	+	9069740	9070087
asRNA:CR45549	chr3R	-	8233227	8233962
asRNA:CR45600	chr3R	-	15136984	15140121
asRNA:CR45601	chrX	-	10054234	10055109
asRNA:CR45604	chrX	-	11089230	11095143
asRNA:CR45611	chrX	-	21373634	21374417
asRNA:CR45612	chrX	-	21372592	21373553
asRNA:CR45620	chrX	+	7959273	7960898
asRNA:CR45621	chrX	-	12612107	12615780
asRNA:CR45623	chrX	+	12742546	12742926
asRNA:CR45629	chrX	+	10217626	10219303
asRNA:CR45648	chr3R	+	22724347	22724678
asRNA:CR45663	chr3L	+	16318940	16319263
asRNA:CR45682	chr3L	+	12491839	12493605
asRNA:CR45683	chr2L	-	13437894	13442410
asRNA:CR45686	chr3L	-	1806042	1806932
asRNA:CR45701	chr2L	-	19964044	19964347
asRNA:CR45712	chr2L	+	2006866	2007688
asRNA:CR45713	chr2L	+	21232744	21234035
asRNA:CR45714	chrX	+	18480071	18481132
asRNA:CR45715	chr2L	+	17497010	17497697
asRNA:CR45738	chr3L	-	4240068	4240505
asRNA:CR45778	chr2L	-	11011161	11012135
asRNA:CR45789	chr2L	-	10392866	10393434
asRNA:CR45797	chrX	-	487897	488333
asRNA:CR45798	chr3R	+	21266254	21267794
asRNA:CR45800	chr3R	+	20325528	20326260
asRNA:CR45801	chr3L	-	21028958	21029701
asRNA:CR45802	chr3L	+	2118497	2119567
asRNA:CR45804	chr3L	+	9693820	9694705
asRNA:CR45806	chr3L	+	175137	176104
asRNA:CR45807	chr3L	+	599398	600914
asRNA:CR45812	chr3L	+	1494498	1495119
asRNA:CR45813	chr3L	-	1549447	1549900
asRNA:CR45814	chr3L	+	1617484	1618190
asRNA:CR45815	chr3L	-	1648627	1649699
asRNA:CR45818	chr3L	-	1796853	1797272
asRNA:CR45822	chr3L	+	7355716	7356598
asRNA:CR45827	chr3L	+	1963142	1964285
asRNA:CR45828	chr3L	-	1963212	1963700
asRNA:CR45829	chr3L	-	2267721	2268560
asRNA:CR45830	chr3L	+	4655404	4656330
asRNA:CR45831	chr3L	+	5767320	5768704
asRNA:CR45832	chr3L	-	7037824	7038347
asRNA:CR45834	chr3L	+	1784394	1784800
asRNA:CR45835	chr3L	-	7361638	7363598
asRNA:CR45865	chr3L	-	16612499	16612827
asRNA:CR45867	chr3L	+	8055800	8056208
asRNA:CR45868	chr3L	+	8057500	8058093
asRNA:CR45869	chr3L	+	8183582	8183998
asRNA:CR45870	chr3L	+	8184251	8185221
asRNA:CR45871	chr3L	-	8891555	8893800
asRNA:CR45872	chr3L	+	9438983	9439450
asRNA:CR45873	chr3L	+	9456338	9457296
asRNA:CR45874	chr3L	+	9510016	9510889
asRNA:CR45875	chr3L	-	9890815	9892109
asRNA:CR45882	chr3L	+	11668210	11668877
asRNA:CR45885	chr3L	-	11687343	11688390
asRNA:CR45886	chr3L	-	13379141	13379654
asRNA:CR45889	chr3L	+	16042394	16042968
asRNA:CR45890	chr3L	+	16302543	16303531
asRNA:CR45891	chr3R	-	15802853	15803495
asRNA:CR45892	chr3L	-	12132454	12133605
asRNA:CR45894	chr3L	+	16353497	16353916
asRNA:CR45895	chr3L	-	16587110	16587805
asRNA:CR45896	chr3L	-	7510941	7513354
asRNA:CR45907	chr3R	+	7085659	7086140
asRNA:CR45908	chr3R	-	7074775	7075487
asRNA:CR45909	chr3R	-	7159228	7162936
asRNA:CR45912	chr3L	-	18858689	18866107
asRNA:CR45924	chr2R	-	9075157	9075951
asRNA:CR45925	chr2R	+	19396499	19396849
asRNA:CR45926	chr2R	+	23905333	23906700
asRNA:CR45927	chr2R	+	15540886	15541300
asRNA:CR45928	chr2R	+	23850329	23851500
asRNA:CR45929	chrX	+	1900767	1901162
asRNA:CR45943	chr3L	-	20838312	20838700
asRNA:CR45944	chr3L	+	21003706	21004201
asRNA:CR45951	chr3L	+	21194616	21196136
asRNA:CR45952	chr3L	+	21302420	21304135
asRNA:CR45955	chr3L	-	21636642	21637314
asRNA:CR45960	chr3L	-	22274082	22275716
asRNA:CR45968	chr3L	-	22872379	22873723
asRNA:CR45969	chr3L	+	22871812	22872107
asRNA:CR45970	chr3L	-	22879258	22880399
asRNA:CR45974	chr3L	+	18303430	18304179
asRNA:CR45995	chrX	-	14181112	14182716
asRNA:CR45999	chr3R	+	4395548	4397548
asRNA:CR46005	chr3L	+	6125397	6132074
asRNA:CR46012	chr3R	+	12221038	12221630
asRNA:CR46018	chr3R	-	12634191	12634744
asRNA:CR46020	chr3R	+	14264828	14265535
asRNA:CR46029	chr3R	-	16473228	16480850
asRNA:CR46033	chr3L	+	16663902	16664913
asRNA:CR46034	chr3R	-	17417501	17418019
asRNA:CR46038	chr3R	+	10122421	10124412
asRNA:CR46044	chr3R	+	20588002	20588549
asRNA:CR46045	chr3R	-	21102007	21102889
asRNA:CR46047	chr3L	+	19474730	19475642
asRNA:CR46048	chr3L	-	19294726	19295198
asRNA:CR46049	chr3L	-	11474819	11475460
asRNA:CR46050	chr3L	-	11229028	11229437
asRNA:CR46054	chr3R	+	22337063	22337669
asRNA:CR46055	chr3R	+	21632704	21633322
asRNA:CR46058	chr3R	+	15402981	15403707
asRNA:CR46065	chr4	-	228575	229112
asRNA:CR46066	chr2L	+	21665848	21666851
asRNA:CR46067	chr3L	-	14053099	14054304
asRNA:CR46068	chr3L	-	21333009	21333511
asRNA:CR46069	chr2L	+	2517204	2518845
asRNA:CR46070	chr2L	+	12040781	12041515
asRNA:CR46071	chr2L	-	8934795	8935720
asRNA:CR46074	chr2L	+	7724575	7724976
asRNA:CR46081	chr3R	-	15275600	15276217
asRNA:CR46082	chr3R	+	30135007	30137581
asRNA:CR46089	chr3R	+	23052915	23057984
asRNA:CR46091	chr3R	-	23746310	23747148
asRNA:CR46092	chr3R	+	23957304	23958388
asRNA:CR46093	chr3R	-	24318815	24319782
asRNA:CR46096	chr3R	+	24815758	24817131
asRNA:CR46097	chr3R	-	24924415	24925344
asRNA:CR46099	chr3R	+	25262181	25262636
asRNA:CR46101	chr3R	+	25657392	25658274
asRNA:CR46104	chr3R	+	28336888	28337629
asRNA:CR46105	chr3R	-	28340411	28340800
asRNA:CR46107	chr3R	-	29054342	29055703
asRNA:CR46109	chr3R	-	29745208	29746083
asRNA:CR46128	chr3R	+	7537841	7541279
asRNA:CR46129	chr3R	-	7544842	7545250
asRNA:CR46133	chr3R	+	5858194	5858894
asRNA:CR46134	chr3R	-	5662900	5665032
asRNA:CR46135	chr3R	-	5613279	5616308
asRNA:CR46136	chr3R	+	5560471	5561573
asRNA:CR46137	chr3R	+	4737499	4737908
asRNA:CR46138	chr3R	-	4434623	4436101
asRNA:CR46139	chr3R	+	4393349	4394493
asRNA:CR46140	chr3R	+	4309943	4310869
asRNA:CR46144	chr3R	-	9795007	9796050
asRNA:CR46145	chr3R	+	9393889	9394737
asRNA:CR46195	chrX	-	8564407	8565178
asRNA:CR46246	chr3L	-	9597170	9598375
asRNA:CR46251	chr3L	-	12806686	12808545
asRNA:CR46255	chr3R	-	4235293	4235973
asRNA:CR46256	chr2L	+	13174226	13175365
asRNA:CR46261	chr3R	+	22314542	22315162
asRNA:CR46262	chr2L	+	283806	284255
asRNA:CR46263	chr2L	+	286382	288292
asRNA:CR46264	chr2L	-	11070784	11071466
asRNA:CR46266	chr3L	+	13840610	13842198
asRNA:CR46269	chr2R	-	5957587	5959299
asRNA:CR46354	chr3R	-	13459670	13466106
asRNA:CR46452	chr3R	-	27929661	27931376
asRNA:CR46453	chr2R	-	9971396	9972752
asRNA:CR46469	chr3R	+	23588884	23593151
asRNA:CR46470	chr3R	-	15921024	15921834
asRNA:CR46471	chr2R	+	15894846	15903392
asRNA:CR46473	chrX	-	14243301	14259236
asRNA:CR46479	chr2L	-	13241408	13242021
asRNA:CR46484	chr3L	+	20785215	20789624
asRNA:CR46485	chr2R	+	18853371	18861263
asRNA:CR46486	chr2L	+	1019658	1028737
asRNA:CR46487	chr2R	+	2118493	2121132
asRNA:Eig63F-2	chr3L	+	3934717	3935992
asRNA:TS15	chr2L	-	3397322	3398444
ase	chrX	+	460746	463176
asf1	chr3L	+	19618893	19620398
ash1	chr3L	-	19590772	19598755
ash2	chr3R	+	24650124	24653376
asl	chr3R	-	5603235	5606543
asp	chr3R	+	24753848	24760513
asrij	chr2R	+	22886397	22887578
ast	chr2L	+	1077947	1080803
asun	chr3R	+	16264270	16266891
atilla	chr2L	-	12175450	12177886
atk	chr3L	-	20454689	20464862
atl	chr3R	+	24625670	24634714
atms	chr3R	+	4750034	4777490
ato	chr3R	+	8278051	8279274
att-ORFB	chr3R	-	20552634	20554400
aub	chr2L	-	10997818	11001476
aurA	chr3R	+	11963123	11964826
aurB	chr2L	-	10856796	10858094
aust	chr2L	-	9250047	9251042
aux	chr3R	+	4211782	4227518
ave	chr2R	+	14752520	14753269
awd	chr3R	-	31745171	31746077
axed	chr3L	+	6609324	6619113
axo	chr3L	-	4629603	4687317
az2	chr2R	-	7510621	7512749
azot	chr2R	+	7949838	7950465
b	chr2L	+	13821247	13823979
b6	chrX	+	1686623	1690187
bab1	chr3L	-	1036368	1101089
bab2	chr3L	-	1140428	1177276
babo	chr2R	+	8952338	8962796
babos	chr2R	-	22393875	22402059
baf	chr2L	+	8029461	8030565
bai	chr3R	+	25039373	25040443
ball	chr3R	-	26864604	26866807
bam	chr3R	-	25243038	25245109
bap	chr3R	+	21388879	21390449
barc	chr3L	-	21420387	21433134
bark	chr2L	+	3787166	3802726
barr	chr2L	-	20058162	20061370
baz	chrX	+	17160005	17200728
bb8	chr3R	-	23288216	23290189
bbc	chr2R	-	13486633	13494862
bbg	chr3L	-	14412827	14536276
bbx	chrX	+	21363027	21373145
bc10	chr3L	+	5565230	5566765
bcd	chr3R	-	6755841	6759466
bchs	chr2L	+	5907168	5922776
bcn92	chrX	-	2148462	2149647
bdg	chr2R	-	15923039	15931935
bdl	chr2L	+	4324553	4331830
be	chrX	+	15024435	15042060
beag	chr3R	-	9063131	9065078
beat-IIIa	chr2L	+	17131023	17173118
beat-IIIb	chr2L	+	16973090	16993984
beat-IIIc	chr2L	-	17187636	17260734
beat-IIa	chr3R	-	17320003	17366119
beat-IIb	chr3R	-	17232252	17265049
beat-IV	chr3R	+	23557411	23580077
beat-Ia	chr2L	+	16049964	16081684
beat-Ib	chr2L	-	15905133	15962435
beat-Ic	chr2L	+	16000290	16041703
beat-VI	chr3R	+	28418207	28474814
beat-VII	chr3R	-	26645281	26681966
beat-Va	chr3R	-	12840559	12848419
beat-Vb	chr3R	+	12916055	12934813
beat-Vc	chr3R	-	12746035	12783216
beg	chr3L	+	17035667	17036865
bel	chr3R	-	8654974	8660761
ben	chrX	+	13996344	13999805
beta'COP	chr2L	+	13378901	13382382
beta-Man	chr3R	+	4197205	4204572
beta-PheRS	chr3R	-	24250459	24252679
beta-Spec	chrX	+	17657371	17669371
beta3GalTII	chr2R	-	8626180	8627611
beta4GalNAcTA	chr2R	+	14259029	14261150
beta4GalNAcTB	chr3R	-	29032659	29034008
beta4GalT7	chr3R	+	25023255	25024482
betaCOP	chrX	-	18381548	18385242
betaGlu	chr3R	-	31769292	31771848
betaNACtes1	chrX	-	14171486	14172624
betaNACtes2	chrX	-	14314622	14315583
betaNACtes3	chrX	+	14378805	14379826
betaNACtes4	chrX	+	14380350	14381416
betaNACtes6	chrX	-	14316129	14317150
betaTry	chr2R	+	11346324	11347395
betaTub56D	chr2R	-	19447318	19451600
betaTub60D	chr2R	+	24305880	24313099
betaTub85D	chr3R	-	9408382	9410282
betaTub97EF	chr3R	-	27967007	27988384
betaggt-I	chr2L	+	4945578	4948324
betaggt-II	chr2L	+	2879111	2880708
bgcn	chr2R	-	23853269	23858921
bgm	chr2L	+	14013003	14019328
bi	chrX	+	4412855	4485647
bib	chr2L	+	9984644	9995538
bic	chr2R	+	12870248	12871794
bif	chrX	+	11678969	11694740
bigmax	chr3R	-	27287365	27288526
bin	chr3L	+	6990621	6994447
bin3	chr2R	+	6214567	6240602
bip1	chr3L	-	8054332	8058713
bip2	chr4	-	459886	466828
blanks	chr3L	-	5497522	5498958
blot	chr3L	-	17396030	17421514
blow	chr2R	-	7580487	7587079
blp	chr3R	+	15933846	15934940
blw	chr2R	+	22799098	22802180
bma	chr3L	+	9908119	9967298
bmm	chr3L	-	14776495	14786412
bnb	chrX	-	18794245	18797687
bnk	chr3R	+	31193361	31194389
bnl	chr3R	-	19794072	19836817
boca	chr2R	-	7565872	7566738
bocks	chr3R	-	9589467	9591002
boi	chrX	-	2444166	2470043
boil	chrX	+	4875669	4877263
bol	chr3L	-	9097628	9134405
boly	chr2R	-	8365549	8366688
bon	chr3R	+	20593138	20612540
bond	chr3R	+	22550679	22556494
bonsai	chr2R	+	22637769	22638868
bor	chr3R	-	16261354	16264115
bora	chr3L	+	18622691	18624751
borr	chr2L	-	9251471	9253118
boss	chr3R	+	25961993	25966948
botv	chr2R	+	19129588	19133706
bou	chrX	+	6986485	6987188
bowl	chr2L	+	3771699	3784121
br	chrX	+	1575131	1664869
brat	chr2L	+	19133815	19179758
brk	chrX	+	7307938	7311132
brm	chr3L	-	15970081	15982869
brn	chrX	+	4104341	4105791
brp	chr2R	+	9503764	9541565
bru1	chr2L	+	12175003	12313438
bru2	chr2L	+	12344218	12397528
bru3	chr3L	-	13521906	13803400
brun	chr2L	-	20650754	20656178
brv1	chr3L	-	19483825	19486498
brv2	chr3L	-	17342049	17344696
brv3	chrX	-	2622068	2624575
brwl	chr2L	+	9568889	9573572
bs	chr2R	+	24342860	24376473
bsf	chr2L	-	18449516	18454587
bsh	chr2L	-	19765775	19769067
bsk	chr2L	-	10247501	10250501
bt	chr4	+	724399	776474
btd	chrX	+	9694185	9697558
btl	chr3L	+	14075771	14083229
btn	chr3R	-	22586148	22586625
btsz	chr3R	-	14804091	14875488
btv	chr2L	-	17962624	17982472
btz	chr3R	+	27700360	27703445
bug	chr2R	+	15934824	15935938
bun	chr2L	-	12455539	12546611
bur	chr2L	-	21174181	21179683
bves	chrX	+	21053962	21082391
bw	chr2R	-	23527804	23538499
bwa	chr2L	+	20066390	20073719
by	chr3R	-	9528237	9533011
byn	chr3L	+	11927692	11935919
bys	chrX	+	7901879	7903643
c(2)M	chr2L	+	16303263	16305940
c(3)G	chr3R	-	15789472	15792579
c-cup	chr2L	-	1831626	1832565
c11.1	chrX	-	9275317	9283117
c12.1	chrX	-	9317914	9319223
c12.2	chrX	+	9319358	9324458
cDIP	chr3R	-	21159237	21161092
cN-IIIB	chr2R	+	24195497	24197027
ca	chr3R	+	29806810	29815047
cac	chrX	-	11931279	11985087
cact	chr2L	-	16313035	16326207
cactin	chrX	+	20424068	20426402
cad	chr2L	+	20770730	20783135
cag	chr2R	-	10893033	10894414
cal1	chr3R	+	17088279	17091938
calypso	chr2R	-	16194061	16196333
can	chr3L	-	10263908	10267111
cana	chr2L	+	11269779	11277846
caps	chr3L	+	13228691	13279642
capt	chr2L	-	1151677	1158262
capu	chr2L	-	3872645	3902860
car	chrX	+	19566018	19569401
cas	chr3R	-	5712974	5716805
casp	chr2R	-	16024627	16028161
cass	chr2L	-	17474911	17477888
cathD	chr2R	-	7815338	7823569
cato	chr2R	-	16277684	16278396
caup	chr3L	+	12609630	12621798
cav	chr3R	+	24221102	24223528
caz	chrX	+	16288809	16293520
cbc	chr2R	-	13483511	13485391
cbs	chr2R	+	13450585	13453393
cbt	chr2L	-	476445	479688
cd	chr3R	+	22694958	22697990
cdc14	chr2L	-	7801667	7810703
cdi	chr3R	-	19044881	19094270
cdm	chr3R	-	18179274	18183479
ced-6	chr2R	-	9434668	9444937
cep290	chr3L	+	843925	851080
cer	chr2R	-	19396214	19396772
cert	chr3L	-	8282527	8289870
cerv	chrX	-	15576985	15578171
cg	chr2R	+	14173692	14182838
chas	chrX	-	17672457	17698730
chb	chr3L	+	21172852	21183278
cher	chr3R	-	17091532	17125389
chic	chr2L	-	5972114	5981018
chico	chr2L	-	10242511	10247078
chif	chr2L	-	16342429	16352628
chinmo	chr2L	+	1651257	1704682
chk	chr2R	-	6699694	6715892
chm	chr2L	+	7412416	7422736
chn	chr2R	+	15115235	15144783
chp	chr3R	-	31204179	31210730
chrb	chr3L	+	11487549	11499055
ci	chr4	-	47709	57041
cib	chrX	+	4106112	4110981
cic	chr3R	+	20252769	20303942
cid	chr2R	+	13485616	13486631
cin	chrX	+	255673	258469
cindr	chr3R	+	30808616	30827005
ck	chr2L	-	15044962	15057862
ckd	chr3L	+	3257877	3268184
ckn	chr2R	+	14963291	14980795
cl	chr2L	+	5520134	5521382
clos	chr2R	-	9587952	9599732
clt	chr2R	-	21617060	21619079
clu	chr2R	+	16186583	16194277
clumsy	chr2L	+	21206492	21211818
cm	chrX	-	7009005	7011145
cmb	chr3L	+	13442593	13449245
cmet	chr2L	-	11261025	11269002
cmpy	chr3L	-	20712837	20719200
cn	chr2R	-	7782796	7785067
cnc	chr3R	-	23185579	23226711
cni	chr2L	-	16309291	16310726
cnir	chr2L	-	3038825	3039812
cnk	chr2R	-	17413969	17420007
cnn	chr2R	-	13439313	13450475
cno	chr3R	-	5170003	5217456
cocoon	chr3L	-	15472196	15474110
coil	chr2R	-	8124980	8127242
cola	chr2R	-	8363271	8365345
cold	chr2L	+	574290	575734
colt	chr2L	-	2768589	2770069
comm	chr3L	-	15721510	15728430
comm2	chr3L	-	15697593	15699850
comm3	chr3L	-	15613183	15647762
comr	chr2R	-	21864869	21866859
comt	chrX	+	13259020	13262488
cona	chr3R	+	18385827	18386887
conu	chr2R	+	4744347	4758048
conv	chr2R	+	14270728	14275495
cora	chr2R	+	19229062	19243751
corn	chr3L	-	7142990	7157073
coro	chr2R	-	6862000	6872718
corolla	chrX	-	17629790	17632047
cort	chr2L	-	6674681	6676635
corto	chr3R	-	5077778	5087072
cos	chr2R	-	7382175	7387115
cpa	chr2R	+	21057786	21059883
cpb	chr2L	+	1704901	1706962
cpo	chr3R	+	17919831	18018892
cpx	chr3R	+	4280220	4304604
crb	chr3R	+	24295077	24314541
crc	chr2L	+	21310865	21319527
crim	chr3L	-	11710506	11711386
crm	chrX	-	2734247	2738773
crn	chrX	-	2247593	2249983
croc	chr3L	-	21474132	21476479
crok	chr2L	+	12172980	12174091
crol	chr2L	-	11794326	11809438
crp	chr2L	-	16263555	16287730
crq	chr2L	-	448253	453024
cry	chr3R	+	19212153	19215442
csul	chr2R	+	16264651	16266959
csw	chrX	+	2094233	2115701
ct	chrX	+	7608427	7678859
cta	chr2L	+	22981815	22992951
ctp	chrX	+	4687799	4702034
ctrip	chr3R	-	4786283	4812096
cu	chr3R	+	11197591	11208633
cue	chr3L	-	1503225	1517271
cuff	chr2R	+	11886066	11887603
cup	chr2L	+	6663663	6674780
cutlet	chr2L	-	3707229	3711748
cv	chrX	+	5690001	5693084
cv-2	chr2R	-	21355014	21379464
cv-c	chr3R	-	14391682	14481713
cv-d	chr3R	-	15844465	15853581
cwo	chr3R	+	10388257	10400752
cyc	chr3L	-	19813769	19815938
cyp33	chr2R	+	17545221	17546400
cype	chr2L	+	5327226	5327969
cyr	chrX	-	8121279	8135713
cyst	chr2L	-	19502334	19508764
cysu	chr3R	+	17425767	17446499
d	chr2L	+	8466816	8488671
d-cup	chr3R	+	12891955	12893158
d4	chr2R	+	5259003	5295965
dUTPase	chr2L	+	11011311	11012135
da	chr2L	+	10388104	10393228
dac	chr2L	-	16466511	16485998
daed	chr2L	-	2214971	2216311
dah	chrX	+	15328341	15331002
dally	chr3L	+	8827504	8891192
dan	chr3R	+	25184382	25192806
danr	chr3R	+	25138071	25139903
dany	chr2R	-	21985625	21986938
dao	chr2L	+	15248878	15254715
dap	chr2R	+	9712320	9716256
dar1	chr3L	+	3626351	3653442
dare	chr2R	-	11290993	11293174
dati	chr4	-	375639	395605
daw	chr2L	+	2805260	2812376
dbe	chr2L	-	868672	869857
dbf	chr2L	+	10651612	10654499
dbo	chr3L	+	15826887	15832004
dbr	chr2L	+	66481	71390
dco	chr3R	-	31054084	31061210
ddbt	chr3L	+	317083	317789
dec-1	chrX	-	7867160	7873222
defl	chr3L	+	9723422	9726706
del	chr2L	-	21145136	21148546
deltaCOP	chrX	-	1859140	1861790
deltaTry	chr2R	+	11355318	11356128
dgo	chr2R	-	10816036	10819884
dgrn	chr3R	+	5824614	5826576
dgt1	chr3R	-	29854694	29857491
dgt2	chr2L	+	11989935	11990979
dgt3	chr2R	-	20992275	20994381
dgt4	chrX	+	4113700	4114929
dgt5	chr2R	-	12465677	12471775
dgt6	chr3R	-	29128583	29130972
dhd	chrX	+	5312170	5313125
dia	chr2L	+	20758143	20768053
dib	chr3L	+	4062291	4064551
didum	chr2R	+	7500146	7508625
dikar	chr3L	-	6728799	6743164
dila	chr2R	-	9823081	9827206
dimm	chr2L	+	21331755	21342155
dind	chr3R	-	18674625	18677539
disco	chrX	-	16210597	16216750
disco-r	chrX	-	16118066	16148977
disp	chr3R	-	5849696	5856311
dj	chr3R	+	7059314	7060524
dj-1beta	chr3R	+	30807116	30807978
djl	chr3R	+	7060766	7061919
dl	chr2L	-	17436829	17450364
dlg1	chrX	+	11369664	11409776
dlp	chr3L	+	14632600	14671609
dlt	chr3L	-	1789630	1795328
dmGlut	chr2L	+	12027437	12034122
dmpd	chr2R	+	10117693	10121451
dmrt11E	chrX	+	13368190	13370472
dmrt93B	chr3R	+	21074006	21076798
dmrt99B	chr3R	+	29692590	29697025
dmt	chr3R	+	9711141	9714675
dnc	chrX	+	3176439	3343767
dnd	chr3R	-	21885675	21887355
dnk	chr3R	+	18980994	18982749
dnr1	chr2R	-	22563151	22592964
dnt	chr2L	-	19338668	19363227
dob	chrX	+	15067006	15069091
dock	chr2L	+	825968	833241
dod	chrX	+	21345357	21346858
dom	chr2R	+	21323429	21341847
dome	chrX	-	19676060	19683518
dop	chr3L	+	15566012	15576313
dor	chrX	+	1665051	1668451
dos	chr3L	+	2589413	2595590
dpa	chr2R	-	7496701	7500145
dpn	chr2R	-	8228970	8232330
dpp	chr2L	+	2428371	2459823
dpr1	chr2R	+	20698482	20750442
dpr10	chr3L	-	10147453	10186108
dpr11	chr3R	-	6529168	6593330
dpr12	chr2R	+	5804711	5860831
dpr13	chr2R	-	17975121	18007902
dpr14	chrX	-	7903703	7908286
dpr15	chr3R	-	12138832	12158595
dpr16	chr3R	+	5150907	5170121
dpr17	chr3R	+	12094875	12111420
dpr18	chrX	+	16063737	16070304
dpr19	chr2L	+	10376167	10379905
dpr2	chr2L	-	10917014	10964153
dpr20	chr3L	-	852719	857248
dpr21	chr2R	+	3066498	3191011
dpr3	chr2L	-	2058789	2109878
dpr4	chr3R	-	11533482	11542949
dpr5	chr3R	+	11499983	11505951
dpr6	chr3L	+	9974650	10139360
dpr7	chr4	-	247123	253329
dpr8	chrX	+	14322225	14462351
dpr9	chr3R	-	15054929	15077206
dpy	chr2L	-	4477461	4614300
drd	chrX	+	15125752	15137311
dre4	chr3L	-	1871573	1876312
drk	chr2R	-	13495221	13502841
drl	chr2L	+	19190341	19208621
drm	chr2L	+	3539246	3548423
drongo	chr2L	-	833583	851071
drosha	chr2R	+	7932428	7936840
drpr	chr3L	-	1715594	1731107
ds	chr2L	-	640012	714983
dsb	chr3L	-	1893407	1910197
dsd	chr3R	-	27597562	27607396
dsf	chr2L	+	5925936	5939261
dsh	chrX	+	11355880	11358724
dsx	chr3R	-	7924322	7967408
dsx-c73A	chr3L	-	16422794	16451958
dtn	chrX	+	6225646	6236218
dtr	chr2L	+	21361215	21367288
dunk	chr2L	+	22151622	22152640
dup	chr2R	-	15376618	15380988
dve	chr2R	+	22243962	22286469
dwg	chrX	+	2727697	2730042
dx	chrX	+	6533998	6538575
dy	chrX	-	11769768	11778784
dyl	chr3L	-	4294003	4307718
dysc	chr3L	-	13867413	13903236
dysf	chr3R	-	26076591	26098711
dyw	chrX	-	2692731	2693886
e	chr3R	-	21229838	21237177
e(r)	chrX	-	8904143	8906248
e(y)1	chrX	+	17842160	17843348
e(y)2	chrX	-	11576117	11576620
e(y)2b	chr3R	+	7093934	7094727
e(y)3	chrX	-	19626547	19638369
eEF1alpha1	chr2R	+	11891134	11895762
eEF1alpha2	chr3R	+	31738467	31743306
eEF1beta	chr2R	+	16868221	16869280
eEF1delta	chr2L	+	10232506	10234450
eEF1gamma	chr3R	+	29220171	29222109
eEF2	chr2L	-	21677912	21682164
eEF5	chr2R	+	24057797	24059483
eEFSec	chr2R	-	21384551	21386221
eIF1	chr3L	+	3223340	3224650
eIF1A	chr3R	+	18274664	18283005
eIF2Balpha	chr3R	-	29934581	29935888
eIF2Bbeta	chrX	+	2704570	2706217
eIF2Bdelta	chr2R	+	23386520	23389052
eIF2Bepsilon	chrX	-	1920165	1922874
eIF2Bgamma	chr2R	+	15542660	15544409
eIF2D	chr3R	-	29149895	29151794
eIF2alpha	chrX	-	16445175	16446993
eIF2beta	chr3L	-	12525092	12526731
eIF2gamma	chr3R	-	15257843	15263458
eIF3a	chr3R	-	4429797	4433895
eIF3b	chr2R	+	17536212	17539142
eIF3c	chr2R	+	17665677	17669275
eIF3d1	chr3R	+	23680038	23682317
eIF3d2	chr3R	-	12192702	12195011
eIF3e	chr3L	-	16785241	16786941
eIF3f1	chr3R	-	4712881	4714182
eIF3f2	chr2R	+	6200852	6201956
eIF3g1	chrX	-	2609246	2610336
eIF3g2	chr3R	+	20408264	20409243
eIF3h	chr2L	-	5051192	5053094
eIF3i	chr2L	-	4966366	4967775
eIF3j	chr2R	+	9968928	9970897
eIF3k	chr2R	+	21685282	21686201
eIF3l	chr3L	-	12143445	12146097
eIF3m	chr2R	-	14163065	14164825
eIF4A	chr2L	+	5981763	5985909
eIF4B	chr3L	-	27842668	27858271
eIF4E1	chr3L	-	9399617	9402460
eIF4E3	chr3L	+	8229223	8230568
eIF4E4	chr3L	-	6664223	6665641
eIF4E5	chr3L	+	7894879	7896009
eIF4E6	chr3R	-	29026438	29027174
eIF4E7	chrX	-	1158598	1162389
eIF4EHP	chr3R	-	24063076	24108960
eIF4G1	chr4	-	915296	930715
eIF4G2	chr3R	-	23808284	23819237
eIF4H1	chrX	+	16448664	16454972
eIF4H2	chr3R	+	30726086	30728052
eIF5	chrX	-	15987007	15991974
eIF5B	chr3L	-	3428657	3460977
eIF6	chr2R	-	23849245	23850301
eRF1	chr3L	+	20348354	20353873
eRF3	chr2L	+	12434451	12441279
ea	chr3R	+	15328728	15330408
eag	chrX	+	14955476	15009989
ear	chr3R	+	15320755	15325279
eas	chrX	+	16278327	16285618
east	chrX	+	2010859	2024647
eater	chr3R	-	27095866	27099679
ebd1	chr3L	-	682884	685549
ebd2	chr3L	-	21344767	21349288
ebi	chr2L	+	415066	418536
ebo	chrX	-	471018	476579
ec	chrX	+	3811697	3857621
eca	chr3R	-	9684468	9685476
ecd	chr3L	-	2263580	2265857
eco	chr3L	-	7335441	7339340
ect	chr3L	-	10190275	10201837
ed	chr2L	+	4031376	4115749
edin	chr3L	+	17494879	17495300
edl	chr2R	-	18667526	18673536
eff	chr3R	-	14732413	14741319
eg	chr3L	+	21808702	21817600
egg	chr2R	-	24775533	24779901
egh	chrX	+	2588502	2599111
egl	chr2R	-	23734903	23746829
egr	chr2R	+	10078365	10084210
elB	chr2L	-	14390627	14409549
elav	chrX	-	509234	523226
elfless	chr2L	-	18009642	18011475
elg1	chr3L	+	16132027	16136691
elgi	chr3L	+	15956549	15958433
elm	chr3R	-	5652639	5654861
eloF	chr3R	+	9814160	9815158
ema	chr3R	-	16436879	16441661
emb	chr2L	+	8403572	8408853
emc	chr3L	+	749399	753492
emp	chr2R	-	24976455	24986070
ems	chr3R	+	13901852	13904620
en	chr2R	-	11524005	11528210
ena	chr2R	+	19141631	19163705
enc	chr3L	+	3818678	3842326
endos	chr3L	-	14029578	14031706
enok	chr2R	+	24099209	24107032
ens	chr3L	-	4122906	4134550
epsilonCOP	chr2L	+	6489089	6490194
epsilonTry	chr2R	-	11345236	11346066
ergic53	chr3L	+	8534976	8538013
erm	chr2L	-	1950238	1970362
esc	chr2L	-	11827203	11829405
escl	chr2L	+	11990926	11992848
esg	chr2L	+	15333865	15336138
esn	chr2R	+	7086315	7127868
et	chrX	-	19672311	19675891
etaTry	chr2R	-	11340512	11341423
euc	chr3R	-	18978272	18978809
eve	chr2R	+	9979318	9980795
ewg	chrX	-	268508	279718
ex	chr2L	+	431226	448701
exd	chrX	+	15992467	15996509
exex	chr3L	+	7948185	7951563
exp	chr2R	+	11939556	11967435
exu	chr2R	-	20667426	20671083
ey	chr4	+	697688	721173
eya	chr2L	-	6527446	6546976
eyg	chr3L	-	12462536	12468021
eys	chr2L	+	2311679	2358944
f	chrX	+	17232941	17280964
f-cup	chr3R	-	13695262	13700838
fa2h	chr2R	-	7446188	7451553
fab1	chr2R	-	17773963	17781930
fabp	chr3R	-	11559895	11567054
faf	chr3R	+	31777019	31790681
fal	chr3L	+	19294563	19298830
fan	chr3L	+	8109131	8110043
fand	chr2R	+	13593643	13596557
fat-spondin	chr2R	+	17054001	17059299
fau	chr3R	-	10773196	10777374
fax	chr3L	-	16402795	16411828
fbl	chr3L	+	20384428	20391913
fbp	chr2L	-	19761586	19764136
fd102C	chr4	-	836985	844529
fd19B	chrX	-	20091427	20092408
fd3F	chrX	+	3802315	3811040
fd59A	chr2R	+	22868158	22870706
fd96Ca	chr3R	+	25082683	25084878
fd96Cb	chr3R	+	25095011	25096099
fdl	chr2R	-	12487450	12507333
fend	chrX	-	9121972	9135099
feo	chrX	-	10852445	10854869
fest	chr2R	+	19341808	19345754
fh	chrX	-	9148079	9149071
fid	chr3R	+	25970079	25982736
fidipidine	chr2R	-	16262283	16264619
fig	chr3R	-	29779272	29780452
fipi	chr2L	-	4734591	4794044
firl	chr2L	-	12063456	12066775
fit	chr3R	-	21883923	21884454
fiz	chrX	-	14906333	14909708
fj	chr2R	+	18232760	18236311
fkh	chr3R	-	28580975	28585264
fl(2)d	chr2R	-	13819623	13824553
flfl	chr3R	+	13683920	13693905
fliI	chrX	+	21339740	21345088
fln	chr3L	-	19989550	19991220
flr	chr3L	+	13412842	13416453
flw	chrX	+	10385959	10409817
flz	chr2R	-	8969345	8985900
fmt	chr3L	-	6164915	6173880
fne	chrX	+	12917476	12950417
fng	chr3L	-	20925890	20949512
fog	chrX	-	22824316	22855194
foi	chr3L	+	8525243	8534503
fok	chr2L	-	20079269	20085070
fon	chr2L	-	19383137	19386205
for	chr2L	-	3622073	3656953
form3	chr3L	+	7094817	7123297
foxo	chr3R	+	14056944	14087978
fra	chr2R	+	12529052	12564184
frac	chr3L	+	7562609	7569499
fray	chr3R	+	18573090	18589459
frc	chr3L	-	17428935	17433190
fred	chr2L	-	3902927	3991713
frj	chr2L	+	6456051	6459008
frm	chr3L	-	5538410	5551159
frma	chrX	-	5493013	5496052
frtz	chr2L	-	1711301	1715851
fru	chr3R	-	18414272	18545586
fry	chr3L	-	9631833	9679103
fs(1)K10	chrX	+	2242137	2246041
fs(1)M3	chrX	-	5958206	5964247
fs(1)N	chrX	+	1322512	1329438
fs(1)Ya	chrX	+	2724285	2726577
fs(1)Yb	chrX	+	2720467	2724158
fs(1)h	chrX	-	8037807	8061436
fs(2)ltoPP43	chr2L	-	19792772	19795851
fsd	chr2R	+	13230582	13231663
ft	chr2L	-	4198403	4221796
ftz	chr3R	+	6864323	6866244
ftz-f1	chr3L	-	18750606	18801309
fu	chrX	+	18657754	18661204
fus	chr2R	-	15657317	15676669
fusl	chr2L	-	5330469	5338073
fuss	chr4	-	962340	978489
futsch	chrX	+	1409068	1453686
fw	chrX	-	11992914	12003914
fwd	chr3L	-	305392	319884
fwe	chr3L	-	15810080	15816410
fws	chr2L	-	17478441	17481029
fy	chr2L	-	8401475	8403280
fz	chr3L	+	14274342	14368639
fz2	chr3L	-	19140974	19235373
fz3	chrX	+	769944	784222
fz4	chrX	-	7106271	7110321
fzo	chr3R	-	23201643	23204034
fzr	chrX	-	4667289	4679537
fzr2	chr2R	+	23950646	23952096
fzy	chr2L	+	16310955	16313097
g	chrX	-	13727203	13736278
galectin	chr2L	+	71756	76211
galene	chr3L	+	1235725	1242025
galla-1	chr2R	+	20670635	20673495
galla-2	chr3L	+	10882889	10883573
gammaCOP	chr3R	+	31572142	31575707
gammaSnap1	chr2R	-	24047144	24048903
gammaSnap2	chr3R	-	10120398	10121400
gammaTry	chr2R	-	11349060	11349870
gammaTub23C	chr2L	+	2972890	2974858
gammaTub37C	chr2L	-	19183862	19185726
garz	chr2R	+	12326359	12333860
gas	chr2R	+	22550093	22552113
gb	chr3R	-	27108466	27112270
gbb	chr2R	+	23851561	23853247
gce	chrX	+	15297765	15319074
gcl	chr2R	+	8724257	8728999
gcm	chr2L	-	9579497	9581745
gcm2	chr2L	+	9608561	9612706
gd	chrX	-	11985153	11987764
gdl	chr3L	+	15509444	15511047
gdl-ORF39	chr3L	+	15509444	15510837
gek	chr2R	-	24092078	24098636
geko	chr3L	+	18139401	18145418
gem	chr2R	+	10124292	10137472
geminin	chr2R	-	6655462	6656594
gfzf	chr3R	-	7145879	7150968
ghi	chr3L	+	9451875	9452790
gig	chr3L	+	20129180	20139010
gish	chr3R	+	16272451	16304768
gkt	chr2L	+	3159949	3162399
gl	chr3R	-	18367926	18372738
glec	chr3R	-	21850693	21856266
glo	chr3R	-	11815205	11819339
glob1	chr3R	-	15896925	15904643
glob2	chr3R	-	6605996	6608914
glob3	chr3R	+	5830061	5831785
glu	chr2L	-	16733616	16738388
gnu	chr3L	-	14802379	14803360
gny	chr2L	+	10380102	10382864
goddard	chr3L	+	14691346	14691962
goe	chrX	-	16727303	16751910
gogo	chr3L	-	20268858	20295133
gol	chr2R	-	25072626	25084347
gom	chr2R	+	22139934	22141364
gpp	chr3R	+	6406854	6449274
gprs	chr2R	+	16641242	16651125
grass	chr3R	+	27157947	27159781
grau	chr2R	-	21009763	21011921
grh	chr2R	+	17801131	17842820
grim	chr3L	-	18302718	18304417
grk	chr2L	-	8431085	8433598
grn	chr3R	-	8147367	8181444
grnd	chr2L	+	18485416	18488021
gro	chr3R	+	26041735	26049911
grp	chr2L	+	16680053	16699926
grsm	chr3R	-	12950041	12967712
gry	chr3L	+	3199089	3211348
gsb	chr2R	+	25061963	25064643
gsb-n	chr2R	-	25040382	25052331
gskt	chr3R	+	31372426	31374198
gt	chrX	-	2427112	2428967
gudu	chr2L	+	7388507	7390902
gukh	chr3R	+	18984024	19022436
gus	chr2R	-	5116989	5128321
gw	chr4	-	649040	660608
gwl	chr3R	+	18746369	18750360
gzl	chr3R	+	6382913	6388304
h	chr3L	+	8675758	8679253
h-cup	chr3R	-	15381406	15382951
haf	chr2L	+	1555128	1609389
hale	chr3L	-	19984425	19985868
halo	chr2L	-	1517532	1518148
ham	chr2L	-	18762873	18792906
hang	chrX	+	16422830	16438454
hay	chr3L	+	10631078	10633969
hb	chr3R	-	8690979	8697822
hbn	chr2R	-	20954667	20960909
hbs	chr2R	+	15011395	15042134
hd	chr3R	-	5372591	5374962
hdc	chr3R	+	30277931	30372382
hdly	chr3R	+	20914295	20929213
hdm	chrX	-	7918516	7920131
hebe	chr2R	-	9828103	9836642
hec	chrX	-	12950435	12957462
heix	chr2L	-	16296050	16299858
hemo	chr3R	-	18564263	18565173
hep	chrX	-	13079204	13090434
heph	chr3R	-	31846986	32015520
her	chr2L	+	16677184	16679691
hfp	chr3L	-	1496852	1502590
hfw	chrX	+	1669569	1673608
hgo	chr2L	+	11136392	11138565
hh	chr3R	-	23128168	23141906
hid	chr3L	-	18167744	18185641
hig	chr2R	-	9227784	9247249
hiro	chr3L	-	685941	687958
hiw	chrX	-	15010136	15063429
hkb	chr3R	-	4345014	4346646
hll	chr2L	+	14027000	14029368
hmw	chr3R	+	18361993	18364277
hng1	chr2R	+	21168929	21170010
hng2	chr3R	+	8806321	8807581
hng3	chr3L	-	737679	755489
hob	chr3L	-	3210991	3218920
hoe1	chr2L	-	4908580	4932384
hoe2	chr2L	-	4933046	4936450
hog	chrX	-	14718272	14718942
hoip	chr2L	+	9699790	9700459
holn1	chr2L	+	10435994	10437316
homer	chr2L	-	6719393	6723359
hook	chr2L	-	19030843	19033498
hop	chrX	-	11360929	11368098
how	chr3R	+	22042190	22079321
hpRNA:1	chr3R	-	19920707	19920862
hpRNA:CR18854	chr2L	-	9787293	9790745
hpRNA:CR32205	chr3L	-	19420389	19424183
hpRNA:CR32207	chr3L	-	19477328	19478720
hpRNA:CR33940	chr3L	-	19486744	19488439
hpRNA:CR46340	chr3L	-	21576459	21576661
hpRNA:CR46342	chrX	-	4921676	4928133
hpRNA:CR46343	chr3R	-	19326953	19327168
hpo	chr2R	-	19493995	19496856
hppy	chr2R	+	19178737	19227193
hrg	chr2R	-	19663918	19669832
hrm	chr2R	-	5640914	5652815
hth	chr3R	-	10507560	10639568
htk	chrX	+	18843662	18855858
htl	chr3R	-	18045215	18052984
hts	chr2R	-	19397031	19424903
htt	chr3R	+	28696241	28734816
hubl	chr2R	-	8359465	8362156
hui	chr2R	+	14808418	14809931
hwt	chrX	-	12516633	12568452
hyd	chr3R	-	9714622	9725615
hydra	chrX	-	20670831	20677063
hyx	chr3R	+	9038759	9042349
hzg	chr3L	-	15992668	16004736
iPLA2-VIA	chr3L	-	9860216	9864349
iav	chrX	+	6813977	6818156
ich	chr3R	-	8950245	8963037
icln	chr2R	+	17590963	17591881
ics	chr2L	-	13639446	13642602
ida	chr3L	+	3905343	3907813
if	chrX	-	16752188	16783434
ifc	chr2L	+	5986347	5988854
igl	chr2R	+	15155436	15190292
ihog	chr2L	-	6945463	6948808
imd	chr2R	-	18409795	18413599
in	chr3L	+	20367197	20370259
inaC	chr2R	+	16898534	16901575
inaD	chr2R	-	22855687	22858794
inaE	chrX	+	13783713	13811493
inaF-A	chrX	-	11726389	11733895
inaF-B	chrX	-	11724667	11732770
inaF-C	chrX	-	11726389	11731765
inaF-D	chrX	-	11724667	11729099
inc	chrX	+	1483478	1517615
ind	chr3L	-	15042798	15043924
ine	chr2L	-	4467999	4477022
insb	chr2R	-	17475213	17476272
insc	chr2R	-	20821261	20836028
insv	chr2L	-	2575279	2576997
intr	chr3R	+	28790521	28791461
inv	chr2R	+	11474464	11509695
iotaTry	chr2R	+	11356719	11357537
isoQC	chr3L	+	20474465	20477003
isopeptidase-T-3	chr2R	+	19670617	19673477
ix	chr2R	-	11359436	11360163
jagn	chr3R	+	5779314	5781308
janA	chr3R	-	30038621	30039533
janB	chr3R	-	30037983	30038728
jar	chr3R	-	24252825	24271233
jb	chrX	-	20390095	20390806
jbug	chr2R	-	22717320	22740459
jdp	chr3R	-	30517058	30527037
jeb	chr2R	-	12085193	12119340
jef	chr2R	-	14739358	14745335
jet	chr2L	-	4948205	4949784
jhamt	chr2L	+	16365902	16367039
jigr1	chr3R	+	25637842	25651874
jim	chr3L	-	22789232	22835194
jing	chr2R	+	6502005	6621792
jnj	chr3R	-	24189049	24193423
jp	chr2L	-	9547719	9566750
jtb	chr2R	+	16432243	16433183
jub	chrX	-	13826040	13830317
jumu	chr3R	+	10350181	10361612
jus	chr3R	-	29171190	29194994
jv	chr3L	-	6563196	6589479
jvl	chr3R	+	14741581	14795868
kappaB-Ras	chr2R	-	7443823	7445792
kappaTry	chr2R	-	11337796	11338733
kar	chr3R	-	12682185	12689367
karr	chrX	-	20110109	20110575
kat-60L1	chr3R	+	5781761	5787465
kat80	chrX	-	16267006	16276180
kay	chr3R	+	29765994	29794113
kcc	chr2R	+	23907653	23925066
kdn	chrX	+	6350628	6361323
kek1	chr2L	-	12816999	12822787
kek2	chr2L	+	11581936	11626883
kek3	chr2L	+	15552722	15583978
kek4	chr2L	-	13212334	13215350
kek5	chrX	+	19353180	19471914
kek6	chr3R	+	31622135	31664646
kel	chr2L	-	18129883	18138083
ken	chr2R	+	23870272	23877442
kermit	chr2R	-	8146917	8156654
key	chr2R	-	24785513	24787411
kibra	chr3R	-	14697688	14724261
kin17	chr3L	+	20356806	20358331
kirre	chrX	+	2740383	3134532
kis	chr2L	-	210734	250823
kkv	chr3R	-	5378092	5392866
kl-2	chrY	+	573087	664173
kl-3	chrY	+	336380	563165
kl-5	chrY	-	22249	137486
klar	chr3L	-	434082	540614
klg	chr3R	+	22899283	22961731
klu	chr3L	-	10981170	11009188
kmg	chr2L	+	13160526	13163153
kmr	chr3R	+	13715206	13764667
kn	chr2R	-	14772649	14807061
kni	chr3L	-	20692329	20695378
knk	chr3R	-	10122364	10125664
knon	chr2R	-	16496888	16499429
knrl	chr3L	-	20597140	20620659
ko	chr3L	-	21075580	21131159
koi	chr2R	+	6811018	6818199
koko	chr3R	+	18403025	18404726
kon	chr2L	-	18487746	18503978
kra	chr3R	-	5595363	5601136
kraken	chr2L	+	852767	854539
kri	chr3L	+	5810972	5812228
krimp	chr2R	-	16238102	16240722
krz	chr3R	-	32045313	32051993
ksh	chrX	-	19494419	19494992
ksr	chr3R	-	5478389	5483906
kst	chr3L	+	3336859	3368133
kto	chr3L	+	19836613	19844944
ktub	chr2R	+	21101927	21123704
kud	chr3L	-	16844567	16844991
kug	chr3L	+	20005300	20024607
kuk	chr3R	+	17080243	17084781
kune	chr2R	+	5671740	5672800
kuz	chr2L	+	13550138	13639411
kz	chrX	-	2237857	2242035
l(1)10Bb	chrX	-	11324293	11325308
l(1)G0004	chrX	+	20391446	20392401
l(1)G0007	chrX	+	14201361	14224732
l(1)G0020	chrX	-	8716712	8720277
l(1)G0193	chrX	-	7941477	7946908
l(1)G0196	chrX	+	22487179	22508129
l(1)G0289	chrX	-	10348679	10366273
l(1)G0320	chrX	-	9551139	9553750
l(1)G0469	chrX	-	14203960	14211457
l(1)sc	chrX	+	409720	410817
l(2)01289	chr2R	-	6721100	6740672
l(2)03659	chr2R	+	9390164	9395281
l(2)05287	chr2L	-	21094965	21102429
l(2)05714	chr2L	-	4970134	4973921
l(2)09851	chr2R	+	5754516	5756327
l(2)10685	chr2L	+	1147821	1149449
l(2)34Fc	chr2L	-	14349019	14351513
l(2)34Fd	chr2L	-	14352593	14355085
l(2)35Be	chr2L	-	15006582	15007431
l(2)37Bb	chr2L	-	19049842	19051612
l(2)37Cb	chr2L	-	19123997	19126976
l(2)37Cc	chr2L	-	19121344	19123869
l(2)37Cd	chr2L	+	19127259	19129326
l(2)37Cg	chr2L	-	19133022	19135233
l(2)41Ab	chr2R	+	1349391	1443935
l(2)SH0834	chr2L	-	10311049	10312099
l(2)dtl	chr2R	+	23702476	23705403
l(2)efl	chr2R	-	23684650	23685543
l(2)gd1	chr2L	+	11106942	11110851
l(2)gl	chr2L	-	9838	21376
l(2)k01209	chr2R	+	17420406	17425679
l(2)k05819	chr2L	+	4394195	4400487
l(2)k05911	chr2L	+	13251508	13257426
l(2)k09022	chr2L	+	6854141	6860849
l(2)k09848	chr2R	-	6074470	6076367
l(2)k09913	chr2R	+	23067195	23071875
l(2)k10201	chr2R	+	9399079	9399899
l(2)k14505	chr2L	+	21261167	21262411
l(3)02640	chr3L	+	1334888	1339415
l(3)04053	chr3L	-	22738601	22741388
l(3)05822	chr3R	-	18288865	18298879
l(3)07882	chr3R	-	17535532	17539963
l(3)72Ab	chr3L	-	15960835	15967872
l(3)72Dn	chr3L	-	16226125	16228737
l(3)72Dp	chr3L	+	16234139	16236999
l(3)72Dr	chr3L	+	16237722	16239462
l(3)73Ah	chr3L	+	16588474	16590132
l(3)76BDm	chr3L	-	19613426	19618521
l(3)77CDf	chr3L	-	20522439	20526174
l(3)80Fg	chr3L	-	25798440	26014112
l(3)80Fj	chr3L	-	27967243	28012599
l(3)87Df	chr3R	+	13030912	13031598
l(3)L1231	chr3R	-	14642671	14655716
l(3)mbn	chr3L	-	6123933	6128807
l(3)mbt	chr3R	-	27266325	27273273
l(3)neo38	chr3R	-	11765037	11779128
l(3)neo43	chr3R	-	15277980	15278668
l(3)psg2	chr3L	+	5583668	5590390
lab	chr3R	-	6661426	6678590
lace	chr2L	+	15499126	15505018
laf	chr3R	-	4876004	4878533
lama	chr3L	-	5343618	5355923
lambdaTry	chr2R	+	11336839	11337791
lap	chr3R	+	7186993	7200941
lark	chr3L	+	7339265	7341893
larp	chr3R	-	28318161	28336440
lawc	chrX	-	8408007	8411658
laza	chr3L	-	22458815	22461131
lbe	chr3R	-	21441576	21446537
lbk	chr2R	+	16150122	16169519
lbl	chr3R	-	21409978	21434133
lbm	chr2R	+	7049237	7051964
lcs	chrX	-	21396726	21397316
ldbr	chr3L	+	8121826	8123615
lds	chr3R	+	7920430	7924491
lectin-21Ca	chr2L	+	624616	625556
lectin-21Cb	chr2L	-	620297	621201
lectin-22C	chr2L	-	2036408	2037265
lectin-24A	chr2L	-	3716799	3717773
lectin-24Db	chr2L	+	4188122	4189284
lectin-28C	chr2L	+	7857076	7860120
lectin-29Ca	chr2L	-	8393488	8394280
lectin-30A	chr2L	-	9254075	9254854
lectin-33A	chr2L	+	11002071	11002738
lectin-37Da	chr2L	+	19418316	19419029
lectin-37Db	chr2L	+	19419074	19419767
lectin-46Ca	chr2R	+	9817299	9818535
lectin-46Cb	chr2R	+	9815509	9816600
levy	chr2R	+	23548238	23548982
lft	chr2L	+	10364470	10366410
lgs	chr4	-	436956	443911
lic	chrX	+	13091144	13093986
lid	chr2L	-	5989399	5999501
lig	chr2R	+	8067976	8078815
lili	chr3R	-	24805444	24814012
lilli	chr2L	+	2885928	2954406
lin	chr2R	+	8914523	8918234
lin-28	chr3L	+	5654680	5657384
lin-52	chrX	-	5753389	5754958
link	chr2R	+	13555948	13557342
lmd	chr3R	-	23021221	23026713
lmgA	chr2L	-	8524998	8528618
lmgB	chr2L	-	8524998	8528618
lms	chr2R	+	20556876	20559953
lncRNA:CR13130	chr2L	-	9983670	9984743
lncRNA:CR14310	chr3R	+	18372927	18373329
lncRNA:CR15061	chrX	+	18292379	18293059
lncRNA:CR30009	chr2R	-	10261314	10263827
lncRNA:CR30055	chr2R	+	12589238	12591395
lncRNA:CR30121	chr2R	-	18739130	18741658
lncRNA:CR31044	chr3R	+	29214561	29219667
lncRNA:CR31386	chr3R	-	11269414	11305608
lncRNA:CR31451	chr3R	+	23983502	23985065
lncRNA:CR31526	chr3R	+	4533247	4533940
lncRNA:CR31647	chr2L	-	5435581	5439277
lncRNA:CR31781	chr2L	+	16869345	16878300
lncRNA:CR31840	chr2L	-	14023721	14024099
lncRNA:CR32027	chr3L	+	18841578	18842786
lncRNA:CR32111	chr3L	+	12627933	12648280
lncRNA:CR32160	chr3L	+	16308939	16311318
lncRNA:CR32194	chr3L	-	18085304	18087058
lncRNA:CR32218	chr3L	-	19895215	19896391
lncRNA:CR32385	chr3L	+	6976321	6979222
lncRNA:CR32553	chrX	-	18124574	18127027
lncRNA:CR32582	chrX	+	15835600	15836923
lncRNA:CR32636	chrX	+	13332373	13333857
lncRNA:CR32652	chrX	-	12411017	12412181
lncRNA:CR32657	chrX	+	12087210	12087695
lncRNA:CR32658	chrX	+	12091263	12092272
lncRNA:CR32660	chrX	-	11920003	11920574
lncRNA:CR32661	chrX	-	11917805	11918678
lncRNA:CR32690	chrX	+	10204399	10205289
lncRNA:CR32730	chrX	-	7145599	7149850
lncRNA:CR32773	chrX	-	4387675	4611385
lncRNA:CR32835	chr2R	-	22951147	22953800
lncRNA:CR33218	chrX	+	2330158	2330826
lncRNA:CR33938	chr3R	-	6699559	6700164
lncRNA:CR33942	chr2R	+	18711390	18711951
lncRNA:CR33948	chr3L	+	7406322	7406617
lncRNA:CR33963	chrX	+	12659461	12660632
lncRNA:CR33987	chr2L	+	22019207	22020254
lncRNA:CR34006	chr3R	-	27216303	27218184
lncRNA:CR34024	chr3R	+	25931400	25932016
lncRNA:CR34044	chr3R	-	13712468	13714204
lncRNA:CR34046	chr3R	+	31709274	31709788
lncRNA:CR34047	chr3L	-	5098375	5099795
lncRNA:CR34052	chrX	-	2321757	2322264
lncRNA:CR34335	chrX	-	3545749	3546110
lncRNA:CR40053	chr3L	-	24009930	24011363
lncRNA:CR40172	chr2L	-	20248927	20249722
lncRNA:CR40341	chr2L	+	20248038	20248872
lncRNA:CR40465	chr2L	-	20253815	20254449
lncRNA:CR40469	chrX	+	122492	122706
lncRNA:CR40629	chrY	+	1122987	1123872
lncRNA:CR41257	chr2R	-	1070656	1071319
lncRNA:CR41352	chrX	+	22917104	22917498
lncRNA:CR41443	chr2R	+	5253944	5255295
lncRNA:CR41601	chr3R	-	4137893	4138652
lncRNA:CR42491	chrX	-	762614	763810
lncRNA:CR42549	chr3R	-	9548103	9551806
lncRNA:CR42646	chr2R	+	5363252	5367357
lncRNA:CR42651	chr3R	-	6808795	6816379
lncRNA:CR42657	chrX	+	9688188	9689295
lncRNA:CR42696	chr2L	+	21326659	21327114
lncRNA:CR42715	chr2R	+	14639360	14639762
lncRNA:CR42719	chr3L	-	615626	616646
lncRNA:CR42721	chr3R	+	6767049	6779728
lncRNA:CR42736	chr2R	+	18377486	18378196
lncRNA:CR42746	chr2L	+	12543175	12544343
lncRNA:CR42755	chr3L	-	11382807	11384258
lncRNA:CR42756	chr3R	-	13438586	13439209
lncRNA:CR42765	chr3R	-	26324498	26325294
lncRNA:CR42767	chrX	-	9557538	9558466
lncRNA:CR42790	chr3R	+	26784337	26785753
lncRNA:CR42791	chr2L	+	15863199	15863663
lncRNA:CR42794	chrX	+	5697122	5697660
lncRNA:CR42836	chr3R	-	20139147	20139921
lncRNA:CR42839	chr3R	-	16004320	16008073
lncRNA:CR42844	chr2L	-	9304436	9305007
lncRNA:CR42850	chr2L	-	5379094	5381074
lncRNA:CR42858	chr3R	-	9824084	9824864
lncRNA:CR42859	chr2L	+	2245229	2247383
lncRNA:CR42861	chrX	+	13744927	13745476
lncRNA:CR42862	chr3L	+	224105	230964
lncRNA:CR42868	chr2R	+	22666358	22666764
lncRNA:CR42874	chr2L	+	1989449	1990894
lncRNA:CR43053	chr2L	-	16944722	16945374
lncRNA:CR43097	chr2L	-	19910647	19911811
lncRNA:CR43104	chr2R	-	16736812	16737885
lncRNA:CR43126	chr3R	+	28586047	28591386
lncRNA:CR43130	chr3R	+	8819617	8821098
lncRNA:CR43132	chrX	+	15689489	15691146
lncRNA:CR43144	chr2L	+	21657624	21658249
lncRNA:CR43146	chr3L	+	13282392	13283410
lncRNA:CR43148	chr2L	+	21624678	21626190
lncRNA:CR43150	chr3L	+	70850	71396
lncRNA:CR43151	chr3L	-	157817	158211
lncRNA:CR43157	chrX	-	11919124	11919657
lncRNA:CR43166	chr3R	-	24825790	24826471
lncRNA:CR43174	chr3L	+	17934031	17946114
lncRNA:CR43193	chrX	+	20864812	20865731
lncRNA:CR43196	chr3R	-	17382128	17382767
lncRNA:CR43199	chrX	+	7450382	7452199
lncRNA:CR43234	chr2L	-	20476710	20478920
lncRNA:CR43238	chr3R	-	30746684	30747172
lncRNA:CR43239	chr2L	-	17353729	17354668
lncRNA:CR43241	chr2L	+	22131220	22132435
lncRNA:CR43242	chr2L	+	23069004	23070724
lncRNA:CR43247	chr3L	+	15332245	15332877
lncRNA:CR43250	chr3L	-	17033118	17033676
lncRNA:CR43252	chr3R	-	6903441	6904682
lncRNA:CR43253	chr3L	-	18081120	18085310
lncRNA:CR43256	chr2R	+	5127248	5129296
lncRNA:CR43258	chr3R	+	19329735	19330836
lncRNA:CR43260	chrX	-	19484857	19485423
lncRNA:CR43262	chr2L	+	8242054	8242435
lncRNA:CR43263	chr2L	-	1216853	1217785
lncRNA:CR43264	chrX	-	5831897	5832215
lncRNA:CR43266	chr2L	-	22840516	22843668
lncRNA:CR43270	chr3L	-	22665299	22669528
lncRNA:CR43274	chr2L	-	17918551	17919131
lncRNA:CR43278	chrX	-	7488952	7493276
lncRNA:CR43279	chrX	+	7494543	7495497
lncRNA:CR43280	chr3L	+	18440729	18441871
lncRNA:CR43282	chr3R	-	19920596	19921310
lncRNA:CR43285	chr3R	-	23825351	23825907
lncRNA:CR43287	chrX	+	7707774	7708587
lncRNA:CR43289	chrX	+	18621497	18621877
lncRNA:CR43297	chrX	+	8724673	8725901
lncRNA:CR43298	chrX	-	4001209	4001607
lncRNA:CR43300	chr3R	+	13827967	13828427
lncRNA:CR43301	chr3R	-	9338222	9339992
lncRNA:CR43302	chr3R	-	8197319	8197711
lncRNA:CR43303	chr3R	+	8201479	8201994
lncRNA:CR43304	chr2L	+	17541853	17542383
lncRNA:CR43306	chr3L	+	18294603	18295800
lncRNA:CR43314	chr2L	-	11952199	11971094
lncRNA:CR43334	chr3L	+	628434	643900
lncRNA:CR43353	chr2L	-	18308087	18308684
lncRNA:CR43356	chr2L	-	12174089	12174638
lncRNA:CR43357	chr2L	+	15202258	15203967
lncRNA:CR43358	chr2L	-	18293732	18294056
lncRNA:CR43363	chr2L	-	19517991	19518632
lncRNA:CR43372	chr3R	-	21530986	21532986
lncRNA:CR43387	chr3R	+	23390143	23390566
lncRNA:CR43399	chr2R	+	19144545	19145351
lncRNA:CR43404	chr2L	+	9364296	9364991
lncRNA:CR43406	chr2L	+	18251380	18252697
lncRNA:CR43408	chr2L	+	18256530	18257174
lncRNA:CR43409	chr2L	-	11290631	11291077
lncRNA:CR43410	chr2L	-	13632675	13633166
lncRNA:CR43411	chr2L	+	14613257	14613621
lncRNA:CR43412	chr2L	+	15989755	15989957
lncRNA:CR43414	chr2L	-	20296642	20297299
lncRNA:CR43415	chr2R	-	16078194	16078819
lncRNA:CR43416	chr2R	+	16357736	16358481
lncRNA:CR43417	chr2R	-	16817518	16819240
lncRNA:CR43418	chr2R	+	18814937	18815641
lncRNA:CR43419	chr2L	+	17792411	17793694
lncRNA:CR43420	chr2L	+	17893811	17894734
lncRNA:CR43421	chr2R	-	19939881	19940544
lncRNA:CR43422	chr2R	+	22291716	22292395
lncRNA:CR43423	chr3L	-	637485	638568
lncRNA:CR43424	chr3R	-	4984497	4986120
lncRNA:CR43431	chr3L	-	12648906	12653090
lncRNA:CR43432	chr3L	-	14976625	14977631
lncRNA:CR43434	chr3R	+	26428589	26429173
lncRNA:CR43435	chr3R	-	6778116	6778952
lncRNA:CR43436	chr3R	-	31767123	31767790
lncRNA:CR43437	chr4	+	426066	426601
lncRNA:CR43440	chr3R	+	28593487	28594283
lncRNA:CR43451	chr3R	+	19288356	19289296
lncRNA:CR43452	chr3R	+	20678182	20679079
lncRNA:CR43453	chr3R	+	21465700	21466492
lncRNA:CR43455	chr3R	+	24439866	24440469
lncRNA:CR43456	chr3R	-	25501826	25502577
lncRNA:CR43457	chr3R	+	25502784	25503221
lncRNA:CR43458	chr3R	+	31132329	31133050
lncRNA:CR43459	chr3R	+	10093760	10101356
lncRNA:CR43461	chrX	+	6732716	6735917
lncRNA:CR43475	chr3R	+	22628796	22629299
lncRNA:CR43484	chr3L	+	3688785	3689409
lncRNA:CR43485	chr3L	-	3693751	3694227
lncRNA:CR43486	chr3R	-	6126475	6127152
lncRNA:CR43487	chr3R	-	6127228	6127955
lncRNA:CR43488	chr3R	-	19743788	19744477
lncRNA:CR43489	chr3R	-	17286241	17287238
lncRNA:CR43490	chr3R	+	17287787	17288818
lncRNA:CR43491	chrX	-	17378375	17379004
lncRNA:CR43492	chrX	-	18586222	18587219
lncRNA:CR43493	chrX	-	22487853	22490872
lncRNA:CR43494	chrX	-	2750918	2751416
lncRNA:CR43495	chrX	-	4873999	4874382
lncRNA:CR43496	chrX	-	6758609	6759491
lncRNA:CR43498	chrX	-	9727922	9728488
lncRNA:CR43604	chr2L	+	8485724	8485925
lncRNA:CR43605	chr2R	+	10760777	10761668
lncRNA:CR43606	chr2L	-	20316004	20317623
lncRNA:CR43607	chr2L	-	20437263	20438701
lncRNA:CR43608	chr2L	-	20607042	20607847
lncRNA:CR43611	chr2R	+	6707305	6708960
lncRNA:CR43612	chr3L	+	12541709	12542953
lncRNA:CR43613	chr3R	+	29534635	29535354
lncRNA:CR43617	chr3R	+	16892409	16897861
lncRNA:CR43620	chr2L	+	19978828	19979723
lncRNA:CR43621	chr2L	-	9584669	9586044
lncRNA:CR43622	chr2R	-	15049774	15050355
lncRNA:CR43624	chr3L	+	11898604	11900431
lncRNA:CR43625	chr3L	+	15437200	15437713
lncRNA:CR43626	chr3L	+	3249339	3254504
lncRNA:CR43627	chr3L	-	4929294	4931138
lncRNA:CR43631	chr3R	-	25791641	25792384
lncRNA:CR43632	chr3R	-	25792599	25793303
lncRNA:CR43633	chr3R	-	25794065	25794421
lncRNA:CR43634	chr3R	+	25794847	25795186
lncRNA:CR43635	chr3R	-	5045206	5045948
lncRNA:CR43639	chr2L	+	14291200	14291817
lncRNA:CR43640	chr2L	-	14293274	14295394
lncRNA:CR43641	chr3R	+	13815278	13815778
lncRNA:CR43642	chr3R	+	13816230	13817127
lncRNA:CR43643	chr3R	-	26018026	26019309
lncRNA:CR43644	chr3R	-	26020478	26021076
lncRNA:CR43648	chr2L	+	605913	606412
lncRNA:CR43649	chr2L	-	608339	609134
lncRNA:CR43650	chr2R	+	16829094	16839494
lncRNA:CR43651	chr2R	+	9552843	9553940
lncRNA:CR43652	chr3L	-	13081298	13082652
lncRNA:CR43653	chr3R	+	21592349	21594852
lncRNA:CR43654	chr3R	-	22777566	22781465
lncRNA:CR43655	chr3R	-	22964037	22964630
lncRNA:CR43656	chrX	-	22870266	22872158
lncRNA:CR43660	chr2R	-	17253155	17255104
lncRNA:CR43661	chr2R	-	17306758	17307302
lncRNA:CR43681	chr2L	-	11387869	11392320
lncRNA:CR43682	chr2L	+	15277796	15279497
lncRNA:CR43684	chr3L	-	15062206	15062622
lncRNA:CR43685	chr3R	-	7092346	7093707
lncRNA:CR43686	chrX	-	18369810	18370118
lncRNA:CR43695	chrX	-	8324490	8325189
lncRNA:CR43700	chr2L	-	19023670	19024440
lncRNA:CR43704	chr2L	-	3769925	3770454
lncRNA:CR43705	chr3L	-	20795018	20795678
lncRNA:CR43706	chr3L	-	20795915	20796502
lncRNA:CR43713	chr2L	+	5431841	5432604
lncRNA:CR43714	chr2L	+	5432821	5433522
lncRNA:CR43715	chr2L	-	5433675	5434236
lncRNA:CR43716	chr2L	-	4582249	4582968
lncRNA:CR43717	chr2L	+	439538	440104
lncRNA:CR43718	chr2L	+	396119	396571
lncRNA:CR43719	chr2L	-	308536	309348
lncRNA:CR43721	chr2L	+	11307752	11308038
lncRNA:CR43724	chr2R	-	8028928	8029935
lncRNA:CR43751	chr2L	+	2181961	2185495
lncRNA:CR43752	chr2L	+	8295157	8295666
lncRNA:CR43753	chr2L	-	2271318	2279714
lncRNA:CR43754	chr2L	-	2283704	2285003
lncRNA:CR43761	chr2L	+	15522001	15523993
lncRNA:CR43762	chr2L	+	21894226	21895350
lncRNA:CR43763	chr2L	+	15846953	15847381
lncRNA:CR43764	chr2L	-	15295635	15297699
lncRNA:CR43765	chr2L	-	22239182	22239713
lncRNA:CR43766	chr2L	+	9848288	9848794
lncRNA:CR43768	chrX	-	16888841	16889635
lncRNA:CR43769	chr2L	+	9470325	9470861
lncRNA:CR43771	chr2R	-	11432649	11433298
lncRNA:CR43785	chr3L	-	737051	737479
lncRNA:CR43792	chr2R	+	23476576	23477078
lncRNA:CR43793	chr2R	-	23477077	23477477
lncRNA:CR43794	chr2R	-	23507077	23507832
lncRNA:CR43801	chr2L	-	6074250	6074796
lncRNA:CR43802	chr2L	-	17042480	17043165
lncRNA:CR43803	chr2L	+	15960242	15961190
lncRNA:CR43804	chr2L	-	18773313	18773837
lncRNA:CR43805	chr2L	-	14840433	14842209
lncRNA:CR43807	chr2L	-	10862193	10864697
lncRNA:CR43808	chr2L	-	5904957	5906250
lncRNA:CR43810	chr2R	+	13783994	13784496
lncRNA:CR43811	chr2R	+	13791945	13792587
lncRNA:CR43817	chr2L	-	18805444	18806205
lncRNA:CR43818	chr2L	-	12807642	12808340
lncRNA:CR43819	chr2L	+	17085649	17086419
lncRNA:CR43821	chr2L	+	2797831	2798321
lncRNA:CR43822	chr2L	+	3575349	3575806
lncRNA:CR43823	chr2L	-	3588484	3590301
lncRNA:CR43825	chr2L	+	16001784	16002401
lncRNA:CR43826	chr2L	-	16003755	16004292
lncRNA:CR43827	chr2L	+	19922963	19923574
lncRNA:CR43828	chr2L	+	19919844	19921926
lncRNA:CR43830	chr2R	+	14994558	14995195
lncRNA:CR43831	chr2R	-	15159195	15159545
lncRNA:CR43832	chrX	-	6592532	6593069
lncRNA:CR43834	chrX	+	8484193	8484580
lncRNA:CR43835	chrX	+	7500442	7501383
lncRNA:CR43836	chrX	-	8972907	9048991
lncRNA:CR43837	chrX	-	6995881	6997799
lncRNA:CR43838	chrX	-	20759735	20760953
lncRNA:CR43839	chr2L	-	19470843	19471627
lncRNA:CR43840	chr2L	-	16216238	16217044
lncRNA:CR43846	chr3R	-	22851087	22851804
lncRNA:CR43847	chr3R	-	25796590	25797778
lncRNA:CR43848	chr3R	+	13574824	13575479
lncRNA:CR43849	chr3R	+	15667977	15668676
lncRNA:CR43852	chr2L	+	2646029	2646281
lncRNA:CR43853	chr2L	+	15119782	15120819
lncRNA:CR43854	chr2L	+	15129700	15130205
lncRNA:CR43855	chr2L	-	8590369	8594489
lncRNA:CR43856	chr2L	-	15011814	15012667
lncRNA:CR43857	chr2L	+	7423819	7425932
lncRNA:CR43858	chr2L	+	16861496	16862431
lncRNA:CR43859	chr2L	-	11205527	11206092
lncRNA:CR43862	chrX	+	20686818	20687653
lncRNA:CR43863	chrX	-	151690	152279
lncRNA:CR43870	chr3L	+	17245881	17264290
lncRNA:CR43874	chr3L	+	17259660	17260449
lncRNA:CR43878	chr3L	-	21884510	21887039
lncRNA:CR43879	chr3L	+	4703377	4703979
lncRNA:CR43881	chr3L	+	4755604	4756142
lncRNA:CR43882	chr3L	-	4745910	4746632
lncRNA:CR43883	chr3L	+	820758	821512
lncRNA:CR43884	chr3L	-	5050837	5051438
lncRNA:CR43887	chr3L	+	11693134	11693661
lncRNA:CR43888	chr3L	+	21735865	21736201
lncRNA:CR43890	chr3L	-	20290701	20291152
lncRNA:CR43892	chr3L	-	19239863	19240139
lncRNA:CR43893	chr3L	+	19229060	19230102
lncRNA:CR43899	chrX	+	10210180	10210636
lncRNA:CR43900	chr2R	+	12259408	12260813
lncRNA:CR43904	chr2R	+	6158596	6159635
lncRNA:CR43905	chr2R	-	6532594	6533595
lncRNA:CR43907	chr2R	+	11616194	11616694
lncRNA:CR43909	chr2R	-	12594391	12595649
lncRNA:CR43910	chr3L	+	8569334	8569864
lncRNA:CR43911	chr3L	+	13302408	13302810
lncRNA:CR43912	chr3L	-	13287768	13291770
lncRNA:CR43913	chr3L	-	13283662	13284496
lncRNA:CR43914	chr3L	+	13216102	13217527
lncRNA:CR43917	chr3L	-	3884480	3884801
lncRNA:CR43918	chr2R	-	13224174	13224462
lncRNA:CR43927	chr2L	-	22751303	22751795
lncRNA:CR43928	chr2L	+	3476342	3477648
lncRNA:CR43929	chr3L	-	20921181	20921749
lncRNA:CR43930	chr3L	-	20913157	20913705
lncRNA:CR43932	chr3L	-	3814697	3815240
lncRNA:CR43937	chr2L	-	11839297	11839660
lncRNA:CR43939	chr3L	-	21576032	21577219
lncRNA:CR43940	chr3L	+	21594596	21595460
lncRNA:CR43941	chr3L	-	23881734	23883142
lncRNA:CR43942	chr3L	+	23909118	23910123
lncRNA:CR43943	chr3L	+	20439953	20440563
lncRNA:CR43945	chr3L	-	20729273	20729656
lncRNA:CR43949	chr3L	-	16020408	16021506
lncRNA:CR43950	chr3L	-	16017164	16018317
lncRNA:CR43951	chr3L	+	16049234	16050303
lncRNA:CR43952	chr3L	+	6036489	6036915
lncRNA:CR43953	chr3L	+	8230960	8231697
lncRNA:CR43956	chr4	-	132673	132874
lncRNA:CR43958	chr4	-	557024	557854
lncRNA:CR43960	chrX	+	12043697	12116041
lncRNA:CR43961	chrX	-	12067199	12070139
lncRNA:CR43962	chrX	-	22514452	22514891
lncRNA:CR43963	chrX	-	12717623	12730953
lncRNA:CR43966	chr3L	+	19405538	19406013
lncRNA:CR43967	chr3L	-	23183598	23183913
lncRNA:CR43969	chr3L	+	393593	394299
lncRNA:CR43970	chr3L	+	8915232	8915668
lncRNA:CR43973	chr3L	-	15098533	15099502
lncRNA:CR43974	chr3L	-	8081923	8083200
lncRNA:CR43977	chr3L	+	21667423	21668057
lncRNA:CR43978	chr3L	+	21683999	21684951
lncRNA:CR43983	chr2R	-	21762994	21763994
lncRNA:CR43984	chr2R	-	21764995	21765295
lncRNA:CR43985	chr3L	+	18723806	18724312
lncRNA:CR43987	chr3L	-	18693351	18693952
lncRNA:CR43988	chr3L	-	72195	73101
lncRNA:CR43989	chr3L	-	11163848	11164801
lncRNA:CR43990	chr3L	-	10411906	10412377
lncRNA:CR43991	chr3L	-	12245509	12246048
lncRNA:CR43992	chr3L	+	15334781	15336171
lncRNA:CR43994	chr3L	+	12027800	12028153
lncRNA:CR43995	chr3L	+	22072368	22072620
lncRNA:CR44016	chrX	-	9691469	9692417
lncRNA:CR44017	chr3R	-	6408977	6409578
lncRNA:CR44022	chr3R	-	29458778	29459278
lncRNA:CR44023	chr4	+	276522	278174
lncRNA:CR44024	chr4	+	427330	431769
lncRNA:CR44026	chrX	-	17182879	17183242
lncRNA:CR44032	chr3R	-	21498631	21499405
lncRNA:CR44033	chr3R	+	21534428	21535367
lncRNA:CR44034	chr3R	-	21615019	21615740
lncRNA:CR44036	chr3R	+	12239676	12240527
lncRNA:CR44039	chr3R	+	12268783	12270223
lncRNA:CR44041	chr3R	+	30921681	30922383
lncRNA:CR44042	chr2R	-	1348166	1349167
lncRNA:CR44043	chr2R	-	1368920	1371468
lncRNA:CR44048	chr3R	-	20878404	20879384
lncRNA:CR44050	chr3L	-	15884592	15885747
lncRNA:CR44051	chr3L	-	15876090	15876472
lncRNA:CR44055	chr2L	+	2083361	2084419
lncRNA:CR44056	chr2L	-	21106804	21107306
lncRNA:CR44057	chr2L	+	4185400	4186187
lncRNA:CR44058	chr2L	+	4241069	4242397
lncRNA:CR44059	chr2L	-	4246208	4249676
lncRNA:CR44060	chr2L	+	850701	851163
lncRNA:CR44061	chr2L	-	912980	913305
lncRNA:CR44066	chr2L	-	2186974	2187970
lncRNA:CR44068	chr2R	+	8157160	8158260
lncRNA:CR44070	chr2R	-	9636995	9637673
lncRNA:CR44073	chr2L	-	1839493	1839896
lncRNA:CR44074	chr2L	-	1840069	1840808
lncRNA:CR44075	chr2L	+	1872692	1873511
lncRNA:CR44076	chr2L	+	3815437	3815948
lncRNA:CR44077	chr2L	+	3817723	3818534
lncRNA:CR44078	chr2L	-	3861404	3862097
lncRNA:CR44080	chr2L	-	4259945	4261101
lncRNA:CR44081	chr2L	+	6812639	6813110
lncRNA:CR44082	chr2L	+	7519678	7520082
lncRNA:CR44084	chrX	+	6983970	6984498
lncRNA:CR44089	chr3R	-	21436350	21436701
lncRNA:CR44091	chr3R	-	31680595	31681019
lncRNA:CR44092	chr3R	+	24231185	24231719
lncRNA:CR44096	chr3R	+	21720966	21723234
lncRNA:CR44097	chr3R	+	24054390	24055092
lncRNA:CR44100	chr2R	+	4507994	4508445
lncRNA:CR44103	chr3R	+	5368480	5368806
lncRNA:CR44105	chr2R	-	5031994	5032795
lncRNA:CR44109	chrX	-	22764524	22766663
lncRNA:CR44110	chrX	+	14517289	14519516
lncRNA:CR44111	chrX	-	8919639	8920467
lncRNA:CR44112	chr2L	-	2532998	2533569
lncRNA:CR44113	chr2L	+	2555749	2556089
lncRNA:CR44117	chrX	-	3792973	3793401
lncRNA:CR44118	chrX	-	3802066	3802494
lncRNA:CR44120	chr2L	-	8205366	8205648
lncRNA:CR44121	chr2L	-	8205777	8206044
lncRNA:CR44125	chr2R	+	5884893	5886495
lncRNA:CR44126	chr2R	+	5937399	5938994
lncRNA:CR44127	chr2R	-	5967396	5967746
lncRNA:CR44129	chrX	-	16815494	16815945
lncRNA:CR44131	chr2R	+	6068794	6069795
lncRNA:CR44133	chr3R	+	15986180	15993665
lncRNA:CR44135	chr3R	-	11977639	11978178
lncRNA:CR44136	chr3R	-	30624828	30625592
lncRNA:CR44138	chr3R	+	13376902	13377395
lncRNA:CR44143	chr2L	+	11721285	11722098
lncRNA:CR44145	chr2L	+	11736401	11737541
lncRNA:CR44146	chr2L	+	20794805	20795255
lncRNA:CR44148	chr2L	-	7684481	7685341
lncRNA:CR44149	chr2L	-	9568154	9568785
lncRNA:CR44150	chr2L	-	9669639	9671070
lncRNA:CR44151	chr2L	-	16628751	16629173
lncRNA:CR44156	chr3R	-	4660526	4660939
lncRNA:CR44157	chr3R	+	4673976	4674610
lncRNA:CR44161	chr2R	-	6216196	6218619
lncRNA:CR44164	chr2R	+	6681795	6682394
lncRNA:CR44166	chr2R	+	6841544	6842094
lncRNA:CR44170	chr2R	+	6979495	6980195
lncRNA:CR44171	chr2R	-	6980394	6981195
lncRNA:CR44172	chr2R	-	7023395	7024096
lncRNA:CR44173	chr3R	-	19278774	19279728
lncRNA:CR44175	chr3R	-	19326815	19327560
lncRNA:CR44177	chr3R	+	14496377	14508987
lncRNA:CR44178	chr3R	+	21088791	21095744
lncRNA:CR44180	chr2L	-	10680150	10680480
lncRNA:CR44183	chr2L	+	12931550	12932340
lncRNA:CR44184	chr2L	-	19019395	19019871
lncRNA:CR44185	chr2L	+	135401	136128
lncRNA:CR44186	chr2L	+	136143	136701
lncRNA:CR44187	chr2L	+	20710095	20711006
lncRNA:CR44188	chr2L	+	20711201	20712300
lncRNA:CR44189	chr2L	+	19217406	19218135
lncRNA:CR44190	chr2L	-	19269113	19272861
lncRNA:CR44191	chr2L	+	19262469	19263057
lncRNA:CR44196	chr2L	+	15207849	15208768
lncRNA:CR44197	chr2L	+	13089802	13090559
lncRNA:CR44199	chr2L	+	13146635	13146908
lncRNA:CR44200	chr2R	+	7149794	7150094
lncRNA:CR44202	chr2R	-	7422495	7422994
lncRNA:CR44203	chr2R	-	7429495	7429995
lncRNA:CR44204	chr2R	-	7431695	7432496
lncRNA:CR44206	chr2R	-	13329351	13344808
lncRNA:CR44208	chr2R	+	9788538	9791295
lncRNA:CR44209	chr2R	-	7533189	7533497
lncRNA:CR44212	chr2R	-	19652494	19652995
lncRNA:CR44213	chr2R	+	19653295	19653595
lncRNA:CR44214	chr2R	-	19656294	19657840
lncRNA:CR44216	chr2L	+	14241070	14241732
lncRNA:CR44217	chr2L	+	21957819	21958360
lncRNA:CR44218	chr2L	+	248908	249812
lncRNA:CR44219	chr2L	+	262202	263003
lncRNA:CR44220	chr2L	+	219650	220050
lncRNA:CR44221	chr2L	+	228036	228588
lncRNA:CR44222	chr2L	+	223518	224708
lncRNA:CR44225	chr3R	-	23011920	23012360
lncRNA:CR44226	chr3R	+	23040775	23041340
lncRNA:CR44229	chr3R	-	28294622	28295279
lncRNA:CR44230	chr3R	+	10682631	10684424
lncRNA:CR44231	chr3R	+	12727758	12728459
lncRNA:CR44232	chr3R	+	12767626	12768357
lncRNA:CR44233	chr3R	-	12767177	12767468
lncRNA:CR44234	chr3R	-	12850379	12850668
lncRNA:CR44236	chr3R	-	12930733	12931327
lncRNA:CR44241	chr2R	-	15294594	15295088
lncRNA:CR44256	chr3R	-	17371270	17371757
lncRNA:CR44258	chr3R	-	17270289	17271027
lncRNA:CR44260	chr3R	+	7720048	7721124
lncRNA:CR44262	chr3R	-	30183844	30184398
lncRNA:CR44263	chr3R	+	31758709	31759360
lncRNA:CR44264	chr3R	-	29021283	29022180
lncRNA:CR44265	chr3R	-	21223622	21224589
lncRNA:CR44268	chr2L	+	23173072	23173465
lncRNA:CR44269	chr2L	-	21798042	21799112
lncRNA:CR44272	chr2R	-	7992195	7992567
lncRNA:CR44273	chr2R	+	8941594	8942495
lncRNA:CR44274	chr2R	+	8943494	8944295
lncRNA:CR44276	chr2R	-	8241595	8242017
lncRNA:CR44277	chr2R	-	8744044	8744376
lncRNA:CR44278	chr2R	-	8768295	8768795
lncRNA:CR44279	chr2R	-	8542795	8543542
lncRNA:CR44280	chr2R	+	8277344	8277995
lncRNA:CR44281	chr2R	-	8650696	8651496
lncRNA:CR44282	chr2R	-	24334784	24335976
lncRNA:CR44283	chr2R	+	9161483	9161998
lncRNA:CR44284	chr2R	+	9183394	9184495
lncRNA:CR44285	chr2R	-	9605638	9605870
lncRNA:CR44288	chr3R	+	27538232	27539159
lncRNA:CR44289	chr3R	-	27535830	27537903
lncRNA:CR44292	chr2R	-	9708695	9710496
lncRNA:CR44294	chr2R	-	10026355	10026758
lncRNA:CR44295	chr2R	+	10044034	10045196
lncRNA:CR44298	chr2R	-	10053094	10053393
lncRNA:CR44299	chr2R	+	10782894	10785597
lncRNA:CR44300	chr2R	-	10785713	10786026
lncRNA:CR44301	chr2R	-	10786194	10786493
lncRNA:CR44302	chr2R	+	10859694	10860191
lncRNA:CR44305	chr2R	+	11917874	11919096
lncRNA:CR44306	chr2R	+	12015094	12015895
lncRNA:CR44307	chr2L	-	20847843	20848143
lncRNA:CR44308	chr2L	+	3537843	3538333
lncRNA:CR44309	chr2L	+	3562037	3563118
lncRNA:CR44310	chr2L	+	3616295	3617619
lncRNA:CR44311	chr2L	+	3702613	3702947
lncRNA:CR44312	chr2R	-	11929243	11929796
lncRNA:CR44313	chr2R	-	12233994	12234595
lncRNA:CR44315	chr2R	-	12246694	12246995
lncRNA:CR44316	chr2R	-	12320593	12320912
lncRNA:CR44317	chr3R	-	4596282	4599749
lncRNA:CR44318	chr3R	+	8287168	8287698
lncRNA:CR44319	chr3R	-	26092849	26093722
lncRNA:CR44320	chr3R	+	26195249	26230268
lncRNA:CR44322	chr3R	-	23372005	23372649
lncRNA:CR44323	chr3R	-	23399238	23399778
lncRNA:CR44324	chr3R	+	23485480	23486085
lncRNA:CR44326	chr2L	+	6985960	6986750
lncRNA:CR44330	chr3R	+	8089756	8090285
lncRNA:CR44331	chr3R	-	8112698	8114003
lncRNA:CR44332	chr3R	-	7626881	7627290
lncRNA:CR44333	chr3R	-	7285229	7285595
lncRNA:CR44334	chr3R	-	7312337	7312858
lncRNA:CR44337	chr3R	+	7331499	7332002
lncRNA:CR44338	chr3R	+	7263439	7264292
lncRNA:CR44339	chr2R	+	12985366	12985995
lncRNA:CR44343	chr2R	-	13254494	13255496
lncRNA:CR44344	chr2R	-	17386840	17389081
lncRNA:CR44345	chr2L	+	17354876	17355523
lncRNA:CR44346	chr2L	+	17361038	17361511
lncRNA:CR44347	chr3L	-	10803996	10805934
lncRNA:CR44348	chr3L	+	9741402	9744403
lncRNA:CR44349	chr3R	-	17518209	17519084
lncRNA:CR44350	chr3R	-	22823685	22827260
lncRNA:CR44352	chr2L	-	9025633	9031836
lncRNA:CR44353	chrX	-	15547406	15547740
lncRNA:CR44354	chrX	+	15547732	15548203
lncRNA:CR44357	chrX	-	7166450	7405797
lncRNA:CR44360	chr3L	-	4377367	4377999
lncRNA:CR44361	chr3L	+	11315298	11315860
lncRNA:CR44363	chr3L	+	11405534	11406094
lncRNA:CR44365	chr2R	+	13574912	13577545
lncRNA:CR44366	chr2R	+	13578035	13579626
lncRNA:CR44369	chr2R	+	14408452	14408960
lncRNA:CR44371	chr2R	-	15330394	15331195
lncRNA:CR44373	chr2R	+	15915994	15916795
lncRNA:CR44376	chr2R	+	16964294	16964894
lncRNA:CR44377	chr2R	+	16969394	16971695
lncRNA:CR44379	chr2R	+	16812244	16812791
lncRNA:CR44380	chr2R	-	16814394	16815495
lncRNA:CR44384	chrX	-	15807452	15807949
lncRNA:CR44387	chr2R	+	17185095	17185595
lncRNA:CR44389	chr2R	-	17188795	17189095
lncRNA:CR44392	chr2L	+	16888506	16889530
lncRNA:CR44393	chr2L	-	16947609	16950070
lncRNA:CR44395	chr2L	+	17247160	17247656
lncRNA:CR44396	chr2L	-	17245855	17246617
lncRNA:CR44397	chr2L	-	17950114	17951740
lncRNA:CR44398	chr2L	-	17948146	17951740
lncRNA:CR44399	chr2L	-	17939018	17939715
lncRNA:CR44400	chr3R	+	20485135	20485528
lncRNA:CR44401	chr3R	-	20485777	20486679
lncRNA:CR44407	chr2L	+	10710100	10710733
lncRNA:CR44408	chr2L	+	16982482	16983085
lncRNA:CR44409	chr2L	+	17429705	17430157
lncRNA:CR44410	chr2L	-	17589470	17589700
lncRNA:CR44411	chr2L	-	17588202	17588720
lncRNA:CR44412	chr2L	-	17606464	17607260
lncRNA:CR44413	chr2L	-	17625097	17625690
lncRNA:CR44414	chr2L	+	8867874	8868747
lncRNA:CR44415	chr2L	-	8886133	8888028
lncRNA:CR44417	chr2R	+	17869026	17869857
lncRNA:CR44418	chr2R	+	17954544	17955295
lncRNA:CR44419	chr2R	+	18005394	18005995
lncRNA:CR44420	chr2R	-	18246126	18246763
lncRNA:CR44421	chr2R	+	18257095	18257595
lncRNA:CR44423	chrX	+	15636307	15637014
lncRNA:CR44430	chrX	+	15225512	15226256
lncRNA:CR44432	chr2R	-	19258894	19259745
lncRNA:CR44440	chr4	+	44773	46074
lncRNA:CR44441	chr4	+	194731	195900
lncRNA:CR44442	chr2R	-	6820559	6822596
lncRNA:CR44443	chr2R	+	7134494	7135095
lncRNA:CR44444	chr2R	-	7621886	7622695
lncRNA:CR44445	chr2R	-	8242395	8243500
lncRNA:CR44446	chr2R	+	8245794	8246295
lncRNA:CR44447	chr2R	+	8304494	8305095
lncRNA:CR44448	chr2R	+	8309494	8310245
lncRNA:CR44450	chr2R	+	8311644	8311945
lncRNA:CR44451	chr2R	+	9214094	9215145
lncRNA:CR44452	chr2R	-	10656694	10657545
lncRNA:CR44453	chr2R	-	12839232	12839850
lncRNA:CR44455	chr2R	-	23127603	23128077
lncRNA:CR44456	chr2R	+	23128076	23128477
lncRNA:CR44457	chr2R	+	15091944	15092445
lncRNA:CR44458	chr2R	+	15371694	15372595
lncRNA:CR44459	chr2R	-	15372044	15372345
lncRNA:CR44460	chr2R	+	19868744	19869495
lncRNA:CR44461	chr2R	+	12906394	12907295
lncRNA:CR44462	chr2R	+	14476390	14477895
lncRNA:CR44463	chr2R	-	15217994	15218195
lncRNA:CR44464	chr2R	+	16738037	16738345
lncRNA:CR44465	chr2R	+	16810594	16811095
lncRNA:CR44466	chr2R	+	16845494	16845995
lncRNA:CR44467	chr2R	+	16849094	16849895
lncRNA:CR44468	chr2R	+	18805594	18807195
lncRNA:CR44469	chrX	-	790283	790566
lncRNA:CR44470	chrX	-	2682828	2683845
lncRNA:CR44471	chrX	+	5433438	5435797
lncRNA:CR44472	chr2R	+	19504774	19505462
lncRNA:CR44473	chr2R	+	19603294	19603895
lncRNA:CR44474	chr2R	-	19604694	19605295
lncRNA:CR44478	chr2L	+	18145097	18145499
lncRNA:CR44479	chr2L	-	11661689	11662172
lncRNA:CR44480	chr2L	+	11662001	11662404
lncRNA:CR44481	chr2L	+	11665240	11665810
lncRNA:CR44482	chr2L	+	9099396	9099770
lncRNA:CR44483	chr2L	+	9071031	9071607
lncRNA:CR44484	chr2L	+	3268268	3268646
lncRNA:CR44485	chr2L	+	3287821	3288591
lncRNA:CR44486	chr2L	+	18400461	18401232
lncRNA:CR44487	chr2L	+	18403947	18404600
lncRNA:CR44488	chr2L	+	18433458	18434096
lncRNA:CR44489	chr2L	-	18313520	18314051
lncRNA:CR44490	chr2L	+	10886453	10887199
lncRNA:CR44491	chr2L	-	10894643	10895344
lncRNA:CR44492	chr2L	-	10942357	10942949
lncRNA:CR44493	chr2L	-	10943271	10943622
lncRNA:CR44494	chr2L	-	11548639	11550035
lncRNA:CR44495	chr2L	+	11561200	11561966
lncRNA:CR44496	chr2L	+	11588575	11589181
lncRNA:CR44497	chr2L	-	11660291	11660937
lncRNA:CR44498	chrX	+	6001510	6005713
lncRNA:CR44499	chrX	+	6013707	6014019
lncRNA:CR44500	chrX	-	7460408	7461088
lncRNA:CR44501	chrX	+	7555777	7557844
lncRNA:CR44502	chrX	-	7562904	7563485
lncRNA:CR44503	chr2R	+	19633194	19634595
lncRNA:CR44504	chr2R	-	19659644	19661847
lncRNA:CR44505	chr2R	-	19683494	19684195
lncRNA:CR44506	chr2R	+	19692213	19697195
lncRNA:CR44507	chrX	-	8707212	8708006
lncRNA:CR44508	chrX	+	8707973	8708184
lncRNA:CR44510	chr3L	+	69137	69894
lncRNA:CR44511	chr3L	-	70503	71042
lncRNA:CR44513	chr3L	-	609178	609620
lncRNA:CR44514	chr3L	+	705329	705723
lncRNA:CR44515	chr3L	+	5369364	5370312
lncRNA:CR44516	chr3L	-	5371246	5371636
lncRNA:CR44517	chrX	-	9140241	9141965
lncRNA:CR44518	chr3L	+	5499593	5500088
lncRNA:CR44519	chr3L	-	5501101	5501469
lncRNA:CR44520	chr3L	-	5493414	5494740
lncRNA:CR44522	chr3L	-	6263007	6263399
lncRNA:CR44523	chr3L	-	6724901	6725279
lncRNA:CR44524	chrX	+	10893188	10893676
lncRNA:CR44525	chr3L	-	7408492	7409707
lncRNA:CR44526	chr3L	+	8692702	8693191
lncRNA:CR44527	chr3L	-	8751233	8751669
lncRNA:CR44528	chr3L	+	4801908	4802894
lncRNA:CR44529	chr3L	-	4168238	4168846
lncRNA:CR44530	chr3L	-	2975517	2976203
lncRNA:CR44531	chr3L	+	2882813	2883400
lncRNA:CR44534	chrX	+	9314684	9315171
lncRNA:CR44535	chr3L	-	2008721	2010751
lncRNA:CR44536	chr3L	-	1939241	1940458
lncRNA:CR44537	chr3L	+	813299	814487
lncRNA:CR44538	chr3L	+	10205619	10206401
lncRNA:CR44539	chr3L	+	10246789	10247771
lncRNA:CR44540	chr3L	-	10247804	10248588
lncRNA:CR44541	chr3L	-	10242798	10243242
lncRNA:CR44542	chr3L	+	10236608	10236936
lncRNA:CR44543	chr3L	-	10410871	10411240
lncRNA:CR44544	chr3L	+	10784589	10785360
lncRNA:CR44545	chr3L	+	10789333	10789876
lncRNA:CR44546	chr3L	+	10794963	10795175
lncRNA:CR44547	chr3L	+	11034801	11035905
lncRNA:CR44548	chr3L	+	11435649	11436206
lncRNA:CR44549	chr3L	-	11444471	11445104
lncRNA:CR44550	chr3L	+	12300979	12301942
lncRNA:CR44551	chr3L	-	12302161	12302551
lncRNA:CR44552	chr3L	+	12661825	12662247
lncRNA:CR44553	chr3L	+	12658902	12660095
lncRNA:CR44554	chr3L	-	13101498	13101950
lncRNA:CR44555	chr3L	+	13303370	13303946
lncRNA:CR44556	chrX	-	11492336	11492998
lncRNA:CR44557	chr3L	-	13302740	13303151
lncRNA:CR44558	chr3L	-	13324273	13324959
lncRNA:CR44559	chr3L	-	13343549	13344250
lncRNA:CR44560	chr3L	+	14245992	14247011
lncRNA:CR44561	chr3L	-	14245004	14245691
lncRNA:CR44562	chr3L	+	15190439	15190998
lncRNA:CR44563	chr3L	+	17334005	17334499
lncRNA:CR44564	chr3L	-	17335920	17337097
lncRNA:CR44565	chr3L	+	17460108	17460496
lncRNA:CR44566	chr3L	+	17631389	17632253
lncRNA:CR44567	chr3L	-	17633039	17633317
lncRNA:CR44568	chrX	+	12622211	12622771
lncRNA:CR44570	chr2R	-	19859694	19860095
lncRNA:CR44571	chr2R	+	19860194	19860695
lncRNA:CR44572	chr2R	-	19897494	19898695
lncRNA:CR44573	chr2R	-	19909794	19911495
lncRNA:CR44575	chr2L	+	5809701	5810216
lncRNA:CR44576	chr2L	+	5810351	5810835
lncRNA:CR44577	chr2L	-	5887203	5887989
lncRNA:CR44578	chr2L	+	5888148	5888484
lncRNA:CR44579	chr2L	-	5899948	5900380
lncRNA:CR44580	chr2L	+	10650856	10651454
lncRNA:CR44581	chr2L	-	10801594	10802801
lncRNA:CR44582	chr2L	-	10785502	10786173
lncRNA:CR44583	chr2L	+	11318943	11319259
lncRNA:CR44584	chr2L	-	11331888	11332736
lncRNA:CR44585	chr2L	-	11338550	11338920
lncRNA:CR44586	chr2L	+	11354000	11354329
lncRNA:CR44587	chr2L	-	12024055	12025202
lncRNA:CR44588	chr2L	+	12013527	12013899
lncRNA:CR44589	chr2L	+	12046441	12046679
lncRNA:CR44590	chr2L	-	12080804	12082074
lncRNA:CR44591	chr2L	+	12079603	12080568
lncRNA:CR44593	chr2L	+	12086620	12088025
lncRNA:CR44594	chr2L	-	12092008	12092358
lncRNA:CR44595	chr2L	+	12582401	12583550
lncRNA:CR44596	chr2L	+	12581444	12582858
lncRNA:CR44597	chr2L	-	12571159	12571606
lncRNA:CR44598	chr2L	-	12570671	12571157
lncRNA:CR44601	chr2L	-	15822295	15822942
lncRNA:CR44602	chr2L	-	15807180	15810319
lncRNA:CR44603	chr2L	-	1618636	1626021
lncRNA:CR44604	chr2L	+	18002846	18003083
lncRNA:CR44605	chr2L	+	18003367	18003616
lncRNA:CR44606	chr2L	-	20947134	20948170
lncRNA:CR44607	chr2L	-	2507311	2507596
lncRNA:CR44608	chr2L	+	4228920	4229458
lncRNA:CR44609	chr2L	+	4619586	4620918
lncRNA:CR44610	chr2L	-	7174367	7174790
lncRNA:CR44611	chr2L	-	7078894	7079399
lncRNA:CR44612	chr2L	+	7142303	7145263
lncRNA:CR44613	chr2L	-	7177878	7178171
lncRNA:CR44614	chr2L	+	772513	773093
lncRNA:CR44615	chr2L	+	9124031	9124500
lncRNA:CR44616	chr2L	-	9121570	9121923
lncRNA:CR44617	chr2L	+	9119581	9120040
lncRNA:CR44618	chr2L	-	10542859	10543522
lncRNA:CR44619	chrX	+	12751866	12754571
lncRNA:CR44620	chrX	-	13390234	13390560
lncRNA:CR44621	chrX	+	13395829	13396361
lncRNA:CR44626	chr2R	-	19925494	19925845
lncRNA:CR44627	chr2R	+	19934494	19934995
lncRNA:CR44628	chr2R	+	20007094	20007645
lncRNA:CR44629	chr2R	+	20014494	20014695
lncRNA:CR44630	chr2R	-	20016494	20017095
lncRNA:CR44631	chr2R	+	20058094	20058795
lncRNA:CR44632	chr2R	+	20084959	20086695
lncRNA:CR44633	chr2R	+	20090794	20091295
lncRNA:CR44634	chr2R	-	20136958	20137162
lncRNA:CR44635	chr2R	+	20137397	20137616
lncRNA:CR44636	chr2R	+	20137893	20138245
lncRNA:CR44638	chr2R	+	20292544	20292995
lncRNA:CR44639	chr2R	+	20293894	20294695
lncRNA:CR44640	chr2R	+	20302194	20302995
lncRNA:CR44641	chr2R	+	20303194	20303595
lncRNA:CR44642	chr2R	+	20315294	20315995
lncRNA:CR44643	chr2R	-	20490895	20492295
lncRNA:CR44644	chr2R	-	20505894	20506395
lncRNA:CR44645	chr2R	+	20506194	20506895
lncRNA:CR44646	chr2R	+	20508494	20508795
lncRNA:CR44647	chr2R	+	20509394	20509695
lncRNA:CR44648	chr2R	+	20511094	20511595
lncRNA:CR44649	chr2R	+	20511894	20512095
lncRNA:CR44650	chr2R	+	20525394	20525751
lncRNA:CR44651	chr2R	+	20531866	20532969
lncRNA:CR44652	chr2R	-	20540694	20541295
lncRNA:CR44654	chrX	+	13604358	13605651
lncRNA:CR44655	chrX	+	13990732	13991420
lncRNA:CR44657	chrX	+	14114140	14116889
lncRNA:CR44658	chrX	+	14141728	14142111
lncRNA:CR44660	chr2R	+	20722594	20723095
lncRNA:CR44661	chrX	+	15079955	15080425
lncRNA:CR44662	chrX	-	15077497	15081255
lncRNA:CR44663	chrX	+	15289361	15289705
lncRNA:CR44664	chrX	+	15290316	15290755
lncRNA:CR44665	chr2R	+	20766394	20767845
lncRNA:CR44667	chr2R	+	20837494	20838695
lncRNA:CR44668	chr3L	-	17784787	17785284
lncRNA:CR44669	chr3L	-	18135785	18136231
lncRNA:CR44670	chr3L	-	18456398	18456800
lncRNA:CR44671	chr3L	-	18457200	18457550
lncRNA:CR44672	chr3L	+	18475297	18475679
lncRNA:CR44673	chr3L	+	18478821	18479223
lncRNA:CR44674	chr3L	+	18707932	18708692
lncRNA:CR44675	chr3L	+	19052301	19052790
lncRNA:CR44676	chr3L	-	19560819	19561190
lncRNA:CR44677	chr3L	-	19555532	19557202
lncRNA:CR44678	chr3L	-	19678920	19680121
lncRNA:CR44679	chr3L	+	20104502	20105544
lncRNA:CR44680	chr3L	+	20626600	20627624
lncRNA:CR44681	chr3L	+	20633019	20633484
lncRNA:CR44682	chr3L	+	20634171	20634651
lncRNA:CR44683	chr3L	-	20626579	20628498
lncRNA:CR44684	chr3L	-	20623850	20624491
lncRNA:CR44685	chr3L	+	20652905	20654126
lncRNA:CR44686	chr3L	-	20887005	20888002
lncRNA:CR44687	chr3L	+	22029968	22030641
lncRNA:CR44688	chr3L	+	22896126	22896619
lncRNA:CR44689	chr3L	-	22898190	22898580
lncRNA:CR44691	chrX	-	17828095	17831094
lncRNA:CR44692	chrX	+	17496668	17497388
lncRNA:CR44693	chr2L	+	18291681	18292092
lncRNA:CR44694	chr2L	+	18309613	18309961
lncRNA:CR44695	chr2L	+	18310123	18310606
lncRNA:CR44696	chr2L	-	18290426	18291236
lncRNA:CR44697	chr2L	+	4347500	4347954
lncRNA:CR44698	chr2L	+	4348317	4348678
lncRNA:CR44699	chr2L	+	4349171	4349685
lncRNA:CR44700	chr2L	+	4350998	4351449
lncRNA:CR44701	chr2L	+	9887038	9887389
lncRNA:CR44702	chr3L	+	14885340	14886183
lncRNA:CR44705	chrX	-	18622465	18622706
lncRNA:CR44707	chrX	-	18682142	18683303
lncRNA:CR44708	chrX	+	18912351	18912752
lncRNA:CR44709	chr3L	-	4493733	4495215
lncRNA:CR44710	chrX	+	20758488	20759626
lncRNA:CR44711	chrX	+	21583801	21584575
lncRNA:CR44712	chrX	+	21630907	21631433
lncRNA:CR44713	chr3L	+	11246952	11247223
lncRNA:CR44714	chr3L	-	11246884	11247232
lncRNA:CR44715	chr3L	-	11247403	11248097
lncRNA:CR44716	chr3L	-	11250449	11250868
lncRNA:CR44717	chr3L	+	11248128	11251001
lncRNA:CR44718	chr3L	-	11236499	11237620
lncRNA:CR44719	chr3L	+	11237301	11237620
lncRNA:CR44720	chr3L	-	11273959	11274562
lncRNA:CR44721	chr3L	-	11323355	11323850
lncRNA:CR44722	chr3L	+	11323520	11323843
lncRNA:CR44723	chr3L	-	11324325	11325000
lncRNA:CR44725	chr2R	-	21531594	21532195
lncRNA:CR44726	chr2L	+	13642820	13643230
lncRNA:CR44727	chr2L	+	14234753	14235156
lncRNA:CR44728	chr2L	+	14235317	14236307
lncRNA:CR44729	chr2L	-	14273720	14274454
lncRNA:CR44730	chr2L	+	14457112	14457338
lncRNA:CR44731	chr2L	+	14486039	14486752
lncRNA:CR44732	chr2L	-	14428611	14430822
lncRNA:CR44733	chr2L	+	14409754	14410045
lncRNA:CR44734	chr2L	-	16194999	16195321
lncRNA:CR44735	chr2L	-	16195844	16196245
lncRNA:CR44736	chr2L	+	16203109	16203476
lncRNA:CR44737	chr2L	+	18893610	18896798
lncRNA:CR44738	chr2L	+	18906123	18906747
lncRNA:CR44739	chr2L	-	18899563	18900494
lncRNA:CR44740	chr2L	+	18945699	18946154
lncRNA:CR44741	chr2L	+	18954583	18954970
lncRNA:CR44742	chr2L	+	5287847	5288361
lncRNA:CR44743	chr2L	-	5287446	5288667
lncRNA:CR44744	chr2L	+	5258941	5259992
lncRNA:CR44745	chr2L	+	5387550	5388632
lncRNA:CR44747	chr2L	-	3563307	3563540
lncRNA:CR44748	chr2R	+	21663159	21663925
lncRNA:CR44749	chr2R	-	21708944	21709595
lncRNA:CR44750	chr2R	-	21727494	21728195
lncRNA:CR44751	chrX	+	376986	377642
lncRNA:CR44752	chrX	+	385557	386274
lncRNA:CR44753	chrX	-	391834	393227
lncRNA:CR44754	chrX	-	16901766	16912724
lncRNA:CR44755	chr2R	-	22236294	22236795
lncRNA:CR44756	chr2R	-	22318994	22320895
lncRNA:CR44757	chr2R	+	22387394	22387895
lncRNA:CR44758	chr2R	+	22312875	22316604
lncRNA:CR44759	chr2R	-	22373694	22374966
lncRNA:CR44760	chr2R	-	22402894	22403195
lncRNA:CR44761	chr2R	-	22673194	22673695
lncRNA:CR44762	chr2R	+	22689094	22689395
lncRNA:CR44763	chr2R	+	22689494	22690295
lncRNA:CR44764	chr2R	+	22690494	22691895
lncRNA:CR44765	chrX	+	11193157	11193491
lncRNA:CR44766	chrX	+	10744507	10745250
lncRNA:CR44767	chr2L	-	17993538	17994283
lncRNA:CR44768	chr2L	+	18732463	18733323
lncRNA:CR44769	chr2L	+	18735747	18736130
lncRNA:CR44770	chr2L	+	15160650	15161083
lncRNA:CR44771	chr2L	-	15159507	15160126
lncRNA:CR44772	chr2L	-	2757939	2758176
lncRNA:CR44773	chr2L	+	6079763	6080128
lncRNA:CR44775	chr2L	-	6507423	6508404
lncRNA:CR44776	chr2L	+	6551853	6552436
lncRNA:CR44777	chr2L	-	6358344	6359994
lncRNA:CR44778	chr2L	+	6360402	6361385
lncRNA:CR44779	chrX	+	1047241	1088866
lncRNA:CR44780	chr2R	-	22957176	22957377
lncRNA:CR44781	chr2R	-	23109976	23111177
lncRNA:CR44782	chr2R	-	23113576	23114377
lncRNA:CR44783	chr2R	-	23290676	23291377
lncRNA:CR44784	chr2R	+	23383482	23384177
lncRNA:CR44785	chr2L	-	21319599	21320320
lncRNA:CR44786	chr2L	+	21819489	21822313
lncRNA:CR44787	chr2L	-	2257634	2258000
lncRNA:CR44788	chr2L	-	2259395	2259730
lncRNA:CR44789	chr2L	-	2601032	2601721
lncRNA:CR44790	chr2L	-	2598607	2599860
lncRNA:CR44791	chr2L	+	3389347	3389753
lncRNA:CR44794	chr2L	-	5564810	5565755
lncRNA:CR44795	chr2L	+	5615229	5615661
lncRNA:CR44796	chr2L	-	5619793	5620280
lncRNA:CR44797	chr2L	+	623106	623665
lncRNA:CR44798	chr2L	-	623899	624323
lncRNA:CR44799	chr2L	+	7636112	7636608
lncRNA:CR44800	chr2L	+	7636950	7637324
lncRNA:CR44801	chr2L	-	987806	991300
lncRNA:CR44802	chr2L	-	9348725	9349212
lncRNA:CR44803	chr2L	+	21958462	21959111
lncRNA:CR44804	chr2L	-	21959598	21959980
lncRNA:CR44805	chr2R	+	23840576	23840777
lncRNA:CR44808	chr2L	+	2082030	2082347
lncRNA:CR44809	chr2L	+	22169667	22170204
lncRNA:CR44810	chr2R	+	24325026	24330277
lncRNA:CR44811	chr2R	-	24351476	24369689
lncRNA:CR44813	chr2R	+	24390776	24391977
lncRNA:CR44814	chr2R	-	24059476	24059913
lncRNA:CR44816	chrX	-	6370577	6371026
lncRNA:CR44817	chrX	+	6637122	6637548
lncRNA:CR44819	chr2L	+	5690528	5691770
lncRNA:CR44820	chr2L	-	5690529	5691421
lncRNA:CR44821	chr2L	-	5661901	5662232
lncRNA:CR44822	chr2L	-	5631623	5632660
lncRNA:CR44823	chr2L	+	6231806	6232160
lncRNA:CR44824	chr2L	-	6138866	6139309
lncRNA:CR44825	chr2L	+	7795848	7796260
lncRNA:CR44826	chr2R	+	24138628	24139127
lncRNA:CR44827	chr2R	-	24237476	24238477
lncRNA:CR44828	chr2R	-	24738776	24739377
lncRNA:CR44829	chr2R	+	24859259	24860177
lncRNA:CR44830	chr2R	-	24955776	24957359
lncRNA:CR44831	chrX	-	14952344	14953697
lncRNA:CR44832	chrX	-	5790951	5791536
lncRNA:CR44833	chrX	-	4956645	5063868
lncRNA:CR44834	chrX	-	5188170	5188797
lncRNA:CR44842	chr3L	-	1460702	1462801
lncRNA:CR44844	chr2L	+	16006299	16006713
lncRNA:CR44845	chr2L	+	10208740	10209786
lncRNA:CR44846	chr2L	+	13746951	13756402
lncRNA:CR44848	chr2L	-	13865991	13866690
lncRNA:CR44851	chr2L	-	14355467	14356878
lncRNA:CR44852	chr2L	-	14532483	14533471
lncRNA:CR44853	chr2L	-	14550394	14550960
lncRNA:CR44854	chr2L	-	14557938	14558852
lncRNA:CR44855	chr2L	+	14560777	14561355
lncRNA:CR44856	chr2L	+	14576472	14577097
lncRNA:CR44857	chr2L	-	14732560	14733008
lncRNA:CR44858	chr2L	+	14761971	14762691
lncRNA:CR44859	chr2L	+	15396333	15396934
lncRNA:CR44860	chr2L	-	15399559	15399858
lncRNA:CR44861	chr2L	+	15435746	15436320
lncRNA:CR44862	chr2L	+	15441600	15442314
lncRNA:CR44863	chr2L	+	15463253	15463666
lncRNA:CR44864	chr2L	-	15515820	15516727
lncRNA:CR44865	chr2L	+	15610170	15610746
lncRNA:CR44867	chr2L	+	15911690	15912062
lncRNA:CR44868	chr2L	+	15912557	15913109
lncRNA:CR44870	chr2L	-	16072834	16073569
lncRNA:CR44871	chr2L	-	16135364	16136204
lncRNA:CR44874	chr2L	+	10051361	10052289
lncRNA:CR44875	chr2L	+	10053603	10054100
lncRNA:CR44885	chrX	-	19786729	19788156
lncRNA:CR44886	chrX	-	3313332	3348400
lncRNA:CR44888	chrX	-	15497522	15497862
lncRNA:CR44889	chrX	+	19712933	19713821
lncRNA:CR44893	chrX	-	15641557	15642108
lncRNA:CR44895	chrX	+	6744878	6746423
lncRNA:CR44898	chr2L	-	1380082	1381326
lncRNA:CR44899	chr2L	-	16293068	16293721
lncRNA:CR44900	chr2L	-	18185159	18185857
lncRNA:CR44901	chr2L	-	18261072	18262298
lncRNA:CR44902	chr2L	-	18278652	18279475
lncRNA:CR44903	chr2L	-	18523270	18523941
lncRNA:CR44904	chr2L	-	18795823	18796180
lncRNA:CR44905	chr2L	+	19108784	19109883
lncRNA:CR44908	chr2L	-	20000121	20000448
lncRNA:CR44909	chr2L	-	20583655	20626206
lncRNA:CR44912	chr2L	-	2427049	2427881
lncRNA:CR44913	chr2L	+	6619079	6619446
lncRNA:CR44914	chr2L	+	6872713	6874378
lncRNA:CR44915	chr2L	-	6871334	6872536
lncRNA:CR44916	chr2L	-	21999733	22000420
lncRNA:CR44917	chr2L	+	21855093	21869759
lncRNA:CR44918	chr2L	-	21864945	21866291
lncRNA:CR44919	chr2L	-	21866853	21868020
lncRNA:CR44920	chr2L	-	21869955	21870652
lncRNA:CR44921	chr3R	-	6053027	6053528
lncRNA:CR44922	chr3R	+	4375083	4377600
lncRNA:CR44923	chr3R	-	4718588	4719399
lncRNA:CR44924	chr3R	+	5724046	5725321
lncRNA:CR44925	chr3R	+	5965805	5966411
lncRNA:CR44926	chr3R	+	5969982	5970598
lncRNA:CR44927	chr3R	+	5989226	5990341
lncRNA:CR44928	chr3R	-	5994790	5995817
lncRNA:CR44929	chr3R	-	6101957	6104863
lncRNA:CR44930	chr3R	+	6765484	6766709
lncRNA:CR44931	chr3R	-	6877677	6885278
lncRNA:CR44932	chr3R	-	6895177	6896128
lncRNA:CR44933	chr3R	+	7037877	7039678
lncRNA:CR44934	chr3R	-	7467939	7468662
lncRNA:CR44935	chr3R	+	7740177	7740778
lncRNA:CR44936	chr3R	+	8038249	8039626
lncRNA:CR44937	chr3R	-	8683577	8686187
lncRNA:CR44938	chr3R	-	10385493	10387385
lncRNA:CR44939	chr3R	+	10461027	10462078
lncRNA:CR44940	chr3R	-	11084527	11085488
lncRNA:CR44941	chr3R	+	12335923	12339275
lncRNA:CR44942	chr3R	-	12618875	12619428
lncRNA:CR44943	chr3R	-	14375398	14377344
lncRNA:CR44944	chr3R	+	15038337	15039812
lncRNA:CR44945	chr3R	+	16783496	16784672
lncRNA:CR44946	chr3R	+	18374535	18376497
lncRNA:CR44947	chr3R	-	20892590	20893771
lncRNA:CR44948	chr3R	-	25496077	25496478
lncRNA:CR44949	chr3R	-	25823705	25825211
lncRNA:CR44950	chr3R	-	26070377	26071578
lncRNA:CR44951	chr3R	+	26607046	26608440
lncRNA:CR44952	chr3R	+	28777211	28777850
lncRNA:CR44953	chr3R	-	29755189	29759040
lncRNA:CR44955	chr3R	-	10462386	10464978
lncRNA:CR44957	chrX	-	4311988	4315059
lncRNA:CR44963	chrX	+	14293464	14294044
lncRNA:CR44964	chrX	-	6746398	6748020
lncRNA:CR44965	chrX	+	761975	762500
lncRNA:CR44966	chrX	+	765287	766100
lncRNA:CR44967	chr3R	+	13085477	13085976
lncRNA:CR44970	chr2L	+	12840894	12841323
lncRNA:CR44971	chr2L	+	12841516	12841895
lncRNA:CR44973	chr2L	+	13582568	13583033
lncRNA:CR44974	chr2L	+	15746256	15747000
lncRNA:CR44977	chr2L	-	19157867	19159299
lncRNA:CR44978	chr2L	-	19600696	19605490
lncRNA:CR44979	chr2L	-	19642329	19642601
lncRNA:CR44980	chr2L	-	20464501	20484702
lncRNA:CR44983	chr2L	-	3845129	3845716
lncRNA:CR44985	chr2L	+	5326503	5326832
lncRNA:CR44986	chr2L	-	5947646	5948397
lncRNA:CR44988	chr2L	+	710567	715307
lncRNA:CR44991	chr2L	-	8403446	8403924
lncRNA:CR44993	chr2L	+	21628461	21628976
lncRNA:CR44994	chr2L	-	16490223	16490890
lncRNA:CR44997	chrX	+	22657323	22797682
lncRNA:CR44999	chrX	+	3373158	3522787
lncRNA:CR45003	chrX	-	21409401	21410546
lncRNA:CR45004	chr2L	+	20664881	20668605
lncRNA:CR45005	chr2L	-	1345500	1345840
lncRNA:CR45006	chr2L	-	1345964	1346331
lncRNA:CR45010	chrX	+	23010971	23011293
lncRNA:CR45013	chr2L	+	11835319	11835903
lncRNA:CR45014	chr2L	-	11836439	11836808
lncRNA:CR45018	chrX	+	13304004	13308004
lncRNA:CR45020	chr2R	+	15404695	15405095
lncRNA:CR45021	chr2R	+	15987445	15988086
lncRNA:CR45022	chr2R	+	18074171	18074489
lncRNA:CR45023	chr3R	+	20358838	20360281
lncRNA:CR45025	chr3L	-	14322551	14326251
lncRNA:CR45029	chr3R	-	9876997	9878498
lncRNA:CR45030	chr3R	+	29095367	29096487
lncRNA:CR45031	chr2R	-	13671648	13671964
lncRNA:CR45032	chr2R	-	13673969	13674633
lncRNA:CR45034	chr3L	-	3815441	3815758
lncRNA:CR45035	chr3L	-	22225519	22225878
lncRNA:CR45036	chr3L	+	11364682	11365897
lncRNA:CR45037	chr3R	+	26001200	26002464
lncRNA:CR45038	chr3R	+	26004277	26004681
lncRNA:CR45039	chr3R	-	26006501	26007073
lncRNA:CR45040	chr3R	+	26015515	26016487
lncRNA:CR45043	chr3L	-	3522849	3523620
lncRNA:CR45047	chr3R	+	19907680	19908091
lncRNA:CR45048	chr3R	-	19908402	19910318
lncRNA:CR45052	chr3R	-	31704780	31705498
lncRNA:CR45054	chr3R	+	10083380	10090525
lncRNA:CR45055	chr3R	+	11310675	11311182
lncRNA:CR45059	chrX	+	20739537	20740308
lncRNA:CR45082	chrX	-	21496525	21520017
lncRNA:CR45096	chr3L	-	13208542	13208958
lncRNA:CR45097	chr3L	-	13215266	13215699
lncRNA:CR45098	chr3L	-	13218202	13218864
lncRNA:CR45102	chrX	+	3701856	3703285
lncRNA:CR45103	chr3R	+	18157692	18158297
lncRNA:CR45109	chr3R	-	13132428	13155687
lncRNA:CR45111	chr2L	+	17583908	17584468
lncRNA:CR45112	chr2L	-	17584724	17585095
lncRNA:CR45113	chr3L	+	6305670	6306164
lncRNA:CR45114	chr3L	-	6304759	6305503
lncRNA:CR45115	chr3L	-	6865448	6866439
lncRNA:CR45117	chr3L	+	527670	528129
lncRNA:CR45118	chr3L	+	527231	527578
lncRNA:CR45119	chr3L	+	11050407	11050908
lncRNA:CR45120	chr3L	+	13599229	13599883
lncRNA:CR45123	chr4	+	851173	851624
lncRNA:CR45125	chr4	+	380723	381275
lncRNA:CR45127	chr2R	-	6508894	6510295
lncRNA:CR45128	chr2R	-	6663394	6664195
lncRNA:CR45138	chr2R	+	9868218	9869159
lncRNA:CR45147	chr2R	+	18209519	18210805
lncRNA:CR45148	chr2R	-	21029294	21030041
lncRNA:CR45150	chr2R	-	21604194	21604786
lncRNA:CR45153	chr2R	-	23638376	23639094
lncRNA:CR45155	chr3L	-	10029407	10030138
lncRNA:CR45156	chr3L	+	4345800	4347801
lncRNA:CR45157	chr3L	-	13032395	13033070
lncRNA:CR45158	chr3L	-	11632704	11633303
lncRNA:CR45159	chr3L	-	24290289	24290864
lncRNA:CR45165	chr3L	-	17529867	17530202
lncRNA:CR45166	chr3L	-	1322876	1324221
lncRNA:CR45168	chr3L	-	12514604	12515009
lncRNA:CR45169	chr3L	-	10850069	10850690
lncRNA:CR45170	chr3L	+	2517160	2518402
lncRNA:CR45172	chr3L	-	13028550	13029028
lncRNA:CR45173	chr3L	-	6666002	6666611
lncRNA:CR45174	chr3L	-	23690625	23691668
lncRNA:CR45176	chr3L	+	20439599	20439921
lncRNA:CR45177	chr3L	-	27091704	27092199
lncRNA:CR45178	chr3L	+	13557754	13558101
lncRNA:CR45179	chr3L	+	16689267	16697897
lncRNA:CR45180	chr3L	+	25708176	25709251
lncRNA:CR45181	chr3L	-	27135423	27136049
lncRNA:CR45183	chr2L	-	19933635	19934317
lncRNA:CR45184	chr3L	-	826719	830190
lncRNA:CR45187	chr3R	-	4402428	4402928
lncRNA:CR45188	chr3R	+	4946077	4947278
lncRNA:CR45191	chr3R	+	30664777	30666142
lncRNA:CR45193	chr3R	-	16371577	16372778
lncRNA:CR45196	chr3R	+	9228132	9230277
lncRNA:CR45197	chrX	+	2675187	2676657
lncRNA:CR45199	chr4	-	597623	598274
lncRNA:CR45200	chr4	-	776474	777146
lncRNA:CR45201	chr4	-	959223	959434
lncRNA:CR45203	chr3R	-	9483377	9484078
lncRNA:CR45204	chrX	-	10794337	10796292
lncRNA:CR45211	chr3R	-	15811647	15811908
lncRNA:CR45212	chr3R	-	16049030	16049421
lncRNA:CR45215	chr3R	+	8316983	8318006
lncRNA:CR45216	chr3R	+	24835603	24836238
lncRNA:CR45217	chr3R	-	24229897	24231364
lncRNA:CR45220	chr3R	-	2744303	2744800
lncRNA:CR45221	chr3R	+	16991977	16992976
lncRNA:CR45222	chr3R	+	17638777	17639627
lncRNA:CR45223	chr3R	-	17646902	17653478
lncRNA:CR45224	chr3R	-	22194978	22209477
lncRNA:CR45225	chr3R	-	25675776	25676778
lncRNA:CR45226	chr3R	+	26519579	26522279
lncRNA:CR45228	chr2R	+	10946308	10947095
lncRNA:CR45229	chr2R	+	20150682	20150945
lncRNA:CR45231	chr2R	+	19784293	19789736
lncRNA:CR45232	chr2R	-	16297448	16306695
lncRNA:CR45233	chr3L	-	14410116	14410698
lncRNA:CR45234	chr3L	+	18196171	18196932
lncRNA:CR45236	chr3L	+	22121931	22122746
lncRNA:CR45237	chr3L	-	22420854	22421200
lncRNA:CR45238	chr3L	+	6640890	6641514
lncRNA:CR45239	chr3L	+	6642249	6642842
lncRNA:CR45240	chr3L	+	15747402	15748699
lncRNA:CR45241	chr3L	-	16670354	16670741
lncRNA:CR45242	chr3L	+	10269481	10270353
lncRNA:CR45243	chr3L	-	20950358	20950783
lncRNA:CR45245	chr3L	+	10386449	10387797
lncRNA:CR45246	chr3L	+	10825143	10825601
lncRNA:CR45247	chr3L	+	10816580	10817182
lncRNA:CR45248	chr3L	+	10959230	10960005
lncRNA:CR45249	chr3L	+	10961499	10962141
lncRNA:CR45250	chr3L	+	11342081	11342424
lncRNA:CR45251	chr3L	-	11349394	11349743
lncRNA:CR45252	chr2R	+	24975376	24975887
lncRNA:CR45253	chr3L	+	13297003	13297570
lncRNA:CR45254	chr3L	+	13298210	13298719
lncRNA:CR45255	chr3L	-	13297648	13297944
lncRNA:CR45256	chr2R	+	15025103	15025665
lncRNA:CR45258	chr2L	+	19327366	19327963
lncRNA:CR45259	chr2L	+	799855	800323
lncRNA:CR45261	chr2L	+	904028	904347
lncRNA:CR45262	chr2L	-	9261819	9262804
lncRNA:CR45265	chr2R	-	10237743	10238145
lncRNA:CR45266	chr2R	+	12777323	12778995
lncRNA:CR45267	chr2R	+	8019175	8026595
lncRNA:CR45269	chr2R	-	22666124	22666605
lncRNA:CR45274	chr2R	+	17584094	17584495
lncRNA:CR45276	chr2R	+	12206105	12207911
lncRNA:CR45277	chr2R	-	14433429	14433895
lncRNA:CR45278	chr2R	-	13243995	13245045
lncRNA:CR45279	chr2R	-	12593194	12593827
lncRNA:CR45280	chr2R	+	7254601	7256696
lncRNA:CR45282	chr2L	-	12315776	12316122
lncRNA:CR45283	chr2L	-	12316157	12317313
lncRNA:CR45284	chr2L	-	14032005	14038306
lncRNA:CR45285	chr2L	+	16965474	16965767
lncRNA:CR45286	chr2L	-	2471643	2472978
lncRNA:CR45287	chr2L	+	5486904	5487191
lncRNA:CR45288	chr2L	+	5940032	5940250
lncRNA:CR45289	chr2L	+	5941994	5942584
lncRNA:CR45290	chr2L	-	2188619	2189405
lncRNA:CR45291	chr2L	-	5060472	5060806
lncRNA:CR45292	chr2L	+	19011901	19012254
lncRNA:CR45293	chr2L	-	15485696	15485951
lncRNA:CR45294	chr2L	-	4255719	4256085
lncRNA:CR45295	chr2L	-	4256131	4256519
lncRNA:CR45296	chr2L	-	4256797	4257295
lncRNA:CR45297	chr2L	-	4811710	4811945
lncRNA:CR45298	chr2L	-	2044516	2045381
lncRNA:CR45299	chr2L	+	3508597	3509036
lncRNA:CR45301	chr2L	-	3386862	3387278
lncRNA:CR45302	chr2L	+	14885104	14885411
lncRNA:CR45303	chr2L	-	14496996	14498116
lncRNA:CR45304	chr2L	-	7328943	7329519
lncRNA:CR45306	chr2L	+	20721913	20722462
lncRNA:CR45308	chr2R	-	8558414	8558924
lncRNA:CR45309	chr2R	+	9213124	9213744
lncRNA:CR45310	chr2R	+	18226794	18228595
lncRNA:CR45311	chr2R	-	18227494	18231228
lncRNA:CR45312	chr2R	-	13361824	13362835
lncRNA:CR45313	chr2R	+	18054968	18055346
lncRNA:CR45314	chr2R	-	18057914	18059075
lncRNA:CR45316	chr2R	+	16378814	16380135
lncRNA:CR45317	chr2R	-	16379294	16380195
lncRNA:CR45318	chr2R	+	11994994	11996194
lncRNA:CR45319	chr2R	-	11992564	11996095
lncRNA:CR45320	chr2R	+	7451669	7452365
lncRNA:CR45321	chr2R	-	9445264	9445784
lncRNA:CR45322	chr2R	-	16358795	16359495
lncRNA:CR45323	chr2R	+	17189304	17189945
lncRNA:CR45324	chr2R	-	9988124	9989285
lncRNA:CR45325	chr2R	-	23720319	23721007
lncRNA:CR45327	chr2R	-	22378262	22379007
lncRNA:CR45328	chr2R	-	22596485	22597125
lncRNA:CR45329	chr2R	-	14823544	14824365
lncRNA:CR45331	chr2L	+	14974467	14975001
lncRNA:CR45332	chr2L	-	17901806	17902691
lncRNA:CR45333	chr2L	-	17902777	17903073
lncRNA:CR45334	chr2L	+	21929063	21931698
lncRNA:CR45335	chr2L	+	22032624	22033798
lncRNA:CR45336	chr2L	+	3210514	3211156
lncRNA:CR45337	chr2L	-	3260972	3261281
lncRNA:CR45338	chr2L	-	3261637	3262007
lncRNA:CR45339	chr2L	+	65998	66242
lncRNA:CR45340	chr2L	+	66317	66524
lncRNA:CR45344	chr2L	+	4001083	4001620
lncRNA:CR45345	chr2L	+	857402	860079
lncRNA:CR45346	chr2L	-	1214648	1215293
lncRNA:CR45347	chr2L	+	20562246	20575720
lncRNA:CR45348	chr2L	-	897452	898050
lncRNA:CR45349	chr2L	+	15280027	15280449
lncRNA:CR45351	chr2L	+	10638561	10639592
lncRNA:CR45352	chr2L	-	14021582	14022033
lncRNA:CR45353	chr2L	-	15468943	15469527
lncRNA:CR45354	chr2L	-	16534056	16534488
lncRNA:CR45355	chr2L	-	16534961	16535228
lncRNA:CR45356	chr2L	+	16998326	16998551
lncRNA:CR45357	chr2L	+	16998682	16998941
lncRNA:CR45358	chr2L	-	17575151	17575490
lncRNA:CR45359	chr2L	+	20489307	20490282
lncRNA:CR45360	chr2L	+	20487975	20488777
lncRNA:CR45361	chr2L	+	20484398	20487548
lncRNA:CR45362	chr2L	-	21889757	21891095
lncRNA:CR45363	chr2L	-	4361688	4371303
lncRNA:CR45364	chr2L	-	7871977	7872367
lncRNA:CR45365	chr2L	-	8852008	8852664
lncRNA:CR45369	chr2L	+	628728	629052
lncRNA:CR45370	chr2L	+	7604242	7604563
lncRNA:CR45372	chr2L	+	3475364	3476058
lncRNA:CR45373	chr2L	-	15398686	15399003
lncRNA:CR45374	chr2L	-	15400084	15400497
lncRNA:CR45375	chr2L	-	10441819	10442204
lncRNA:CR45377	chr2R	-	11704754	11706222
lncRNA:CR45378	chr3L	-	392005	393255
lncRNA:CR45379	chr3L	-	3863703	3864424
lncRNA:CR45380	chr3L	+	3329280	3329597
lncRNA:CR45381	chr3L	+	22643880	22644470
lncRNA:CR45382	chr3L	-	22473951	22474431
lncRNA:CR45383	chr3L	+	20901853	20902524
lncRNA:CR45386	chr3L	+	19090582	19090975
lncRNA:CR45387	chr3L	+	18854316	18854622
lncRNA:CR45388	chr3L	+	18852572	18861363
lncRNA:CR45389	chr3L	+	18596321	18596792
lncRNA:CR45390	chr3L	+	18597994	18598429
lncRNA:CR45392	chr3L	+	18077580	18078103
lncRNA:CR45393	chr3L	-	17947191	17947700
lncRNA:CR45394	chr3L	+	15457952	15458309
lncRNA:CR45395	chr3L	+	15457490	15457878
lncRNA:CR45398	chr3L	-	14890089	14890503
lncRNA:CR45399	chr3L	-	14238606	14239440
lncRNA:CR45400	chr3L	-	127320	127666
lncRNA:CR45401	chr3L	-	125008	125420
lncRNA:CR45402	chr3L	+	125420	125833
lncRNA:CR45403	chr3L	+	10240092	10240511
lncRNA:CR45404	chr3L	+	11284730	11285180
lncRNA:CR45405	chr3L	-	11231306	11231588
lncRNA:CR45406	chr3L	+	9875730	9876406
lncRNA:CR45407	chr3L	+	9760899	9761354
lncRNA:CR45408	chr3L	+	9222023	9222433
lncRNA:CR45409	chr3L	-	8309350	8310512
lncRNA:CR45410	chr3L	+	7222716	7223898
lncRNA:CR45411	chr3L	-	714215	714530
lncRNA:CR45412	chr3L	-	6939048	6939702
lncRNA:CR45414	chr3L	+	6936566	6937405
lncRNA:CR45415	chr3L	-	6935607	6935903
lncRNA:CR45416	chr3L	-	6883320	6883601
lncRNA:CR45417	chr3L	+	6728200	6728701
lncRNA:CR45418	chr3L	-	6608769	6609238
lncRNA:CR45419	chr3L	-	6369972	6370591
lncRNA:CR45420	chr3L	-	6302746	6303361
lncRNA:CR45421	chr3L	-	6154713	6155203
lncRNA:CR45422	chr3L	-	3891645	3891963
lncRNA:CR45423	chr2R	-	20221394	20222157
lncRNA:CR45424	chr3L	+	3244905	3245340
lncRNA:CR45425	chr3L	+	2503788	2504397
lncRNA:CR45426	chr3L	-	2319385	2319919
lncRNA:CR45427	chr3L	-	2317130	2317600
lncRNA:CR45429	chr3L	+	22510265	22511067
lncRNA:CR45430	chr3L	-	22496341	22497114
lncRNA:CR45431	chr3L	+	22498309	22498839
lncRNA:CR45432	chr3L	+	21301476	21302159
lncRNA:CR45433	chr3L	+	19861457	19861869
lncRNA:CR45434	chr3L	+	19454759	19455672
lncRNA:CR45435	chr3L	+	18583436	18584235
lncRNA:CR45436	chr3L	-	17275049	17275549
lncRNA:CR45437	chr3L	-	16196501	16197219
lncRNA:CR45438	chr3L	-	4626601	4626903
lncRNA:CR45439	chr3L	-	5983669	5983870
lncRNA:CR45440	chr3L	-	5984119	5984340
lncRNA:CR45441	chr3L	+	6059040	6059448
lncRNA:CR45442	chr3L	-	11592450	11592783
lncRNA:CR45443	chr3L	-	11593446	11593712
lncRNA:CR45444	chr3L	+	12337351	12337699
lncRNA:CR45446	chr3L	+	15987783	15988041
lncRNA:CR45447	chr2L	+	13096993	13097298
lncRNA:CR45448	chr2L	+	17105144	17105687
lncRNA:CR45449	chr2L	-	3854287	3854994
lncRNA:CR45450	chr2L	-	3856477	3857172
lncRNA:CR45451	chr2L	+	3851950	3852604
lncRNA:CR45452	chr2L	-	4633880	4634342
lncRNA:CR45453	chr2L	+	10870866	10871133
lncRNA:CR45454	chr2L	+	10872013	10872384
lncRNA:CR45455	chr2L	+	19537964	19538223
lncRNA:CR45456	chr2L	+	9325844	9326721
lncRNA:CR45457	chr2L	+	9327038	9327553
lncRNA:CR45461	chr2L	+	13104718	13105263
lncRNA:CR45462	chr2L	-	17017746	17018049
lncRNA:CR45463	chr2L	-	6480660	6480930
lncRNA:CR45464	chrX	-	22806500	22807399
lncRNA:CR45465	chrX	-	20238382	20239117
lncRNA:CR45471	chr2R	+	4730480	4731395
lncRNA:CR45472	chr2R	+	5663908	5664615
lncRNA:CR45473	chrX	-	140721	142197
lncRNA:CR45474	chrX	+	620281	620729
lncRNA:CR45475	chrX	+	625246	625661
lncRNA:CR45476	chrX	-	968495	968741
lncRNA:CR45478	chrX	+	2009956	2010287
lncRNA:CR45480	chrX	+	2269995	2270507
lncRNA:CR45482	chrX	-	4047595	4049204
lncRNA:CR45483	chrX	-	4275233	4275964
lncRNA:CR45484	chrX	+	4373980	4377716
lncRNA:CR45500	chrX	-	21400010	21400837
lncRNA:CR45502	chrX	-	22958075	22958827
lncRNA:CR45503	chrX	+	19083738	19084017
lncRNA:CR45504	chrX	-	20292046	20293407
lncRNA:CR45505	chrX	-	20293600	20294288
lncRNA:CR45506	chrX	+	21187978	21188759
lncRNA:CR45507	chrX	-	21467127	21467601
lncRNA:CR45508	chrX	-	21467982	21468479
lncRNA:CR45509	chrX	-	21479653	21479949
lncRNA:CR45510	chrX	-	21480756	21481124
lncRNA:CR45511	chrX	-	21483081	21483519
lncRNA:CR45512	chrX	-	18730420	18731243
lncRNA:CR45513	chrX	+	18732812	18733673
lncRNA:CR45514	chrX	+	18666066	18666717
lncRNA:CR45515	chrX	-	4775032	4775232
lncRNA:CR45516	chrX	-	4805458	4805683
lncRNA:CR45517	chrX	+	5428482	5429256
lncRNA:CR45519	chrX	+	5506508	5509148
lncRNA:CR45521	chrX	-	14540746	14541997
lncRNA:CR45522	chrX	+	14786411	14787897
lncRNA:CR45523	chrX	+	15691671	15692597
lncRNA:CR45524	chrX	-	15693067	15693967
lncRNA:CR45526	chrX	+	15694126	15694382
lncRNA:CR45527	chrX	+	15973554	15973917
lncRNA:CR45529	chrX	+	5810491	5811006
lncRNA:CR45530	chrX	+	6279679	6280012
lncRNA:CR45531	chrX	+	6860338	6863235
lncRNA:CR45532	chrX	-	7120373	7120741
lncRNA:CR45533	chrX	+	7445386	7450119
lncRNA:CR45534	chrX	+	7487551	7488336
lncRNA:CR45536	chrX	+	8163300	8163580
lncRNA:CR45537	chrX	+	8835305	8836724
lncRNA:CR45539	chrX	-	9120716	9120918
lncRNA:CR45540	chrX	-	9581492	9581917
lncRNA:CR45541	chrX	+	9584176	9584575
lncRNA:CR45542	chrX	-	9590092	9590619
lncRNA:CR45543	chrX	+	9595081	9595467
lncRNA:CR45547	chr3R	-	29356147	29356771
lncRNA:CR45550	chr3R	+	8228007	8229448
lncRNA:CR45551	chr3R	-	8225278	8232178
lncRNA:CR45552	chr3R	-	30528279	30531861
lncRNA:CR45553	chr3R	+	30530354	30532377
lncRNA:CR45554	chr3R	+	31469102	31469978
lncRNA:CR45555	chr3R	+	31473040	31473738
lncRNA:CR45556	chr3R	+	32012647	32013408
lncRNA:CR45558	chr3R	-	4585177	4589308
lncRNA:CR45559	chr3R	-	6892917	6893462
lncRNA:CR45560	chr3R	+	7387443	7388319
lncRNA:CR45561	chr3R	+	10969666	10970278
lncRNA:CR45562	chr3R	-	26756977	26757912
lncRNA:CR45563	chr3R	+	26769077	26769828
lncRNA:CR45564	chr3R	-	31687977	31688526
lncRNA:CR45565	chr3R	-	31689127	31689878
lncRNA:CR45566	chr3R	-	27924878	27925368
lncRNA:CR45567	chr3R	+	29022477	29024217
lncRNA:CR45568	chr3R	-	29276375	29277108
lncRNA:CR45569	chr3R	-	29713277	29713678
lncRNA:CR45570	chr3R	+	30404428	30404989
lncRNA:CR45571	chr3R	+	30612027	30615478
lncRNA:CR45572	chr3R	+	31491077	31492678
lncRNA:CR45573	chr3R	-	31519877	31523278
lncRNA:CR45574	chr3R	+	8546909	8547385
lncRNA:CR45575	chr3R	+	8545684	8546049
lncRNA:CR45576	chr3R	-	10488322	10490216
lncRNA:CR45577	chr3R	-	10896478	10897181
lncRNA:CR45578	chr3R	-	10897984	10898581
lncRNA:CR45579	chr3R	+	11101179	11101684
lncRNA:CR45580	chr3R	+	4896416	4897287
lncRNA:CR45581	chr3R	+	11486787	11487227
lncRNA:CR45582	chr3R	+	12244988	12245353
lncRNA:CR45583	chr3R	+	12329319	12330223
lncRNA:CR45584	chr3R	+	12327346	12328003
lncRNA:CR45585	chr3R	+	5015623	5021474
lncRNA:CR45586	chr3R	-	12661377	12662138
lncRNA:CR45587	chr3R	-	12849089	12849585
lncRNA:CR45588	chr3R	-	5053180	5053738
lncRNA:CR45589	chr3R	+	13478264	13478780
lncRNA:CR45590	chr3R	-	13785805	13786583
lncRNA:CR45591	chr3R	-	13425832	13426178
lncRNA:CR45592	chr3R	-	16988589	16988884
lncRNA:CR45593	chr3R	-	6761512	6763478
lncRNA:CR45594	chr3R	-	13630872	13631379
lncRNA:CR45595	chr3R	+	11780640	11781108
lncRNA:CR45596	chr3R	+	14288228	14288665
lncRNA:CR45597	chr3R	-	4279672	4280057
lncRNA:CR45598	chr3R	-	14923202	14923761
lncRNA:CR45599	chr3R	-	15004280	15004942
lncRNA:CR45602	chrX	+	10071390	10071734
lncRNA:CR45605	chrX	-	18120545	18121467
lncRNA:CR45606	chrX	+	18122122	18122919
lncRNA:CR45607	chrX	-	18244891	18245180
lncRNA:CR45608	chrX	-	18310501	18311349
lncRNA:CR45609	chrX	-	18311394	18311926
lncRNA:CR45610	chrX	-	20690319	20690633
lncRNA:CR45613	chrX	-	18256608	18258007
lncRNA:CR45614	chrX	+	11065859	11066377
lncRNA:CR45615	chrX	+	12455770	12456258
lncRNA:CR45616	chrX	+	10891431	10891973
lncRNA:CR45617	chrX	+	10892260	10892748
lncRNA:CR45618	chrX	-	11716062	11716720
lncRNA:CR45619	chrX	-	11849776	11850072
lncRNA:CR45622	chrX	-	18227475	18228449
lncRNA:CR45624	chrX	+	10824268	10824627
lncRNA:CR45625	chrX	+	12912559	12913009
lncRNA:CR45626	chrX	+	12914843	12915722
lncRNA:CR45627	chrX	+	18494718	18494926
lncRNA:CR45628	chrX	+	20090532	20090858
lncRNA:CR45630	chr3R	+	16406640	16407107
lncRNA:CR45631	chr3R	+	16428303	16429053
lncRNA:CR45632	chr3R	+	21823691	21824086
lncRNA:CR45633	chr3R	-	18850939	18851239
lncRNA:CR45634	chr3R	+	18360982	18361193
lncRNA:CR45635	chr3R	+	15697273	15697874
lncRNA:CR45636	chr3R	+	15698280	15698506
lncRNA:CR45637	chr3R	+	16209424	16209833
lncRNA:CR45638	chr3R	-	16209247	16209484
lncRNA:CR45639	chr3R	-	16208191	16208935
lncRNA:CR45640	chr3R	+	16208672	16209054
lncRNA:CR45641	chr3R	+	16214277	16214957
lncRNA:CR45642	chr3R	+	16213487	16213787
lncRNA:CR45643	chr3R	+	16223394	16223854
lncRNA:CR45644	chr3R	-	21860747	21860978
lncRNA:CR45645	chr3R	-	21861376	21862080
lncRNA:CR45646	chr3R	+	22539995	22541279
lncRNA:CR45647	chr3R	+	22543277	22543578
lncRNA:CR45649	chr3R	-	24463557	24464078
lncRNA:CR45650	chr3R	-	24767727	24768484
lncRNA:CR45651	chr3R	+	25503377	25504478
lncRNA:CR45652	chr3R	+	25808043	25808679
lncRNA:CR45653	chr3R	+	25843917	25844378
lncRNA:CR45654	chr3R	+	25845677	25846318
lncRNA:CR45655	chr3R	+	25846777	25847078
lncRNA:CR45656	chr3R	-	25847238	25847638
lncRNA:CR45657	chr3R	+	25848097	25848454
lncRNA:CR45658	chr3L	-	12289303	12290161
lncRNA:CR45659	chr3L	+	22840292	22841302
lncRNA:CR45660	chr3L	-	2629833	2630693
lncRNA:CR45661	chr3L	+	22909317	22909687
lncRNA:CR45662	chr3R	-	24282910	24283368
lncRNA:CR45664	chr3L	-	16319439	16319931
lncRNA:CR45665	chrX	-	7681001	7681278
lncRNA:CR45666	chrX	-	7679967	7680520
lncRNA:CR45667	chrX	-	7679330	7679621
lncRNA:CR45668	chrX	-	5882479	5899989
lncRNA:CR45669	chr3R	+	28970540	28972750
lncRNA:CR45670	chr3L	-	4107142	4107470
lncRNA:CR45671	chr3L	-	11593446	11593709
lncRNA:CR45672	chr3L	-	11592446	11592790
lncRNA:CR45673	chr3R	+	4634974	4635655
lncRNA:CR45674	chr3L	-	21318222	21318650
lncRNA:CR45675	chr3L	+	3708562	3708997
lncRNA:CR45677	chr3L	-	20395393	20395851
lncRNA:CR45678	chr3L	+	19933719	19934201
lncRNA:CR45679	chr3R	-	13443069	13444076
lncRNA:CR45680	chr3R	-	13617749	13618559
lncRNA:CR45681	chr3L	+	12490293	12491196
lncRNA:CR45684	chr2L	-	13458289	13458605
lncRNA:CR45685	chr3L	+	4980831	4981599
lncRNA:CR45687	chr3L	+	1807545	1807855
lncRNA:CR45688	chr3L	+	17366774	17367365
lncRNA:CR45689	chr3L	+	18979367	18979590
lncRNA:CR45692	chr2L	+	10657626	10658031
lncRNA:CR45693	chr2L	-	14509912	14512083
lncRNA:CR45694	chr2L	-	15841009	15841427
lncRNA:CR45695	chr2L	-	1646931	1647163
lncRNA:CR45696	chr2L	-	17319076	17319308
lncRNA:CR45697	chr2L	+	17547184	17547849
lncRNA:CR45698	chr2L	+	17579477	17580006
lncRNA:CR45699	chr2L	-	17644447	17644844
lncRNA:CR45700	chr2L	+	19322937	19326106
lncRNA:CR45702	chr2L	+	20513831	20514546
lncRNA:CR45703	chr2L	+	21950873	21951163
lncRNA:CR45704	chr2L	-	21949848	21950521
lncRNA:CR45706	chr2L	-	3264167	3265714
lncRNA:CR45707	chr2L	-	20539392	20539974
lncRNA:CR45708	chrX	-	13344880	13345271
lncRNA:CR45709	chrX	-	13345585	13346102
lncRNA:CR45710	chrX	-	18676167	18676761
lncRNA:CR45711	chrX	+	19132926	19133563
lncRNA:CR45717	chr2L	+	1142868	1143216
lncRNA:CR45718	chr2L	+	7753182	7753383
lncRNA:CR45719	chr2L	-	6133257	6133674
lncRNA:CR45720	chr2L	-	4240013	4240820
lncRNA:CR45721	chr2L	+	18310878	18311451
lncRNA:CR45722	chr2L	+	19469125	19469894
lncRNA:CR45723	chr2L	-	19470064	19470724
lncRNA:CR45724	chr2L	-	10903730	10903959
lncRNA:CR45725	chr2L	-	11074470	11074898
lncRNA:CR45726	chr2L	-	14448408	14449009
lncRNA:CR45727	chr2L	+	14876831	14877136
lncRNA:CR45728	chr2L	+	15549868	15550276
lncRNA:CR45729	chr2L	+	17280234	17280536
lncRNA:CR45730	chr2L	-	5297485	5297928
lncRNA:CR45731	chr3L	-	19504985	19505295
lncRNA:CR45732	chr3L	-	19439926	19441195
lncRNA:CR45733	chr3L	+	20912889	20913169
lncRNA:CR45734	chr3L	+	20920801	20921073
lncRNA:CR45735	chr3L	+	23188102	23188892
lncRNA:CR45736	chr3L	-	23731613	23732177
lncRNA:CR45737	chr3L	+	3394087	3394607
lncRNA:CR45739	chr3L	-	4445995	4446395
lncRNA:CR45740	chr3L	+	4799988	4800330
lncRNA:CR45741	chr3L	-	5316212	5316451
lncRNA:CR45742	chr3L	+	5334845	5335103
lncRNA:CR45743	chr3L	+	5377813	5378407
lncRNA:CR45744	chr3L	-	6162694	6163102
lncRNA:CR45745	chr3L	-	10978010	10978302
lncRNA:CR45746	chr3L	-	12195786	12196049
lncRNA:CR45747	chr3L	+	1235471	1235702
lncRNA:CR45748	chr3L	-	12889351	12889638
lncRNA:CR45749	chr3L	+	13087490	13088588
lncRNA:CR45750	chr3R	+	16800599	16801203
lncRNA:CR45752	chr3L	-	13285264	13285835
lncRNA:CR45753	chr3L	-	13286387	13287186
lncRNA:CR45754	chr3L	+	16176809	16177256
lncRNA:CR45755	chr3L	-	16177344	16177635
lncRNA:CR45756	chr3L	-	17032054	17032608
lncRNA:CR45757	chr3L	+	21961870	21962196
lncRNA:CR45758	chr3L	+	22960929	22961668
lncRNA:CR45759	chr3L	-	6786659	6787105
lncRNA:CR45761	chr3R	+	5890841	5891926
lncRNA:CR45762	chr3R	+	5914315	5915335
lncRNA:CR45788	chr3R	+	26610433	26610879
lncRNA:CR45790	chr3R	+	9821389	9822259
lncRNA:CR45791	chr2L	-	4185267	4186093
lncRNA:CR45792	chrX	+	4985670	4986397
lncRNA:CR45793	chr3R	-	5263756	5264511
lncRNA:CR45803	chr3L	-	21950100	21951548
lncRNA:CR45805	chr3L	-	130729	131571
lncRNA:CR45808	chr3L	+	553215	553739
lncRNA:CR45809	chr3L	+	961768	962471
lncRNA:CR45810	chr3L	+	962755	963099
lncRNA:CR45811	chr3L	+	1001026	1002195
lncRNA:CR45819	chr3L	+	3137598	3138012
lncRNA:CR45820	chr3L	-	3555630	3556299
lncRNA:CR45821	chr3L	-	4792614	4793717
lncRNA:CR45823	chr3L	-	8844943	8845814
lncRNA:CR45824	chr3L	+	12380251	12381470
lncRNA:CR45825	chr3L	-	13550873	13551808
lncRNA:CR45826	chr3L	-	1927622	1928152
lncRNA:CR45833	chr3L	+	7350403	7350802
lncRNA:CR45866	chr3L	-	7629990	7630508
lncRNA:CR45876	chr3L	+	9991735	9992583
lncRNA:CR45877	chr3L	+	9999830	10000867
lncRNA:CR45878	chr3L	+	10048301	10048927
lncRNA:CR45880	chr3L	+	11667277	11667898
lncRNA:CR45881	chr3L	+	11666318	11667079
lncRNA:CR45883	chr3L	-	11667283	11667825
lncRNA:CR45884	chr3L	+	11672612	11672974
lncRNA:CR45887	chr3L	-	14134721	14135102
lncRNA:CR45888	chr3L	-	14661454	14661946
lncRNA:CR45893	chr3L	+	16343188	16345241
lncRNA:CR45897	chr3L	-	16700828	16701469
lncRNA:CR45898	chr3L	+	16882190	16882539
lncRNA:CR45899	chr3R	+	7000491	7001423
lncRNA:CR45900	chr3R	-	6858838	6859192
lncRNA:CR45901	chr3R	+	6833362	6834247
lncRNA:CR45902	chr3R	-	6834342	6834967
lncRNA:CR45903	chr3R	-	6835379	6835690
lncRNA:CR45904	chr3R	+	6835868	6836358
lncRNA:CR45905	chr3R	+	6836665	6837608
lncRNA:CR45906	chr3R	+	7110011	7110264
lncRNA:CR45910	chr3R	-	25586441	25589179
lncRNA:CR45911	chr3R	-	15417319	15420710
lncRNA:CR45913	chr2L	-	13745447	13747888
lncRNA:CR45914	chr3R	+	13466494	13466722
lncRNA:CR45915	chr3R	+	6810818	6811246
lncRNA:CR45916	chr3L	+	19562635	19566533
lncRNA:CR45917	chr3R	+	25650571	25651557
lncRNA:CR45918	chr2R	-	9310328	9313237
lncRNA:CR45919	chr2L	+	17560812	17566551
lncRNA:CR45920	chr3L	-	21668034	21670043
lncRNA:CR45921	chr3L	-	17981320	17981841
lncRNA:CR45922	chr3L	-	18037722	18038280
lncRNA:CR45935	chr3L	+	18230628	18231056
lncRNA:CR45936	chr3L	+	18243699	18244239
lncRNA:CR45937	chr3L	-	18234245	18234760
lncRNA:CR45938	chr3L	-	18753796	18754085
lncRNA:CR45939	chr3L	-	18772085	18801312
lncRNA:CR45940	chr3L	-	19033316	19033900
lncRNA:CR45941	chr3L	-	19183997	19184726
lncRNA:CR45942	chr3L	+	20159989	20160486
lncRNA:CR45945	chr3L	+	21119412	21119801
lncRNA:CR45949	chr2L	+	9948907	9951122
lncRNA:CR45950	chr3R	-	24439866	24440510
lncRNA:CR45953	chr3L	+	21398316	21398941
lncRNA:CR45954	chr3L	+	21413302	21413643
lncRNA:CR45956	chr3L	-	21642653	21644202
lncRNA:CR45957	chr3L	+	21767228	21767915
lncRNA:CR45958	chr3L	-	21776699	21777160
lncRNA:CR45959	chr3L	-	21904172	21904862
lncRNA:CR45961	chr3L	+	22756795	22757328
lncRNA:CR45962	chr3L	-	22348167	22407547
lncRNA:CR45963	chr3L	+	22345382	22346236
lncRNA:CR45964	chr3L	+	22350700	22351500
lncRNA:CR45965	chr3L	-	22359457	22360868
lncRNA:CR45966	chr3L	-	22424468	22424909
lncRNA:CR45967	chr3L	+	22607748	22608370
lncRNA:CR45971	chr3L	-	22176422	22177599
lncRNA:CR45972	chr3L	+	22197782	22198241
lncRNA:CR45973	chr3L	+	20404269	20407558
lncRNA:CR45975	chr3L	-	18302800	18303341
lncRNA:CR45976	chr3L	+	17696390	17696967
lncRNA:CR45977	chr3L	+	15629292	15629693
lncRNA:CR45978	chr3L	+	14949883	14950703
lncRNA:CR45979	chr3L	+	6505568	6506393
lncRNA:CR45980	chr3L	-	6376705	6377197
lncRNA:CR45981	chr3L	-	2621720	2622629
lncRNA:CR45982	chr3L	+	2628040	2629018
lncRNA:CR45983	chr3L	+	4744949	4745310
lncRNA:CR45984	chr3L	+	4749406	4749991
lncRNA:CR45985	chr3L	-	5142519	5142780
lncRNA:CR45991	chr3R	+	27411670	27412297
lncRNA:CR45993	chr2R	-	16153262	16153811
lncRNA:CR45994	chr2R	+	16153905	16154551
lncRNA:CR45996	chr3R	-	18698134	18701290
lncRNA:CR45997	chr2R	+	17262338	17262748
lncRNA:CR45998	chr3L	+	16017536	16021582
lncRNA:CR46000	chr3L	-	6981211	6981703
lncRNA:CR46001	chr3L	-	6104849	6105198
lncRNA:CR46002	chr3L	+	509296	509890
lncRNA:CR46003	chr3L	-	10286944	10307968
lncRNA:CR46004	chr3L	+	10306677	10320600
lncRNA:CR46006	chr3L	+	10323500	10367450
lncRNA:CR46007	chr3R	-	11033379	11034203
lncRNA:CR46008	chr3R	-	11335550	11336307
lncRNA:CR46009	chr3R	+	11354347	11355123
lncRNA:CR46010	chr3R	-	11356105	11356601
lncRNA:CR46011	chr3R	+	11702912	11703708
lncRNA:CR46013	chr3R	+	12266103	12266610
lncRNA:CR46014	chr3R	+	12276603	12276932
lncRNA:CR46015	chr3R	+	12370506	12371099
lncRNA:CR46016	chr3R	-	12532698	12533786
lncRNA:CR46017	chr3R	-	12614391	12615200
lncRNA:CR46019	chr3R	-	13105069	13105491
lncRNA:CR46021	chr3R	+	14527184	14527980
lncRNA:CR46022	chr3R	+	14528385	14529056
lncRNA:CR46023	chr3R	-	14535244	14536223
lncRNA:CR46024	chr3R	-	14840748	14841360
lncRNA:CR46028	chr3R	-	15922928	15924187
lncRNA:CR46030	chr3R	-	16526930	16527416
lncRNA:CR46031	chr3L	+	14424500	14425926
lncRNA:CR46032	chr3L	-	14420601	14421294
lncRNA:CR46035	chr3R	+	17703694	17705581
lncRNA:CR46036	chr3R	+	17700740	17701873
lncRNA:CR46039	chr3R	+	19191980	19193028
lncRNA:CR46040	chr3R	+	19921312	19921671
lncRNA:CR46041	chr3R	+	19058019	19058519
lncRNA:CR46043	chr3R	-	20238506	20239091
lncRNA:CR46046	chr3R	-	21401653	21402289
lncRNA:CR46052	chr3R	+	17429761	17430106
lncRNA:CR46053	chr3R	+	17432380	17432870
lncRNA:CR46056	chr3R	+	21638651	21639088
lncRNA:CR46057	chr3R	+	21646300	21646603
lncRNA:CR46060	chr3R	-	26124808	26125423
lncRNA:CR46061	chr3R	+	26235324	26252932
lncRNA:CR46062	chr3R	+	26241290	26241802
lncRNA:CR46063	chr2L	+	7567928	7568438
lncRNA:CR46064	chr2R	+	4782891	4785543
lncRNA:CR46073	chr3R	+	26847808	26849236
lncRNA:CR46075	chr2R	-	6501031	6501772
lncRNA:CR46076	chr3R	+	28140479	28141378
lncRNA:CR46077	chr3R	-	28137646	28137965
lncRNA:CR46078	chr3R	-	28146391	28146962
lncRNA:CR46079	chr3R	-	28152963	28153752
lncRNA:CR46080	chr3R	+	28153300	28153759
lncRNA:CR46083	chr3R	-	26509538	26510100
lncRNA:CR46084	chr3R	-	26541291	26543209
lncRNA:CR46085	chr3R	+	27245332	27245701
lncRNA:CR46086	chr3R	-	27503392	27504101
lncRNA:CR46087	chr3R	-	27999621	28000302
lncRNA:CR46088	chr3R	+	22928592	22929129
lncRNA:CR46090	chr3R	-	23333503	23333803
lncRNA:CR46094	chr3R	+	24573769	24574304
lncRNA:CR46095	chr3R	+	24607270	24607795
lncRNA:CR46098	chr3R	+	25137700	25138001
lncRNA:CR46100	chr3R	-	25553702	25554335
lncRNA:CR46102	chr3R	+	25738026	25738689
lncRNA:CR46103	chr3R	-	28302912	28303571
lncRNA:CR46106	chr3R	-	28427093	28427990
lncRNA:CR46108	chr3R	+	29719712	29721191
lncRNA:CR46110	chr3R	-	29774323	29775051
lncRNA:CR46111	chr3R	+	30026217	30026872
lncRNA:CR46112	chr3R	+	30106996	30107532
lncRNA:CR46113	chr3R	-	30272761	30273555
lncRNA:CR46114	chr3R	-	30357254	30358138
lncRNA:CR46115	chr3R	+	30697379	30704118
lncRNA:CR46116	chr3R	+	30984808	30985135
lncRNA:CR46117	chr3R	-	30992802	30993615
lncRNA:CR46118	chr3R	+	31345138	31345746
lncRNA:CR46119	chr3R	-	31570982	31571281
lncRNA:CR46120	chr3R	+	31568102	31569097
lncRNA:CR46122	chr3R	-	1865107	1866008
lncRNA:CR46123	chr3R	-	1366233	1366601
lncRNA:CR46124	chr3R	+	8612710	8613030
lncRNA:CR46125	chr3R	-	8460240	8461200
lncRNA:CR46126	chr3R	-	8413802	8414185
lncRNA:CR46127	chr3R	-	7883692	7884441
lncRNA:CR46130	chr3R	+	7315398	7315661
lncRNA:CR46131	chr3R	+	6585430	6586105
lncRNA:CR46132	chr3R	+	6554316	6554999
lncRNA:CR46141	chr3R	-	3697233	3697640
lncRNA:CR46142	chr3R	-	7997605	7998352
lncRNA:CR46143	chr3R	-	7995984	7997435
lncRNA:CR46147	chrX	-	16645866	16646167
lncRNA:CR46148	chr2L	+	588047	588784
lncRNA:CR46153	chr3R	-	14598222	14598517
lncRNA:CR46156	chrX	+	4313625	4314216
lncRNA:CR46194	chr2R	-	12169557	12171706
lncRNA:CR46196	chr2L	+	7094514	7095248
lncRNA:CR46197	chr3L	+	15758025	15759201
lncRNA:CR46198	chr3L	-	5085579	5086229
lncRNA:CR46199	chr3R	+	14911204	14911982
lncRNA:CR46200	chr3L	+	901887	902396
lncRNA:CR46202	chr2L	-	22046600	22047243
lncRNA:CR46203	chr3R	-	12256935	12257638
lncRNA:CR46204	chr2L	+	17450493	17452384
lncRNA:CR46205	chr2L	+	7404746	7404973
lncRNA:CR46206	chr2L	-	12767716	12768765
lncRNA:CR46207	chr3R	+	31131541	31132033
lncRNA:CR46208	chr2L	-	9663743	9668501
lncRNA:CR46209	chr2L	+	19215450	19215967
lncRNA:CR46210	chr2L	+	7176036	7176624
lncRNA:CR46211	chrX	-	16191133	16191631
lncRNA:CR46212	chr3L	-	10603771	10604509
lncRNA:CR46213	chr3L	+	15319922	15320356
lncRNA:CR46214	chr3L	-	16759392	16762683
lncRNA:CR46215	chr3L	-	18428523	18429255
lncRNA:CR46216	chr3L	+	19243754	19251653
lncRNA:CR46217	chr3R	+	12833126	12833725
lncRNA:CR46218	chr3R	+	12873130	12874445
lncRNA:CR46219	chr3R	+	30715124	30716848
lncRNA:CR46220	chr3R	-	30904967	30905532
lncRNA:CR46221	chr3R	-	6037786	6038372
lncRNA:CR46224	chr3R	+	7318987	7319232
lncRNA:CR46225	chr3R	+	7774028	7774583
lncRNA:CR46226	chr3R	-	7775409	7775768
lncRNA:CR46227	chr3L	-	22708935	22709918
lncRNA:CR46228	chr3R	+	8517042	8517384
lncRNA:CR46229	chr2R	-	10671647	10672622
lncRNA:CR46230	chr3L	+	10796801	10797361
lncRNA:CR46231	chr3L	+	10797625	10798408
lncRNA:CR46233	chr3R	-	26637804	26639515
lncRNA:CR46234	chr2R	-	18815653	18816452
lncRNA:CR46235	chr2R	-	17245060	17245501
lncRNA:CR46236	chr3R	+	30630386	30631430
lncRNA:CR46237	chr2R	+	12900880	12901613
lncRNA:CR46238	chr3R	-	12744671	12745388
lncRNA:CR46239	chr3R	-	13864596	13865095
lncRNA:CR46240	chr3L	+	11317703	11318357
lncRNA:CR46241	chr3L	-	12286341	12286683
lncRNA:CR46242	chrX	+	14097598	14097965
lncRNA:CR46243	chrX	+	3363685	3364060
lncRNA:CR46245	chrX	+	7134516	7135480
lncRNA:CR46247	chrX	-	4062858	4064506
lncRNA:CR46248	chrX	+	1299769	1300333
lncRNA:CR46249	chr3L	-	550296	551010
lncRNA:CR46250	chr3L	-	27364827	27365990
lncRNA:CR46252	chr3L	+	27135183	27135726
lncRNA:CR46253	chr2L	+	23239252	23240411
lncRNA:CR46254	chr2L	+	54816	55767
lncRNA:CR46257	chr2R	+	9578904	9579271
lncRNA:CR46258	chr2L	+	490834	492649
lncRNA:CR46259	chr2L	-	500872	502236
lncRNA:CR46260	chr2L	-	721984	724833
lncRNA:CR46265	chr3R	+	18719622	18719998
lncRNA:CR46267	chr3R	+	16951906	16953770
lncRNA:CR46268	chr2L	+	22538229	22548452
lncRNA:CR46271	chr2R	+	18541143	18542454
lncRNA:CR46299	chr3R	+	7318038	7318803
lncRNA:CR46322	chr2R	-	10209723	10211347
lncRNA:CR46326	chr3L	+	20558196	20558520
lncRNA:CR46328	chr2L	-	2637668	2638540
lncRNA:CR46336	chr2R	+	12903793	12906236
lncRNA:CR46337	chr2R	-	12904544	12906237
lncRNA:CR46348	chr3L	-	22570363	22572033
lncRNA:CR46349	chrX	-	4074960	4075428
lncRNA:CR46350	chr3R	+	9283874	9284525
lncRNA:CR46351	chr3R	-	12645718	12646077
lncRNA:CR46352	chr3R	-	5042651	5043025
lncRNA:CR46353	chr3L	-	18323583	18323985
lncRNA:CR46391	chrX	+	14857060	14857617
lncRNA:CR46393	chr3R	+	19212153	19212727
lncRNA:CR46408	chr2L	-	15399122	15399392
lncRNA:CR46409	chr2R	+	11086293	11086898
lncRNA:CR46410	chr2L	-	6271072	6271503
lncRNA:CR46411	chr2L	-	14745870	14746176
lncRNA:CR46414	chr3L	+	11598011	11598821
lncRNA:CR46416	chr2L	+	20477263	20477586
lncRNA:CR46431	chr3R	+	4172272	4172577
lncRNA:CR46444	chr2R	+	20073969	20075177
lncRNA:CR46445	chr2R	-	20064279	20065437
lncRNA:CR46446	chr2R	+	20066482	20067395
lncRNA:CR46449	chr3L	-	10301364	10301814
lncRNA:CR46450	chr2L	+	23176237	23177906
lncRNA:CR46451	chr3L	-	9036593	9040929
lncRNA:CR46454	chr2L	+	11448066	11466783
lncRNA:CR46455	chr2R	+	9973112	9974616
lncRNA:CR46472	chrX	+	21520174	21527105
lncRNA:CR46474	chr3R	+	25140293	25156085
lncRNA:CR46475	chr3L	-	23266133	23279170
lncRNA:CR46476	chr2R	+	4792868	4794974
lncRNA:CR46477	chr2R	+	4802419	4815130
lncRNA:CR46478	chr2R	+	4788762	4801505
lncRNA:CR46480	chr2L	-	22115436	22121183
lncRNA:CR46481	chr2R	+	2862766	2866470
lncRNA:CR46482	chr3L	-	27821332	27881412
lncRNA:CR46483	chr3L	-	24957238	24975495
lncRNA:CR46488	chr4	-	180528	182098
lncRNA:CR46489	chr2R	-	3481472	3483439
lncRNA:CR46490	chr2R	-	20065863	20067081
lncRNA:CR9162	chr2L	+	6078452	6079736
lncRNA:CR9284	chr2R	+	21803401	21804338
lncRNA:CRG	chr3R	-	21783539	21786208
lncRNA:Hsromega	chr3R	+	21296126	21317836
lncRNA:SMRG	chrX	+	12680686	12682560
lncRNA:TS1	chr2L	-	20550950	20551354
lncRNA:TS11	chr2L	-	2625455	2627986
lncRNA:TS14	chr3R	-	7326480	7327181
lncRNA:TS16	chr3R	+	16801298	16801877
lncRNA:TS18	chr2R	-	8310520	8311234
lncRNA:TS2	chr2L	-	3587067	3587469
lncRNA:TS20	chr3R	+	5970759	5971291
lncRNA:TS25	chr3R	-	11307668	11307886
lncRNA:TS26	chr3R	+	13541912	13542314
lncRNA:TS27	chr3R	+	27999907	28001015
lncRNA:TS3	chr3L	-	20557217	20557810
lncRNA:TS4	chr2L	+	2639184	2640081
lncRNA:TS6	chr2L	-	4655477	4656209
lncRNA:TS9	chr2L	-	12774053	12775252
lncRNA:Yu	chr2R	+	24498082	24498669
lncRNA:acal	chr2R	-	10544924	10547260
lncRNA:alphagamma-element:CR32865	chr3R	-	12475335	12478267
lncRNA:bxd	chr3R	-	16742124	16773189
lncRNA:cherub	chr3R	-	11247630	11256123
lncRNA:dntRL	chr2R	-	4621117	4622481
lncRNA:enrr	chrX	-	513105	523226
lncRNA:flam	chrX	+	21631890	21790731
lncRNA:iab4	chr3R	+	16850003	16856497
lncRNA:iab8	chr3R	-	16831115	16923231
lncRNA:let7C	chr2L	+	18455716	18473132
lncRNA:noe	chr3L	-	17400271	17401348
lncRNA:osk	chr3R	+	8935715	8938395
lncRNA:roX1	chrX	-	3857229	3862697
lncRNA:roX2	chrX	+	11579064	11580432
lncRNA:sphinx	chr4	+	975167	977261
lncRNA:yar	chrX	+	362398	367072
lobo	chr3R	-	25169564	25193776
loco	chr3R	-	22619967	22639387
loh	chr2L	+	10442533	10450080
loj	chr3L	+	6094986	6096517
lok	chr2L	+	20061421	20064381
lola	chr2R	-	10481893	10543291
lolal	chr2R	-	18154094	18158192
loopin-1	chr2R	+	16534942	16537086
loqs	chr2L	+	13382651	13385671
lost	chr3R	+	4403075	4407182
lov	chr2R	-	25085779	25139627
lovit	chr3L	-	25236939	25670980
lqf	chr3L	+	7528779	7540012
lqfR	chr3R	+	22411300	22419051
lsn	chr3R	+	21865167	21866238
lt	chr2L	+	22924794	22943135
ltl	chr3L	+	7518996	7528013
luna	chr2R	-	10977955	11116378
lush	chr3L	-	19604397	19606090
lute	chr3R	+	17379943	17390265
lva	chrX	-	3955542	3965327
lwr	chr2L	-	540598	542580
lz	chrX	+	9284648	9303636
m	chrX	+	11754272	11769508
m-cup	chr3R	-	17144474	17149412
mAChR-A	chr2R	-	24378629	24390294
mAChR-B	chr3R	+	8059283	8087049
mAChR-C	chrX	-	6831396	6832684
mAcon1	chr2L	+	21168569	21173185
mAcon2	chr3R	+	11137176	11139742
mEFG1	chr2L	-	7220368	7223081
mEFTs	chr2L	-	17499267	17501106
mEFTu1	chr2R	+	13507556	13509332
mEFTu2	chr2R	-	7508526	7510357
mGluR	chr4	+	936818	949441
mIF2	chr3R	-	28542273	28544817
mIF3	chr2R	+	12321237	12322797
mRF1	chr2L	+	13219978	13221398
mRNA-cap	chrX	-	14240265	14242822
mRRF1	chr3L	+	9364349	9365240
mRRF2	chr3R	+	22613685	22616622
mRpL1	chr3R	+	8301439	8302770
mRpL10	chr2L	+	203778	204782
mRpL11	chr3R	+	14511837	14512691
mRpL12	chr3L	+	8956790	8957584
mRpL13	chr2L	-	18858027	18859248
mRpL14	chrX	-	2343996	2344649
mRpL15	chr3L	-	20435109	20436209
mRpL16	chrX	+	1890255	1891482
mRpL17	chr3L	+	264778	265932
mRpL18	chr2R	+	12756433	12757173
mRpL19	chr3R	+	8674108	8675196
mRpL2	chr3L	+	11120846	11122041
mRpL20	chr3L	-	13017148	13017867
mRpL21	chr3L	-	19253289	19255061
mRpL22	chrX	+	16783932	16785092
mRpL23	chr3L	-	2372843	2373704
mRpL24	chr2L	-	4944255	4945361
mRpL27	chr2L	-	4458594	4459638
mRpL28	chr2L	+	4973975	4975316
mRpL3	chrX	+	15761247	15762663
mRpL30	chrX	+	4647870	4648646
mRpL32	chr3R	+	31252871	31253686
mRpL33	chrX	-	4321763	4322231
mRpL34	chr2R	+	16098947	16099337
mRpL35	chr3R	+	22023526	22024341
mRpL36	chr3L	-	8124583	8125132
mRpL37	chr3R	-	10782562	10784092
mRpL38	chrX	+	14226288	14227949
mRpL39	chr3L	-	14997980	14999666
mRpL4	chr2L	-	16328058	16329132
mRpL40	chr3R	+	11407917	11408756
mRpL41	chr2R	-	15217023	15217617
mRpL42	chr2R	+	10066649	10067242
mRpL43	chr2R	+	23698104	23699014
mRpL44	chr3R	-	5469462	5470636
mRpL45	chr3R	+	22618491	22619826
mRpL46	chr3L	+	1777438	1778347
mRpL47	chr3R	-	9514821	9515908
mRpL48	chr2L	+	1710461	1711465
mRpL49	chrX	+	12907104	12907942
mRpL50	chr3L	-	7243079	7243933
mRpL51	chr2L	-	8516752	8517380
mRpL52	chr2R	-	7673720	7674400
mRpL53	chr2R	+	13954194	13955664
mRpL54	chr2R	+	21060788	21061587
mRpL55	chr3R	-	19094393	19094905
mRpL9	chr3R	+	15330737	15331588
mRpS10	chr3R	+	15229664	15230516
mRpS11	chr3R	+	17072731	17073795
mRpS14	chrX	-	19479381	19480238
mRpS16	chr2R	-	14172985	14173596
mRpS17	chr2R	-	24173664	24174441
mRpS18A	chr3R	-	8561916	8562593
mRpS18B	chr2L	-	20096328	20097253
mRpS18C	chr3R	+	30423973	30424556
mRpS2	chr2L	-	4849438	4850419
mRpS21	chr3R	-	13381275	13381809
mRpS22	chr3R	+	27916907	27918248
mRpS23	chr2L	-	13834249	13835072
mRpS24	chr3R	-	24162828	24163545
mRpS25	chrX	-	14582135	14582982
mRpS26	chr3L	+	18106578	18107499
mRpS28	chr2R	-	18614209	18615018
mRpS29	chr2R	-	22418936	22420376
mRpS30	chrX	+	15786046	15788288
mRpS31	chr3L	+	16005192	16006599
mRpS33	chr3R	-	16436044	16436597
mRpS34	chr3L	+	16348073	16348782
mRpS35	chr3L	+	2780898	2782105
mRpS5	chr3L	+	24537235	24543534
mRpS6	chr3L	+	4364549	4365243
mRpS7	chr2L	+	10386661	10387652
mRpS9	chr3R	-	7889276	7902667
mTTF	chr2L	-	14347238	14348790
mTerf3	chr3L	-	20519589	20520772
mTerf5	chr3R	-	18221521	18223682
mab-21	chrX	-	6008182	6013181
mad2	chr3L	-	5812134	5813093
mael	chr3L	+	22721202	22726234
maf-S	chr2R	+	20640975	20641668
mag	chr3L	+	20460682	20462274
mago	chr2R	+	21128576	21129737
magu	chr2R	+	10052540	10063712
mah	chr3R	+	24947631	24949539
mahe	chrX	-	7922157	7931382
mahj	chr2R	+	21625029	21631422
mal	chrX	+	20429674	20433210
mam	chr2R	+	13991202	14060356
mamo	chrX	-	13846115	13990527
mars	chr2R	+	13500620	13506011
mas	chr3L	-	4161665	4167464
mask	chr3R	+	24230561	24250248
mats	chr3R	+	22421160	22423302
mav	chr4	-	623218	626031
mbc	chr3R	+	23781764	23801634
mbf1	chr3L	+	16574435	16576871
mbl	chr2R	+	17216548	17379376
mbm	chr2L	-	271911	273715
mbo	chr3R	-	12676486	12679052
mbt	chrX	+	16610684	16614856
mdlc	chr3R	+	20057747	20059291
mdy	chr2L	+	16816659	16826964
me31B	chr2L	+	10239340	10242172
mei-217	chrX	-	17136577	17142990
mei-218	chrX	-	17135984	17142990
mei-38	chrX	+	1477062	1481420
mei-41	chrX	+	16391697	16399850
mei-9	chrX	-	4314229	4318801
mei-P22	chr3L	+	7244387	7245383
mei-P26	chrX	+	9163254	9189309
mei-S332	chr2R	+	22122100	22124566
mei-W68	chr2R	+	19456169	19459523
meigo	chr3R	+	21138269	21140365
melt	chr3L	+	7134515	7143074
meng	chr2L	+	6742501	6756133
meru	chr3L	-	15837772	15844062
mesh	chr3R	-	31178388	31195762
meso18E	chrX	-	19706417	19713045
metl	chr3L	-	1637941	1639235
metro	chr2R	-	11226457	11232516
mew	chrX	-	13214408	13258490
mex1	chr3L	-	15517423	15519592
mey	chr3R	+	31499234	31506992
mfas	chr3R	-	11984861	11993315
mfr	chr3L	-	8905917	8912671
mfrn	chr3R	-	27942795	27948021
mge	chr3L	-	3907851	3909931
mgl	chrX	-	9358495	9500129
mgr	chr3R	-	11408791	11409875
mh	chrX	-	15472803	15475400
mi	chr2R	+	23523855	23528260
mia	chr3R	-	5548114	5551168
mib1	chr3L	-	16006551	16011812
mib2	chr2L	+	19034443	19041541
mid	chr2L	+	5461638	5467610
mil	chr3R	+	27912446	27913785
milt	chr2L	+	7037822	7056010
mim	chr2R	-	6924686	6971637
mino	chr3R	+	27925190	27933077
mio	chr2L	+	2217289	2220625
mip120	chr2R	+	13506429	13513112
mip130	chrX	+	1908238	1920318
mip40	chr2R	-	19291104	19292196
miple1	chr3L	+	267298	270336
miple2	chr3L	+	271199	275018
mir-1	chr2L	+	20487440	20487531
mir-10	chr3R	-	6809505	6809582
mir-100	chr2L	+	18471433	18471533
mir-1000	chr3R	-	25588858	25588958
mir-1001	chr3R	-	27642465	27642555
mir-1002	chr2L	-	13747608	13747697
mir-1003	chr3R	+	24658604	24658660
mir-1004	chr2L	+	3767620	3767688
mir-1005	chr2L	+	4343695	4343756
mir-1006	chr2L	-	16724794	16724858
mir-1007	chrX	-	21296384	21296449
mir-1008	chr2R	+	10885532	10885589
mir-1009	chr2R	-	23993053	23993114
mir-1010	chr3R	+	22292878	22292949
mir-1011	chr3R	-	20853304	20853358
mir-1012	chr3R	-	26861348	26861407
mir-1013	chr3R	-	30791635	30791696
mir-1014	chr3R	-	31753523	31753591
mir-1015	chr3R	+	24339231	24339295
mir-1016	chr2R	-	14233129	14233187
mir-1017	chr3R	+	24488611	24488682
mir-10404-3	chrX	+	23205158	23205227
mir-10404-4	chrX	+	23291449	23291518
mir-10404-5	chrX	-	23538214	23538283
mir-11	chr3R	-	21622496	21622571
mir-11182	chr2R	-	18180150	18180205
mir-12	chrX	+	15509472	15509546
mir-124	chr2L	+	17566369	17566469
mir-125	chr2L	+	18472314	18472424
mir-133	chr2L	+	20616616	20616714
mir-137	chr2R	-	16065253	16065344
mir-13a	chr3R	-	15417541	15417616
mir-13b-1	chr3R	-	15417407	15417475
mir-13b-2	chrX	+	9091229	9091299
mir-14	chr2R	+	9553761	9553824
mir-184	chr2R	-	13329401	13329501
mir-190	chr3L	+	8571798	8571898
mir-193	chr3L	+	21574013	21574121
mir-210	chrX	+	18128218	18128318
mir-219	chr3L	+	17315005	17315105
mir-2279	chr2R	-	2552169	2552282
mir-2280	chr2L	-	1831684	1831799
mir-2281	chr3R	-	14396398	14396501
mir-2282	chr3L	-	3412144	3412251
mir-2283	chr3R	+	9517523	9517599
mir-2489	chr2L	+	13609973	13610068
mir-2490	chr2L	+	23168824	23168899
mir-2491	chrX	-	22833439	22833583
mir-2492	chrX	+	11547421	11547497
mir-2493	chr3R	-	15130753	15130859
mir-2494	chr3R	+	16618765	16618882
mir-2495	chr2L	+	5068569	5068684
mir-2496	chrX	+	2010299	2010417
mir-2497	chr2L	+	16678239	16678335
mir-2498	chr2R	-	20584708	20584820
mir-2499	chrX	+	19557007	19557103
mir-2500	chr3L	-	16998456	16998524
mir-2501	chr3L	+	8111106	8111177
mir-252	chr3R	-	13464218	13464311
mir-2535b	chrX	-	21298274	21298345
mir-263b	chr3L	-	15843405	15843495
mir-274	chr3L	+	11656917	11657017
mir-275	chr2L	+	7425794	7425892
mir-276a	chr3L	+	10365227	10365325
mir-276b	chr3L	+	10319784	10319883
mir-277	chr3R	+	10100021	10100121
mir-278	chr2R	+	15657065	15657163
mir-279	chr3R	+	29215584	29215684
mir-280	chr2R	+	8298105	8298200
mir-281-1	chr2R	-	12170372	12170462
mir-281-2	chr2R	-	12170152	12170244
mir-282	chr3L	+	3251021	3251118
mir-283	chrX	+	15507955	15508055
mir-284	chr3R	-	12551514	12551614
mir-285	chr3L	-	11946092	11946191
mir-286	chr2R	-	19661421	19661521
mir-287	chr2L	+	17574609	17574702
mir-288	chr2L	-	20618365	20618462
mir-289	chr3L	+	13620821	13620920
mir-2a-1	chr2L	-	19569896	19569972
mir-2a-2	chr2L	-	19569489	19569561
mir-2b-1	chr2L	-	8258615	8258692
mir-2b-2	chr2L	-	19570181	19570264
mir-2c	chr3R	-	15417743	15417845
mir-3	chr2R	-	19661594	19661663
mir-303	chrX	-	4366178	4366248
mir-304	chrX	+	15508958	15509046
mir-305	chr2L	+	7425971	7426044
mir-306	chr2L	+	16698403	16698488
mir-307a	chr2R	-	9621250	9621338
mir-307b	chr2R	+	9621233	9621353
mir-308	chr2R	-	14215801	14215864
mir-309	chr2R	-	19661705	19661774
mir-310	chr2R	-	20583751	20583840
mir-311	chr2R	-	20583876	20583960
mir-312	chr2R	-	20584055	20584121
mir-313	chr2R	-	20584189	20584260
mir-314	chr3L	+	11773011	11773101
mir-315	chr3L	+	18860970	18861054
mir-316	chr3L	-	21668713	21668802
mir-317	chr3R	+	10091125	10091217
mir-318	chr3R	+	10408301	10408369
mir-31a	chr2R	-	17783794	17783886
mir-31b	chrX	-	8993304	8993431
mir-33	chr3L	+	19797960	19798059
mir-34	chr3R	+	10100935	10101034
mir-3641	chrX	+	2171085	2171154
mir-3642	chr3L	+	11629504	11629580
mir-3643	chr2R	-	17766392	17766460
mir-3644	chr3R	-	15192296	15192357
mir-3645	chrX	-	5622279	5622416
mir-375	chr2L	+	857541	857632
mir-4	chr2R	-	19661288	19661369
mir-4908	chr3R	+	30506828	30506887
mir-4909	chr2R	+	7711416	7711476
mir-4910	chr2L	-	4817815	4817881
mir-4911	chr3R	-	15836286	15836354
mir-4912	chr2L	-	4829979	4830039
mir-4913	chr3L	-	8354183	8354241
mir-4914	chr2L	+	2737567	2737661
mir-4915	chrX	+	133384	133502
mir-4916	chrX	-	9236459	9236518
mir-4917	chrX	+	14199544	14199621
mir-4918	chr3R	-	8308430	8308485
mir-4919	chr2R	+	15945886	15945946
mir-4939	chr2R	-	22985210	22985319
mir-4940	chr3L	+	9144592	9144697
mir-4941	chr3L	+	16031188	16031291
mir-4942	chr3L	+	23339227	23339337
mir-4943	chr2L	-	16528374	16528491
mir-4944	chr3R	-	10513004	10513133
mir-4945	chr3R	-	11442191	11442306
mir-4946	chr2L	-	18867045	18867161
mir-4947	chr3R	-	29008752	29008852
mir-4948	chr3R	-	31051097	31051203
mir-4949	chr3R	-	31219273	31219372
mir-4950	chr3R	+	7451451	7451543
mir-4951	chr3R	+	21316715	21316865
mir-4952	chr3R	+	22480812	22480938
mir-4953	chr3R	+	22774139	22774232
mir-4954	chrX	-	2029003	2029094
mir-4955	chrX	-	2544739	2544908
mir-4956	chrX	-	7085736	7085853
mir-4957	chrX	-	15319953	15320037
mir-4958	chrX	-	16080922	16081056
mir-4959	chrX	-	19169130	19169248
mir-4960	chrX	+	569902	570003
mir-4961	chrX	+	1373622	1373755
mir-4962	chrX	+	3777381	3777505
mir-4963	chrX	+	5790752	5790861
mir-4964	chrX	+	8965800	8965912
mir-4965	chrX	+	16606107	16606194
mir-4966-1	chrX	+	19558369	19558496
mir-4966-2	chrX	+	19558606	19558693
mir-4967	chr2R	-	10012092	10012199
mir-4968	chr3L	-	11552538	11552693
mir-4969	chr3R	-	21798513	21798671
mir-4970	chr2L	+	10741884	10741987
mir-4971	chr2L	-	3463289	3463400
mir-4972	chr2L	-	3636966	3637073
mir-4973	chr2L	+	20562297	20562448
mir-4974	chr2L	+	21263932	21264034
mir-4975	chr2R	-	6707162	6707273
mir-4976	chr2R	-	6835532	6835635
mir-4977	chr2R	-	7406732	7406837
mir-4978	chr2R	-	14005859	14006006
mir-4979	chr2R	-	23734032	23734141
mir-4980	chr2R	+	7786321	7786443
mir-4981	chr2R	+	8015248	8015343
mir-4982	chr2R	+	18720168	18720287
mir-4983	chr2R	+	19637413	19637521
mir-4984	chr2L	-	8141539	8141662
mir-4985	chr2R	+	24294230	24294331
mir-4986	chr3L	-	9733658	9733780
mir-4987	chr2L	-	10840344	10840476
mir-5	chr2R	-	19661157	19661226
mir-6-1	chr2R	-	19661002	19661084
mir-6-2	chr2R	-	19660868	19660942
mir-6-3	chr2R	-	19660715	19660795
mir-7	chr2R	+	20606066	20606154
mir-79	chr2L	+	16698553	16698650
mir-8	chr2R	+	16831431	16831518
mir-87	chr2L	-	9950417	9950516
mir-927	chrX	-	15965946	15966038
mir-929	chr3R	+	4295368	4295456
mir-92a	chr3R	+	25646505	25646600
mir-92b	chr3R	+	25651397	25651497
mir-932	chr2L	+	6902061	6902152
mir-9369	chrX	+	19551317	19551379
mir-9370	chrX	-	11710251	11710301
mir-9371	chr3R	+	9989119	9989180
mir-9372	chrX	-	633690	633751
mir-9373	chr3R	-	19621079	19621138
mir-9374	chr2L	+	21238300	21238361
mir-9375	chr3R	-	6451550	6451609
mir-9376	chr2R	+	22946866	22946942
mir-9377	chrX	+	12665216	12665268
mir-9378	chr2L	-	10751876	10751938
mir-9379	chr2R	-	13852844	13852901
mir-9380	chr3R	-	8348701	8348778
mir-9381	chr3R	+	23983495	23983569
mir-9382	chr2L	+	12724956	12725025
mir-9383	chr3R	+	15221794	15221855
mir-9384	chr3R	-	4748663	4748723
mir-9385	chr4	-	400702	400765
mir-9388	chr3L	+	22945115	22945207
mir-954	chr4	+	626125	626212
mir-955	chr3L	+	3299054	3299151
mir-956	chr3L	-	11773730	11773878
mir-957	chr3L	-	22518195	22518291
mir-958	chr3L	-	22669288	22669380
mir-959	chr2L	+	5640939	5641037
mir-960	chr2L	+	5641062	5641155
mir-961	chr2L	+	5641190	5641279
mir-962	chr2L	+	5641297	5641389
mir-963	chr2L	+	5641989	5642078
mir-964	chr2L	+	5642101	5642201
mir-965	chr2L	-	243034	243141
mir-966	chr2L	-	6045626	6045713
mir-967	chr2L	-	12460003	12460100
mir-968	chr2L	-	13747747	13747839
mir-969	chrX	+	18124356	18124450
mir-970	chrX	+	12636335	12636430
mir-971	chrX	+	13062071	13062167
mir-972	chrX	+	19551151	19551242
mir-973	chrX	+	19551527	19551628
mir-974	chrX	+	19551677	19551778
mir-975	chrX	+	19558752	19558843
mir-976	chrX	+	19558894	19558991
mir-977	chrX	+	19559021	19559120
mir-978	chrX	+	19561235	19561327
mir-979	chrX	+	19561836	19561931
mir-980	chrX	-	280171	280269
mir-981	chrX	-	1788860	1788957
mir-982	chrX	-	4365805	4365898
mir-983-1	chrX	-	4368308	4368399
mir-983-2	chrX	-	4368482	4368581
mir-984	chrX	-	4368645	4368735
mir-985	chrX	-	16191253	16191339
mir-986	chr2R	+	8444981	8445081
mir-987	chr2R	-	9313022	9313116
mir-988	chr2R	-	12158871	12158970
mir-989	chr2R	-	14145350	14145524
mir-990	chr2R	-	16895222	16895308
mir-991	chr2R	-	20585199	20585295
mir-992	chr2R	-	20585313	20585405
mir-993	chr3R	+	6776332	6776451
mir-994	chr3R	+	10408136	10408227
mir-995	chr3R	+	20735922	20736012
mir-996	chr3R	+	29217183	29217280
mir-998	chr3R	-	21621878	21622021
mir-999	chr3R	-	21798226	21798331
mir-9a	chr3L	+	19565130	19565208
mir-9b	chr2L	+	16698743	16698834
mir-9c	chr2L	+	16697923	16698015
mir-ban	chr3L	+	642207	642288
mir-bft	chr2L	-	11953409	11953503
mir-iab-4	chr3R	+	16856274	16856342
mir-iab-8	chr3R	-	16856274	16856342
mir-let7	chr2L	+	18472033	18472111
mira	chr3R	-	19931798	19935120
mirr	chr3L	+	12693638	12710249
mkg-p	chr3L	-	8402167	8405277
mld	chr3R	+	24585652	24623899
mldr	chrX	+	6291302	6294177
mle	chr2R	-	5974856	5980778
mlt	chr2R	-	10155915	10158931
mmd	chrX	-	15946935	15973159
mms4	chr2R	+	10811077	10812215
mmy	chr2L	-	6468537	6473904
mnb	chrX	-	17862696	17887222
mnd	chr3L	+	14985099	14991667
mod	chr3R	+	32052059	32054974
mod(mdg4)	chr3R	-	21350845	21377401
modSP	chr3R	-	16652445	16655662
mof	chrX	-	5873839	5876853
moi	chr3R	+	18255529	18257677
mol	chr2L	-	14975746	14997559
mon2	chr2L	-	8116964	8124010
moody	chrX	-	2044291	2050120
moon	chrX	-	12072007	12072818
mop	chr3L	-	14769340	14776129
mor	chr3R	-	15968133	15972913
morgue	chr2L	-	4442869	4444680
mr	chr2R	+	23972430	23975408
mre11	chr2L	+	11282089	11284335
mri	chr3L	+	200173	202152
mrj	chr2R	-	16203328	16221793
mrn	chr3L	-	15578768	15580537
mrt	chr3R	-	27277248	27282661
mrva	chr3L	-	7326272	7328842
ms(2)34Fe	chr2L	+	14328428	14333860
ms(2)35Ci	chr2L	+	15292467	15294136
ms(3)76Ba	chr3L	+	19387579	19390033
ms(3)76Ca	chr3L	+	19760408	19761817
ms(3)76Cc	chr3L	+	19620501	19624309
ms(3)K81	chr3R	+	26875851	26876562
msb1l	chr2L	+	19577700	19579131
msd1	chr3L	+	1331743	1332326
msd5	chr3L	-	1332306	1333146
msi	chr3R	+	25516117	25608423
msk	chr3L	+	8116178	8121579
msl-1	chr2L	-	18683719	18688800
msl-2	chr2L	-	3462217	3466112
msl-3	chr3L	-	7123212	7125533
msn	chr3L	-	2554846	2586540
msopa	chr3L	+	22082719	22083367
mspo	chr2R	-	14671395	14713622
msps	chr3R	+	16050800	16060675
mst	chrX	+	21388976	21391533
mtDNA-helicase	chr2L	-	9891254	9893446
mtRNApol	chr2L	-	1103253	1108373
mtSSB	chr3R	-	16204193	16205250
mtTFB1	chr3L	+	11708978	11710570
mtTFB2	chr3R	+	10045573	10047260
mtd	chr3R	-	5270115	5350443
mtg	chr3R	+	8250496	8260718
mtgo	chr2L	+	16545015	16663218
mth	chr3L	-	343377	346957
mthl1	chrX	+	16640967	16650309
mthl10	chr3L	-	332800	342915
mthl11	chr3R	+	10401031	10402966
mthl12	chr3R	+	13353672	13355413
mthl13	chr2R	+	10791458	10793109
mthl14	chr3L	+	247490	250305
mthl15	chr2L	-	10234584	10238317
mthl2	chr3L	+	5604789	5607190
mthl3	chr2R	-	17448532	17452598
mthl4	chr2R	-	17445184	17447483
mthl5	chr3R	-	11883937	11887168
mthl6	chr3L	+	7485966	7487918
mthl7	chr3L	-	8178674	8180514
mthl8	chr3L	+	22427	26308
mthl9	chr3L	-	329821	332309
mtm	chr2L	-	6034730	6037015
mtrm	chr3L	+	8413011	8414103
mts	chr2L	+	7827649	7833576
mtsh	chr2L	-	8316888	8319908
mtt	chr2R	-	8473955	8532294
mu2	chr3L	-	1942733	1947475
mub	chr3L	+	21844787	21932702
muc	chr2L	+	7426865	7430329
mud	chrX	+	14247731	14258595
mura	chr3R	-	9535624	9551806
mus101	chrX	+	13722245	13727113
mus201	chr2L	+	8438168	8442342
mus301	chr3L	+	8137807	8142014
mus304	chr3L	+	18109813	18112847
mus312	chr3L	+	7329131	7333471
mus81	chrX	+	941074	943229
muskelin	chr2R	-	12628696	12632378
mute	chr2R	-	16948295	16955266
mv	chr3L	-	1950305	1964178
mwh	chr3L	+	1200785	1232700
mxc	chrX	-	9236800	9243467
mxt	chr2L	-	4841481	4847295
myo	chr4	-	690685	696055
mys	chrX	+	8061644	8070237
nAChRalpha1	chr3R	-	24393895	24457157
nAChRalpha2	chr3R	+	24485427	24491147
nAChRalpha3	chrX	-	8276199	8367169
nAChRalpha4	chr3L	+	23206668	23287448
nAChRalpha5	chr2L	+	14040169	14094401
nAChRalpha6	chr2L	-	9793316	9886250
nAChRalpha7	chrX	-	19327074	19348447
nAChRbeta1	chr3L	+	4429348	4435993
nAChRbeta2	chr3R	-	24509227	24515106
nAChRbeta3	chr2L	+	545128	547096
nSMase	chr3L	+	3219155	3220925
nSyb	chr3L	-	1630347	1637752
na	chrX	+	14266366	14277416
nab	chr3L	-	4153617	4160932
nac	chr3R	-	8302685	8304023
nahoda	chr2R	+	22896173	22916719
nan	chr3L	-	14186248	14189648
narya	chrX	+	19475062	19476055
natalisin	chr3R	+	14418592	14421865
nau	chr3R	-	23712813	23718357
naz	chr3R	-	18316074	18328942
nbs	chr3L	-	9720413	9723194
ncd	chr3R	-	29804289	29807127
nclb	chr2R	+	10875747	10877296
ncm	chr2L	-	18444506	18448957
ndl	chr3L	-	6593937	6603366
neb	chr2L	+	20075756	20089698
nec	chr2R	-	7156476	7158241
nej	chrX	-	9665441	9687066
nemy	chr2R	-	12659496	12670219
nenya	chr3R	-	27927356	27928174
neo	chr3R	+	29819130	29825800
nerfin-1	chr3L	+	909111	912319
nerfin-2	chr3R	+	10071116	10073761
nero	chr3R	-	31746444	31747558
nes	chr3L	-	19257281	19260679
nesd	chr2L	+	20093971	20096253
net	chr2L	-	82420	87387
neur	chr3R	-	9020347	9039471
ng1	chrX	+	3242411	3242934
ng2	chrX	-	3240025	3240571
ng3	chrX	-	3241490	3242084
ng4	chrX	-	3243953	3244220
nht	chr2L	-	15317953	15318901
niki	chr3R	-	24822400	24825648
ninaA	chr2L	+	877301	878270
ninaB	chr3R	+	13700564	13703164
ninaC	chr2L	+	7377701	7384344
ninaD	chr2L	+	18081627	18083608
ninaE	chr3R	-	19886254	19888206
ninaG	chr3R	-	11419375	11421693
nito	chr2R	+	7962462	7969805
nkd	chr3L	-	19003740	19045449
nkt	chr3L	+	11201350	11202158
nmd	chr2L	-	10302172	10303947
nmdyn-D6	chrX	+	14583676	14584616
nmdyn-D7	chr3R	+	9679938	9681502
nmo	chr3L	+	7979045	8054147
noc	chr2L	+	14490858	14494019
nocte	chrX	-	10461864	10474675
nod	chrX	+	11580771	11585750
noi	chr3R	-	5589600	5591459
nol	chr3L	+	11130834	11131402
nolo	chr2L	+	21684105	21729051
nom	chr3R	+	8723173	8725357
nompA	chr2R	-	11310334	11318676
nompB	chr2L	-	21578291	21589423
nompC	chr2L	+	5346199	5365760
nonA	chrX	+	16361568	16371547
nonA-l	chr3R	+	16640204	16643112
nonC	chrX	+	6824495	6838122
nop5	chr2L	-	6916752	6918743
nopo	chr2R	+	18180495	18182519
nord	chr2R	+	24243254	24255094
norpA	chrX	+	4322625	4365408
nos	chr3R	+	19157237	19160202
not	chr3L	-	18618304	18622129
nrm	chr3L	+	22998371	23040300
nrv1	chr2L	-	6778554	6786861
nrv2	chr2L	-	6789769	6798862
nrv3	chr2L	+	21379999	21393319
nsl1	chr3R	+	15793781	15802102
nsr	chr2R	+	22650555	22653595
nst	chr3L	-	12527214	12530171
ntc	chr3L	-	3803831	3806459
nub	chr2L	+	12587624	12628135
nudC	chr3L	+	16804993	16819532
nudE	chr3L	+	9899240	9903031
nuf	chr3L	+	14190869	14233250
nullo	chrX	+	7049475	7050321
numb	chr2L	+	9437468	9464184
nur	chr2L	+	13736137	13737030
nvd	chr3L	+	24324865	24401655
nvy	chr2R	+	24275733	24291084
nw	chr2R	+	17502353	17508645
nwk	chr3L	+	9137859	9145693
nxf2	chr3L	-	16576858	16580306
nxf4	chr3R	+	7346729	7347836
nyo	chr3R	+	31543031	31566165
oaf	chr2L	+	2492954	2498846
obe	chr3R	+	15486049	15493310
obst-A	chrX	+	20239854	20243209
obst-B	chr2L	+	10032689	10038954
obst-E	chr2L	-	5762552	5766142
obst-F	chr3L	-	20200442	20201638
obst-G	chr3L	-	11952300	11953317
obst-H	chr3L	-	15528264	15529243
obst-I	chr3L	+	2267857	2268590
obst-J	chr3L	-	20130450	20131743
oc	chrX	-	8630158	8650681
ocm	chr2R	+	24186702	24195290
ocn	chr3R	-	30037002	30037730
odd	chr2L	-	3604223	3606756
ogre	chrX	-	6973619	6991318
ohgt	chr3R	+	10049198	10051527
okr	chr2L	-	2989593	2992759
olf186-F	chr2R	+	17843441	17860582
olf186-M	chr2R	+	17846698	17848444
olf413	chr3L	+	22136089	22247702
omd	chr3R	-	13679439	13687210
ome	chr3L	+	14672838	14747868
onecut	chr4	-	598554	607649
opa	chr3R	+	4852812	4869979
opm	chrX	-	15064835	15066432
or	chr2R	+	23967938	23968943
orb	chr3R	-	23260609	23280856
orb2	chr3L	-	8937099	8954463
ord	chr2R	-	23271256	23275536
org-1	chrX	-	8447690	8455069
ort	chr3R	+	19659747	19663672
osa	chr3R	-	17687817	17718350
osk	chr3R	+	8935125	8938395
osp	chr2L	-	14599195	14689340
otk	chr2R	-	12001472	12019846
otk2	chr2R	-	12023145	12025272
otp	chr2R	-	20883624	20903414
otu	chrX	-	8485007	8489535
ouib	chr3R	+	8725478	8726730
out	chrX	-	19310512	19322106
ova	chr2L	-	10227759	10231692
ovm	chr2L	-	138383	140992
ovo	chrX	+	5048272	5070929
ox	chr2R	-	12757132	12757529
oxt	chr3L	-	2258838	2262664
oys	chr2R	-	10034594	10048619
p	chr3R	-	8660902	8670684
p-cup	chrX	-	17446349	17448774
p115	chrX	+	7894030	7896991
p120ctn	chr2R	+	4595287	4609492
p130CAS	chr3L	+	152883	174517
p23	chr3R	+	9677926	9679658
p24-1	chrX	-	11850908	11852530
p24-2	chr3R	-	9687401	9692794
p38a	chr3R	-	24150415	24152321
p38b	chr2L	+	13780688	13782611
p38c	chr3R	-	24149019	24150203
p47	chr2R	-	7465017	7466759
p53	chr3R	-	23049656	23054082
pAbp	chr2R	+	18140077	18147191
pHCl-1	chr3L	-	15848577	15899029
pHCl-2	chr3R	-	31300917	31305384
pad	chr3R	+	16342317	16345829
pain	chr2R	-	24921504	24928275
pall	chr3L	-	9486447	9487790
pan	chr4	+	69325	114270
papi	chr2L	+	2220747	2225544
par-1	chr2R	+	19456169	19485686
par-6	chrX	+	17703351	17707096
para	chrX	-	16455026	16533096
park	chr3L	-	21194753	21196853
parvin	chrX	+	19746040	19748458
pasha	chr3R	+	31617976	31622217
pasi1	chr3R	+	17795074	17796317
pasi2	chr3R	+	9335169	9337459
path	chr3L	-	9494554	9505328
pav	chr3L	+	4242733	4246233
pb	chr3R	-	6707799	6742063
pbl	chr3L	-	7896108	7911954
pch2	chr3R	-	8559539	8561764
pck	chrX	+	1470665	1472325
pcm	chrX	-	19485758	19492011
pcs	chr2R	+	14981262	14991336
pcx	chrX	+	2225295	2238045
pdgy	chrX	-	14933669	14953532
pdm2	chr2L	+	12657164	12686306
pdm3	chr2R	+	8327489	8396280
pds5	chr2R	+	12027984	12033725
pea	chr2R	+	14153152	14157106
peb	chrX	+	4617563	4627206
pelo	chr2L	+	9700809	9708883
pen-2	chr2R	+	18277438	18278762
peng	chrX	-	21346502	21349843
per	chrX	+	2685579	2692780
pes	chr2L	-	7986785	7994184
pgc	chr2R	+	22330199	22332813
ph-d	chrX	-	2115726	2123286
ph-p	chrX	-	2126209	2138371
phm	chrX	+	18685765	18688433
pho	chr4	-	1172468	1181628
phol	chr3L	-	9452802	9456281
phr	chr2R	+	7825288	7827319
phr6-4	chr2L	-	20643350	20645791
phtf	chr2R	+	6741898	6746141
phu	chr3R	+	9494800	9496723
phyl	chr2R	-	14427335	14432337
pic	chr3R	+	13052244	13056725
pico	chrX	-	19830214	19852059
pie	chr2L	-	10420624	10422780
pigeon	chr2L	+	19186042	19189938
pigs	chrX	+	6600061	6653015
pim	chr2L	+	10362988	10364092
pins	chr3R	+	27582839	27586376
pinta	chr3R	-	22423315	22424929
pio	chr2R	+	24581244	24597862
pip	chr3L	-	19298622	19337609
pirk	chr2R	-	21660966	21662995
pit	chr3R	+	22034297	22038925
pita	chr2R	-	23548966	23554712
piwi	chr2L	-	10982204	10987420
pix	chr3L	-	8972055	8974765
pk	chr2R	+	7150702	7223378
pkaap	chr2L	+	16288289	16291195
ple	chr3L	-	6713355	6719525
plh	chr3R	-	4986499	5011031
pll	chr3R	-	27251130	27253182
plu	chr2R	-	20262957	20263684
plum	chr3R	-	26470077	26535217
plx	chr3R	+	5685854	5712837
pn	chrX	+	2181210	2182916
png	chrX	-	1356487	1357601
pnr	chr3R	+	16026078	16041796
pns	chr3L	+	1537136	1544823
pnt	chr3R	-	23290230	23346167
pnut	chr2R	+	8237270	8240297
pod1	chrX	+	6803683	6813830
poe	chr2L	-	8054321	8071624
polo	chr3L	+	20309653	20313466
poly	chr3R	-	13361815	13366910
polybromo	chr3R	-	24799966	24805259
polyph	chr2R	+	10903569	10905563
pon	chrX	+	4636317	4639112
pont	chr3R	+	10262122	10263899
por	chrX	-	18377520	18379854
porin	chr2L	-	10847226	10850848
pot	chrX	-	11907408	11917260
ppan	chr3R	+	21116253	21117899
ppk	chr2L	-	14378217	14381172
ppk10	chr2L	-	10450133	10452396
ppk11	chr2L	-	9771154	9775030
ppk12	chr2R	+	22427478	22429584
ppk13	chr2L	-	21086789	21088751
ppk14	chr2L	+	6354955	6356672
ppk15	chr3R	-	26401908	26403656
ppk16	chr2L	-	9771154	9775030
ppk17	chr2L	-	16758183	16760554
ppk18	chr2L	-	9765356	9770996
ppk19	chr3R	+	29672455	29674223
ppk20	chr3R	-	29666813	29668877
ppk21	chr3R	+	29664778	29666783
ppk22	chr3R	-	24857584	24859801
ppk23	chrX	-	17566551	17569228
ppk24	chr3R	+	31265729	31268511
ppk25	chr2R	+	6950384	6952158
ppk26	chr3L	+	7456148	7458608
ppk27	chr3L	-	3753692	3755201
ppk28	chrX	+	16806067	16808515
ppk29	chr2R	-	24052916	24057137
ppk3	chr2R	-	23538630	23540773
ppk30	chr3R	+	29669148	29671478
ppk31	chr3R	+	27163123	27165131
ppk5	chr3L	+	21534659	21536861
ppk6	chr2R	-	20245759	20247624
ppk7	chr2L	-	6352323	6354331
ppk8	chrX	+	3557811	3572000
ppk9	chr2R	+	21964172	21970664
ppl	chr3L	-	21280490	21281506
pps	chr3R	+	12413827	12421251
pr	chr2L	-	20073718	20075458
prage	chrX	+	1773718	1853667
prc	chr3L	-	11958871	11966131
prd	chr2L	-	12082994	12085827
prd1	chr3R	-	11781130	11787014
pre-lola-G	chr2R	-	10481893	10485252
pre-mod(mdg4)-AA	chr3R	-	21370917	21373575
pre-mod(mdg4)-AB	chr3R	-	21362967	21365290
pre-mod(mdg4)-AD	chr3R	+	21365608	21368279
pre-mod(mdg4)-AE	chr3R	+	21365608	21368279
pre-mod(mdg4)-B	chr3R	-	21354444	21359768
pre-mod(mdg4)-C	chr3R	-	21362967	21365290
pre-mod(mdg4)-E	chr3R	-	21362967	21365488
pre-mod(mdg4)-G	chr3R	-	21354444	21359768
pre-mod(mdg4)-H	chr3R	-	21354444	21359768
pre-mod(mdg4)-I	chr3R	-	21355691	21359768
pre-mod(mdg4)-J	chr3R	-	21355691	21359768
pre-mod(mdg4)-K	chr3R	-	21355691	21359768
pre-mod(mdg4)-L	chr3R	-	21355691	21359768
pre-mod(mdg4)-N	chr3R	-	21370917	21373575
pre-mod(mdg4)-O	chr3R	-	21370917	21373575
pre-mod(mdg4)-P	chr3R	-	21355691	21359768
pre-mod(mdg4)-T	chr3R	+	21360175	21362131
pre-mod(mdg4)-U	chr3R	+	21365608	21370249
pre-mod(mdg4)-V	chr3R	+	21365608	21370249
pre-mod(mdg4)-W	chr3R	+	21365608	21370249
pre-mod(mdg4)-X	chr3R	+	21365608	21369330
pre-mod(mdg4)-Y	chr3R	+	21365608	21368279
pre-mod(mdg4)-Z	chr3R	+	21360175	21362131
pre-rRNA:CR45856	chrX	-	23278006	23283731
prel	chr2R	+	9424086	9426107
prg	chr2L	+	8464487	8466694
prim	chr2R	+	16280014	16280470
primo-1	chr3R	-	13710016	13711835
primo-2	chr3R	-	13710016	13711835
prod	chr2R	-	18969403	18971133
prom	chr2R	-	24415409	24428387
promL	chr3L	-	3114449	3127724
pros	chr3R	+	11328479	11407627
prt	chr3R	-	23696371	23699027
prtp	chrX	+	11716755	11719894
ps	chr3R	+	9417939	9455500
psd	chr2L	-	5963086	5964951
psh	chrX	-	18484486	18486921
psidin	chr3R	+	20021703	20026482
psq	chr2R	+	10557887	10617280
pst	chr3L	-	7357274	7360263
ptc	chr2R	+	8649648	8665223
puc	chr3R	+	8105331	8122294
puf	chr3R	-	24635269	24650043
pug	chr3R	+	10696533	10703316
pum	chr3R	-	9066342	9237682
puml	chr2R	+	7812503	7815486
put	chr3R	-	14619029	14625703
pwn	chr2R	+	7282571	7300806
px	chr2R	-	22494296	22562065
pxb	chr3R	+	15666182	15690513
pyd	chr3R	-	8827067	8931896
pyd3	chr3R	-	7747912	7750079
pygo	chr3R	-	31575834	31580699
pyr	chr2R	+	11712262	11726345
pyx	chr3L	-	217931	223069
pzg	chr3L	+	21286098	21290310
qin	chr3R	+	18591026	18650137
qjt	chr3L	+	17479095	17480141
qkr54B	chr2R	+	17469623	17475129
qkr58E-1	chr2R	-	22412555	22415518
qkr58E-2	chr2R	+	22415559	22419001
qkr58E-3	chr2R	-	22409207	22411545
qless	chr3R	-	31236034	31252608
qm	chr3L	+	7348312	7353622
qsm	chr2R	-	20563033	20583591
qtc	chr2L	+	5060814	5070750
qua	chr2L	-	17486805	17497208
qvr	chr2R	+	11442504	11451604
r	chrX	+	16655358	16668712
r-cup	chrX	-	21023389	21025888
r-l	chr3R	-	21070556	21073319
r2d2	chr2L	+	7800146	7802098
rad	chrX	+	12988614	13079070
rad50	chr2R	+	22421012	22425482
ranshi	chr3R	-	8728366	8729693
raptor	chrX	-	6082633	6090201
ras	chrX	+	10744501	10749097
raskol	chrX	+	17710143	17752007
rasp	chr3L	+	3162179	3163852
rau	chr2L	-	5859768	5879498
raw	chr2L	-	8709879	8740660
rb	chrX	-	4535634	4540626
rdgA	chrX	+	8907067	9029476
rdgB	chrX	+	13762751	13779488
rdgBbeta	chr2R	-	17695775	17698362
rdgC	chr3L	+	20248079	20265554
rdhB	chr3R	+	22351695	22356264
rdo	chr2L	+	18012379	18070246
rdog	chr3R	+	29158121	29164966
rdx	chr3R	-	13967060	14032057
reb	chr2R	-	11904322	11912779
rec	chr3R	-	15823018	15832632
red	chr3R	+	14289070	14302276
ref(2)P	chr2L	+	19542467	19545548
regucalcin	chrX	+	12012376	12017375
rempA	chr2L	-	553741	560310
repo	chr3R	+	18236191	18239602
rept	chr3L	+	19255339	19257111
resilin	chr2R	+	16779904	16783171
retinin	chr3L	+	16331932	16332789
retm	chr2L	-	6448463	6455929
retn	chr2R	+	23632609	23654820
rg	chrX	+	5085758	5254864
rgn	chr3L	+	21382500	21424416
rgr	chr2R	+	8600414	8612295
rha	chr3R	+	25340251	25344838
rhea	chr3L	+	8545000	8574409
rhi	chr2R	-	17628490	17633516
rho	chr3L	+	1463810	1468944
rho-4	chrX	+	11599837	11606288
rho-5	chr2L	-	10368024	10373900
rho-6	chr2L	-	12130515	12133411
rho-7	chr2R	-	11986512	11988787
rib	chr2R	+	19270077	19281396
ric8a	chrX	+	9256167	9259202
rictor	chrX	-	19252110	19261240
rig	chr2R	-	20633875	20640681
rin	chr3R	+	13647003	13654527
ringer	chr3L	-	16354745	16359428
rk	chr2L	-	13982742	14001248
rl	chr2R	+	1071461	1125927
rn	chr3R	-	7272616	7309629
rngo	chrX	+	16441432	16445367
rnh1	chr2R	-	7931053	7932380
rno	chr3L	-	187206	199762
ro	chr3R	-	26876770	26881171
robl	chr2R	+	17456471	17457129
robl22E	chr2L	-	2290223	2290738
robl37BC	chr2L	+	19010865	19011532
robl62A	chr3L	+	1477618	1478369
robls54B	chr2R	-	17455742	17456441
robo1	chr2R	-	22692523	22700970
robo2	chr2L	-	1380085	1420453
robo3	chr2L	+	1256416	1296596
rod	chr3R	+	31580950	31588244
rogdi	chr3L	+	17049511	17055454
roh	chr2R	-	23385463	23386463
rols	chr3L	-	12008224	12064859
roq	chr3L	-	16370937	16378566
rost	chr2L	-	8985935	8989539
row	chr2R	-	15206526	15213634
rpk	chr3R	+	4645980	4648884
rpr	chr3L	-	18397534	18398435
rst	chrX	-	2950398	2973834
rswl	chr2R	+	18451283	18452736
rt	chr3L	-	11584121	11587770
rtet	chr3R	+	21108445	21110834
rtp	chr3R	-	5236091	5237315
rtv	chrX	-	11152483	11153990
ru	chr3L	+	1370627	1387437
rudhira	chrX	+	11816897	11837460
rumi	chr3R	-	22749013	22750597
rump	chr3R	-	9505852	9510324
run	chrX	+	20690669	20697321
rush	chrX	+	1478551	1481420
rut	chrX	-	14787477	14826073
rux	chrX	-	6035752	6037800
ry	chr3R	+	13032527	13038020
s-cup	chr2R	+	12495671	12501459
sNPF	chr2L	+	20027914	20056373
sNPF-R	chr3L	-	20058510	20089007
sPLA2	chr2R	+	7442863	7443827
sa	chr3L	-	21405424	21406738
sad	chr3R	+	11877234	11879754
sage	chr3R	-	9262653	9264142
sala	chr2L	+	11484706	11486949
salm	chr2L	-	11434310	11445614
salr	chr2L	+	11358872	11373636
sals	chr3R	-	11437546	11451791
salt	chr3R	-	31751824	31754705
salto	chr2R	-	12302543	12306269
san	chr2R	+	11360705	11361871
sand	chr2R	+	8091695	8096948
sano	chr2R	+	18878390	18959500
santa-maria	chr2L	-	7445354	7451244
sas	chr3R	+	7162807	7183702
saturn	chr3L	+	14203322	14204294
sau	chr2L	+	2226341	2231099
sav	chr3R	-	23058608	23061304
sax	chr2R	+	7806483	7810067
sbRNA:1	chrX	-	16633123	16633208
sba	chr3R	-	23894173	23922973
sbb	chr2R	-	18278197	18357296
sbm	chrX	-	14584732	14602580
sbr	chrX	-	10832751	10847092
sc	chrX	+	396059	397497
sca	chr2R	+	12780540	12802010
scaRNA:MeU1:95C-A24	chr2L	-	901975	902082
scaRNA:MeU1b-A234	chr2R	-	10080787	10080924
scaRNA:MeU2-48	chr3L	-	1498871	1498996
scaRNA:MeU2-C28	chrX	-	21051685	21051734
scaRNA:MeU2-C41	chr3R	+	7921951	7922073
scaRNA:MeU2-G25	chr3R	+	24237165	24237284
scaRNA:MeU4-A65	chr3L	+	17628056	17628203
scaRNA:MeU4:25F-C137	chr3R	-	5584501	5584644
scaRNA:MeU5-C46	chr3R	-	7472906	7473222
scaRNA:MeU5-G38	chr3R	+	22036342	22036443
scaRNA:MeU5-U42	chr3L	-	15134549	15134660
scaRNA:PsiU1-6	chr3R	+	9713606	9713765
scaRNA:PsiU2-35.45	chr2R	+	5765179	5765319
scaRNA:PsiU2-38.40.42	chr2L	-	21177039	21177176
scaRNA:PsiU2-55	chr2R	-	12161125	12161303
scaRNA:PsiU5-44	chr2R	-	14602985	14603124
scaRNA:PsiU6-40	chr3L	-	21006378	21006520
scaf	chr2R	-	5676749	5691723
scaf6	chr3L	-	17036858	17042574
scat	chr2L	+	9431404	9435341
scb	chr2R	+	15248783	15258498
sced	chr2R	+	6657325	6660624
scf	chr3L	+	1298671	1300389
schlank	chrX	-	6257667	6267228
schuy	chr3L	+	19986092	19988072
scny	chr3L	+	5769001	5776271
scpr-A	chr3R	+	11241182	11242120
scpr-B	chr3R	-	11240040	11240991
scpr-C	chr3R	+	11225519	11226681
scra	chr2R	+	7590118	7595242
scramb1	chr3L	-	10220482	10225240
scramb2	chr3L	-	3044112	3046812
scrib	chr3R	+	26536349	26604051
scro	chr3L	+	24724161	24758036
scrt	chr3L	+	3983895	3994003
scu	chrX	+	18091258	18092853
scw	chr2L	-	19699378	19700968
scyl	chr3L	+	11252306	11256172
sd	chrX	+	15804369	15827682
sdk	chrX	+	686833	749496
sds22	chr3R	+	17391593	17393020
sdt	chrX	+	8178548	8240474
se	chr3L	+	8520551	8521489
sea	chr3R	-	11559895	11567054
sei	chr2R	+	24047410	24053035
sel	chr2R	-	10050861	10052167
senju	chr2L	+	5052842	5054575
sens	chr3L	-	13396227	13401125
sens-2	chr2L	+	6821933	6838995
seq	chr2R	-	13176552	13190086
serp	chr3L	-	19700976	19708015
sesB	chrX	-	10780892	10786958
sev	chrX	-	11071440	11086299
sff	chr3L	-	15900155	15924861
sfl	chr3L	+	6495679	6550104
sgg	chrX	+	2633951	2679553
sgl	chr3L	-	6959553	6964758
sgll	chr3R	+	7810531	7811912
sha	chr2R	+	11324313	11336463
shakB	chrX	-	20761070	20927050
shams	chr3R	-	25072728	25074607
shd	chr3L	+	14614457	14622205
shep	chr3L	-	5155820	5277944
shf	chrX	-	6771462	6779659
shg	chr2R	-	21049653	21057197
shi	chrX	+	15892115	15906716
shn	chr2R	+	11159085	11217394
shop	chrX	-	18846388	18848566
shot	chr2R	-	13864236	13942110
shps	chr3R	+	24279571	24281576
shrb	chr2R	-	9142145	9143914
shtd	chrX	-	15455543	15462441
shu	chr2R	-	23841460	23843286
shv	chr2L	+	453107	454654
sicily	chrX	+	11891731	11893745
sick	chr2L	+	19796364	19958424
side	chr3R	-	27375087	27437482
side-II	chr2L	-	14907488	14972300
side-III	chr3R	-	5862864	5959555
side-IV	chr3R	+	13450589	13464184
side-V	chr2R	-	23163011	23203973
side-VI	chr3R	+	10972380	11050175
side-VII	chr3R	-	9734011	9739979
side-VIII	chr2R	+	20424337	20478951
sif	chr3L	+	5657912	5749599
sigmar	chr2R	-	23698948	23702406
sim	chr3R	+	13057754	13078124
sima	chr3R	+	30058310	30121798
simj	chr3L	+	10664738	10690734
sina	chr3L	+	16853750	16858712
sinah	chr3L	+	16859079	16860529
sing	chrX	+	16679296	16681784
sinu	chr3L	-	5559469	5561598
sip1	chr2L	+	5721050	5723944
sip2	chr2L	-	6961515	6964074
sip3	chr3R	+	31772218	31775163
sisA	chrX	-	11321578	11322357
sisRNA:1	chr3R	-	5609244	5609611
sisRNA:2	chrX	+	16612776	16613274
sisRNA:3	chr3L	+	22269931	22270220
sisRNA:4	chr2R	-	8230531	8231065
sisRNA:CR46357	chr3R	-	9630254	9630440
sisRNA:CR46358	chr3R	-	4639788	4640004
sisRNA:CR46360	chr2R	-	8231103	8231588
sisRNA:CR46361	chr2R	+	6615751	6615923
sisRNA:CR46363	chr3R	-	13970738	13970942
sisRNA:CR46364	chr3R	-	25246873	25247422
sit	chr3R	-	22558341	22562572
siz	chr3L	+	21034534	21075444
skd	chr3L	-	20992813	21027434
skl	chr3L	-	18438560	18439942
sktl	chr2R	-	20827281	20836028
sky	chr2L	-	20871334	20918931
sl	chrX	+	16350314	16356482
slam	chr2L	+	6372387	6377284
slbo	chr2R	-	24331521	24334307
sle	chr3R	+	10333114	10338265
slf	chr2L	-	4796599	4801923
slgA	chrX	+	21374001	21385159
sli	chr2R	-	15869494	15922118
slif	chr3L	+	22881044	22893821
slim	chr2R	+	18440964	18445526
sll	chr3R	+	17606105	17608541
slmb	chr3R	-	21119251	21127485
slmo	chr2L	-	6046515	6048706
slo	chr3R	+	24662490	24711595
slou	chr3R	-	21548660	21557182
slow	chr3L	+	4384441	4403181
slp1	chr2L	+	3825674	3827099
slp2	chr2L	+	3836839	3839185
slpr	chrX	-	8170228	8177185
sls	chr3L	-	2039680	2115611
slv	chr2R	-	8080558	8083357
slx1	chr3R	+	4641962	4644636
sm	chr2R	-	19517863	19631508
smal	chr2L	+	6179132	6211114
smash	chr3R	+	4659578	4712193
smg	chr3L	-	8990316	8997989
smid	chr3L	+	7381613	7385637
smo	chr2L	+	277581	282167
smog	chr2L	+	4852863	4876792
smp-30	chr3R	-	14745900	14751246
smt3	chr2L	-	6966779	6967644
sn	chrX	+	7964023	7986601
snRNA:7SK	chr3R	-	7474552	7474996
snRNA:LU	chr2L	+	3046764	3046880
snRNA:U11	chr3L	-	3893055	3893330
snRNA:U12	chr3L	+	16653768	16654006
snRNA:U1:21D	chr2L	-	901490	901654
snRNA:U1:82Eb	chr3R	-	4947932	4948096
snRNA:U1:95Ca	chr3R	-	23859466	23859630
snRNA:U1:95Cb	chr3R	+	23827869	23828033
snRNA:U1:95Cc	chr3R	+	23826333	23826497
snRNA:U2:14B	chrX	+	16254671	16254863
snRNA:U2:34ABa	chr2L	-	13211924	13212116
snRNA:U2:34ABb	chr2L	+	13215838	13216030
snRNA:U2:34ABc	chr2L	-	13244369	13244561
snRNA:U2:38ABa	chr2L	-	19815613	19815805
snRNA:U2:38ABb	chr2L	+	19812645	19812836
snRNA:U3	chr2L	+	1432710	1432921
snRNA:U4:25F	chr2L	+	5565618	5565766
snRNA:U4:38AB	chr2L	+	19810733	19810875
snRNA:U4:39B	chr2L	-	21215035	21215178
snRNA:U4atac	chr3R	-	5195003	5195163
snRNA:U5:14B	chrX	-	16254007	16254117
snRNA:U5:23D	chr2L	+	3048700	3048831
snRNA:U5:34A	chr2L	+	13244847	13244974
snRNA:U5:35D	chr2L	-	15751556	15751682
snRNA:U5:38ABa	chr2L	-	19811947	19812074
snRNA:U5:38ABb	chr2L	+	19816413	19816540
snRNA:U5:63BC	chr3L	+	3090800	3090923
snRNA:U6:96Aa	chr3R	+	24556087	24556194
snRNA:U6:96Ab	chr3R	+	24556691	24556798
snRNA:U6:96Ac	chr3R	+	24557214	24557321
snRNA:U6atac	chr2L	+	8389723	8389820
snRNA:U7	chr3L	+	3593822	3593893
snRNP-U1-70K	chr2L	-	6968710	6971737
snRNP-U1-C	chr3R	-	18982963	18983650
sna	chr2L	-	15476592	15478260
snama	chr2R	+	24086603	24092014
snf	chrX	+	5309241	5310501
sni	chrX	-	8241500	8244016
snk	chr3R	-	13040164	13042770
snky	chr3L	+	13174477	13176781
snmRNA:128	chr2L	+	5196034	5196097
snmRNA:157	chr3R	-	27560927	27560970
snmRNA:158	chr2L	+	5206204	5206361
snmRNA:184	chr2R	+	21335509	21335544
snmRNA:204	chrX	-	13128595	13128630
snmRNA:254	chr2L	-	21680669	21680700
snmRNA:357	chr3L	-	5567884	5567961
snmRNA:359	chr2L	-	19403534	19403568
snmRNA:400	chrX	-	1558348	1558400
snmRNA:419	chr3R	+	12362915	12362989
snmRNA:430a	chr2L	+	21423875	21423911
snmRNA:430b	chr2L	+	21433983	21434019
snmRNA:430c	chr2L	+	21453072	21453108
snmRNA:430d	chr2L	+	21458133	21458169
snmRNA:430e	chr2L	+	21463193	21463229
snmRNA:430f	chr2L	+	21468236	21468272
snmRNA:430g	chr2L	+	21473279	21473315
snmRNA:430h	chr2L	+	21478322	21478358
snmRNA:430i	chr2L	+	21483365	21483401
snmRNA:430j	chr2L	+	21488516	21488552
snmRNA:430k	chr2L	+	21493561	21493597
snmRNA:430l	chr2L	+	21498606	21498642
snmRNA:430m	chr2L	+	21503659	21503695
snmRNA:430n	chr2L	+	21508704	21508740
snmRNA:430o	chr2L	+	21513748	21513784
snmRNA:430p	chr2L	+	21518793	21518829
snmRNA:430q	chr2L	+	21523636	21523672
snmRNA:430r	chr2L	+	21528479	21528515
snmRNA:430s	chr2L	+	21533322	21533358
snmRNA:430t	chr2L	+	21538366	21538402
snmRNA:438	chr3L	-	434854	434918
snmRNA:641	chr3L	-	17668587	17668730
snmRNA:649	chr3R	-	12413387	12413446
snmRNA:763	chrX	-	19301702	19301873
snmRNA:765	chr2L	+	5193470	5193516
snmRNA:838	chr3L	+	9716802	9716875
snmRNA:CR43603	chr3L	-	5764860	5765046
snmRNA:CR43701	chr3L	+	1488738	1488831
sno	chrX	-	13195498	13211674
snoRNA:185	chr2R	-	19727097	19727152
snoRNA:229	chr2R	-	23073828	23073968
snoRNA:291	chr3R	+	28812567	28812641
snoRNA:2R:9445205	chr2R	-	13557699	13557850
snoRNA:2R:9445410	chr2R	-	13557904	13558055
snoRNA:660	chr2R	+	20945969	20946065
snoRNA:684	chr3L	-	5763344	5763422
snoRNA:83E4-5	chr3R	+	6375358	6375498
snoRNA:CD-24	chr4	-	65576	65645
snoRNA:CG16892-a	chrX	+	9274713	9274862
snoRNA:CG31191-a	chr3R	-	20912732	20912879
snoRNA:CG32479-a	chr3L	+	891249	891475
snoRNA:CG32479-b	chr3L	+	890269	890490
snoRNA:CG43051-a	chr2L	+	12508107	12508254
snoRNA:Dek-a	chr2R	+	16857412	16857578
snoRNA:Edc3-a	chr3L	-	17528699	17528840
snoRNA:Irbp-a	chr3R	+	11410847	11410997
snoRNA:M	chrX	-	1482491	1482590
snoRNA:Me18S-A1061	chr2R	+	14623041	14623117
snoRNA:Me18S-A1374	chr3R	+	19586195	19586263
snoRNA:Me18S-A1494	chr3L	+	5720289	5720421
snoRNA:Me18S-A1576	chr2L	-	9894794	9894907
snoRNA:Me18S-A1597	chr2R	+	24251268	24251384
snoRNA:Me18S-A1806	chr3L	+	7639716	7639794
snoRNA:Me18S-A28a	chr2R	+	17703101	17703168
snoRNA:Me18S-A425	chr3R	+	11222840	11222924
snoRNA:Me18S-A469	chr2L	+	21143853	21143941
snoRNA:Me18S-A627	chrX	+	10124346	10124445
snoRNA:Me18S-A934	chr2L	-	11798104	11798195
snoRNA:Me18S-C1024	chrX	+	2101926	2102025
snoRNA:Me18S-C1096	chr3R	+	11222404	11222489
snoRNA:Me18S-C1280	chr3R	+	24723825	24723920
snoRNA:Me18S-C1366	chr2R	+	14621781	14621881
snoRNA:Me18S-C1831	chr2L	-	4457602	4457674
snoRNA:Me18S-C419	chr3L	+	27267953	27268023
snoRNA:Me18S-G1189	chr3R	-	14371674	14371746
snoRNA:Me18S-G1358a	chr3R	+	9354267	9354342
snoRNA:Me18S-G1358b	chr3R	+	9355312	9355387
snoRNA:Me18S-G1358c	chr3L	+	27267382	27267450
snoRNA:Me18S-G1506	chr2L	-	16561049	16561197
snoRNA:Me18S-G1620	chr2L	-	9894476	9894544
snoRNA:Me18S-G1952	chr2R	+	14622801	14622877
snoRNA:Me18S-G393	chr2R	-	24628626	24628744
snoRNA:Me18S-G423	chr3R	+	8075630	8075726
snoRNA:Me18S-G642	chr2L	+	11234834	11234912
snoRNA:Me18S-G894	chrX	+	12497700	12497808
snoRNA:Me18S-G962	chr3L	-	11001408	11001489
snoRNA:Me18S-U1356a	chr3L	+	20454006	20454085
snoRNA:Me18S-U1356b	chr3L	+	20454245	20454324
snoRNA:Me18S-U1356c	chr3L	+	20454495	20454574
snoRNA:Me28S-A1322	chr2R	+	11893122	11893195
snoRNA:Me28S-A1666a	chr2R	+	17699931	17700004
snoRNA:Me28S-A1705	chrX	-	10443910	10443989
snoRNA:Me28S-A2113	chr2L	-	19008610	19008683
snoRNA:Me28S-A2486	chr2L	-	5437633	5437749
snoRNA:Me28S-A2564	chr3R	+	29863298	29863344
snoRNA:Me28S-A2589a	chr2R	+	21325217	21325323
snoRNA:Me28S-A2589b	chr2R	+	21328262	21328371
snoRNA:Me28S-A2589c	chr2R	+	21331572	21331679
snoRNA:Me28S-A2629	chr3L	+	10537617	10537758
snoRNA:Me28S-A2634a	chr3L	-	1666891	1666964
snoRNA:Me28S-A2634b	chr3L	-	1666664	1666745
snoRNA:Me28S-A2634c	chr3L	-	1666436	1666522
snoRNA:Me28S-A2958	chr2L	-	16417749	16417884
snoRNA:Me28S-A30	chr3L	-	18002977	18003078
snoRNA:Me28S-A3365	chr2L	+	20353481	20353582
snoRNA:Me28S-A3407a	chr2R	+	17699701	17699788
snoRNA:Me28S-A576	chr3L	-	17566041	17566162
snoRNA:Me28S-A771	chr3L	-	830436	830511
snoRNA:Me28S-A774a	chr3L	+	13024225	13024298
snoRNA:Me28S-A774b	chr3L	+	13023579	13023652
snoRNA:Me28S-A982a	chr2R	+	9096236	9096313
snoRNA:Me28S-A982b	chr2R	+	9096505	9096582
snoRNA:Me28S-A992	chr2R	+	14623275	14623346
snoRNA:Me28S-C1237	chr2L	-	16528822	16528922
snoRNA:Me28S-C2645a	chr2L	+	20647816	20647891
snoRNA:Me28S-C2645b	chr2L	+	20648050	20648125
snoRNA:Me28S-C2645c	chr2L	+	20648281	20648356
snoRNA:Me28S-C2789	chr2L	+	21034774	21034923
snoRNA:Me28S-C3227a	chr2R	+	14622087	14622167
snoRNA:Me28S-C3227b	chr2R	+	14622329	14622409
snoRNA:Me28S-C3351	chr3L	-	3221770	3221847
snoRNA:Me28S-C3420a	chr2R	-	12199661	12199752
snoRNA:Me28S-C3420b	chr2R	-	12199182	12199273
snoRNA:Me28S-C437	chr2L	+	4085889	4086005
snoRNA:Me28S-C788a	chr3L	-	827311	827383
snoRNA:Me28S-C788b	chr3L	-	827074	827144
snoRNA:Me28S-C993	chr3L	-	10196161	10196254
snoRNA:Me28S-G1083a	chr2R	+	24184839	24184923
snoRNA:Me28S-G1083b	chr2R	+	24185086	24185169
snoRNA:Me28S-G1083c	chr2R	+	24185322	24185405
snoRNA:Me28S-G1083d	chr2R	+	24185561	24185644
snoRNA:Me28S-G2017	chr3R	+	11224307	11224400
snoRNA:Me28S-G2173	chr2R	+	22606794	22606861
snoRNA:Me28S-G2596	chr2R	+	21335382	21335456
snoRNA:Me28S-G2703a	chr2R	+	14623516	14623607
snoRNA:Me28S-G2703b	chr2R	+	14623763	14623850
snoRNA:Me28S-G2703c	chr2R	+	14624006	14624091
snoRNA:Me28S-G2743	chr2L	+	6744999	6745078
snoRNA:Me28S-G3081a	chr2R	+	17699207	17699276
snoRNA:Me28S-G3113a	chr3L	-	827763	827843
snoRNA:Me28S-G3113b	chr3L	-	827536	827620
snoRNA:Me28S-G3253	chr3L	-	9510719	9510807
snoRNA:Me28S-G3255a	chr2R	+	9095995	9096080
snoRNA:Me28S-G3255b	chr2R	+	9096762	9096844
snoRNA:Me28S-G3277a	chr2R	+	17701446	17701523
snoRNA:Me28S-G764	chr3L	-	22869544	22869622
snoRNA:Me28S-G980	chrX	-	1482558	1482629
snoRNA:Me28S-U1130	chr2R	+	18899428	18899537
snoRNA:Me28S-U1230	chr2L	-	865365	865493
snoRNA:Me28S-U1554	chr3R	+	26804511	26804626
snoRNA:Me28S-U1688	chrX	-	9929888	9930006
snoRNA:Me28S-U1848	chr2R	+	14622569	14622649
snoRNA:Me28S-U2134a	chr3R	+	5625366	5625441
snoRNA:Me28S-U2134b	chr3R	+	5625177	5625254
snoRNA:Me28S-U3344a	chrX	-	21052282	21052361
snoRNA:Me28S-U3344b	chrX	-	21050897	21050978
snoRNA:Me5.8S-G74	chr3L	-	829921	829992
snoRNA:MeU2-A31	chr3L	-	10151611	10151726
snoRNA:MeU6-A47	chrX	-	21386844	21386935
snoRNA:MeU6-C68	chr2R	+	8165949	8166048
snoRNA:Or-ACA6	chr2R	-	10081187	10081325
snoRNA:Or-ACA7	chr2R	-	10080612	10080694
snoRNA:Or-ACA8	chr3L	+	11889841	11889935
snoRNA:Or-ACA9	chr3R	-	15472137	15472648
snoRNA:Or-CD1	chr2R	-	22197268	22197374
snoRNA:Or-CD10	chrX	-	6531634	6531701
snoRNA:Or-CD11	chr3L	+	20453732	20453821
snoRNA:Or-CD11a	chr3L	-	3222474	3222541
snoRNA:Or-CD11b	chr3L	-	3222262	3222329
snoRNA:Or-CD11c	chr3L	-	3222049	3222116
snoRNA:Or-CD12	chr3L	-	3221349	3221427
snoRNA:Or-CD13	chr2R	-	10082252	10082322
snoRNA:Or-CD14	chr2L	-	2014448	2014575
snoRNA:Or-CD15	chr3L	-	1667150	1667247
snoRNA:Or-CD16	chr2L	-	3504031	3504182
snoRNA:Or-CD17	chr2R	+	17070585	17070688
snoRNA:Or-CD2	chr2R	+	9097029	9097169
snoRNA:Or-CD4	chr2R	+	14624252	14624330
snoRNA:Or-CD8	chr3R	+	29862625	29862717
snoRNA:Or-CD9a	chr2R	+	24185824	24185922
snoRNA:Or-CD9b	chr2R	+	24186061	24186152
snoRNA:Or-aca1	chr2R	+	22607543	22607678
snoRNA:Or-aca2	chrX	-	7901061	7901203
snoRNA:Or-aca3	chr3R	+	27923914	27924061
snoRNA:Or-aca4	chr2R	+	17616755	17616917
snoRNA:Or-aca5	chr2R	+	9095684	9095832
snoRNA:Pi4KIIalpha-a	chr3R	-	5559877	5560038
snoRNA:Psi18S-1086	chr3L	-	833061	833209
snoRNA:Psi18S-110	chr3L	-	831869	832008
snoRNA:Psi18S-1275	chr3R	+	9778397	9778537
snoRNA:Psi18S-1295	chr3R	+	20822609	20822749
snoRNA:Psi18S-1347a	chr2R	+	18142801	18142938
snoRNA:Psi18S-1347b	chr2R	+	18142999	18143142
snoRNA:Psi18S-1347c	chr2R	+	18143178	18143324
snoRNA:Psi18S-1377a	chr3R	-	30207744	30207883
snoRNA:Psi18S-1377b	chr3R	-	30207492	30207630
snoRNA:Psi18S-1377c	chr3R	-	30207321	30207458
snoRNA:Psi18S-1377d	chr3R	-	30207155	30207291
snoRNA:Psi18S-1377e	chr3R	-	30206975	30207112
snoRNA:Psi18S-1389a	chr2R	+	21333933	21334092
snoRNA:Psi18S-1389b	chr2R	+	21334144	21334299
snoRNA:Psi18S-1397	chr3L	-	5762859	5763000
snoRNA:Psi18S-176	chr2R	-	23839910	23840064
snoRNA:Psi18S-1820	chr2R	+	24176227	24176367
snoRNA:Psi18S-1854a	chrX	-	17145902	17146041
snoRNA:Psi18S-1854b	chrX	-	17145556	17145695
snoRNA:Psi18S-1854c	chrX	-	17145209	17145349
snoRNA:Psi18S-301	chr3R	+	20574905	20575043
snoRNA:Psi18S-525a	chr2L	+	20418347	20418481
snoRNA:Psi18S-525b	chr2L	+	20418669	20418804
snoRNA:Psi18S-525c	chr2L	+	20418833	20418967
snoRNA:Psi18S-525d	chr2L	+	20419144	20419281
snoRNA:Psi18S-525e	chr2L	+	20419455	20419585
snoRNA:Psi18S-525f	chr2L	+	20419773	20419908
snoRNA:Psi18S-525g	chr2L	+	20419931	20420065
snoRNA:Psi18S-525h	chr2L	+	20421303	20421438
snoRNA:Psi18S-525i	chr2L	+	20421616	20421752
snoRNA:Psi18S-525j	chr2L	+	20421927	20422063
snoRNA:Psi18S-525k	chr2L	+	5202382	5202522
snoRNA:Psi18S-531	chrX	-	763082	763234
snoRNA:Psi18S-640a	chr2L	+	20418522	20418654
snoRNA:Psi18S-640b	chr2L	+	20418996	20419133
snoRNA:Psi18S-640c	chr2L	+	20419302	20419430
snoRNA:Psi18S-640d	chr2L	+	20419625	20419756
snoRNA:Psi18S-640e	chr2L	+	20421150	20421274
snoRNA:Psi18S-640f	chr2L	+	20421474	20421600
snoRNA:Psi18S-640g	chr2L	+	20421780	20421909
snoRNA:Psi18S-841a	chr2R	+	21327055	21327199
snoRNA:Psi18S-841b	chr2R	+	21330275	21330413
snoRNA:Psi18S-841c	chr2R	+	21330582	21330715
snoRNA:Psi18S-841d	chr2R	+	21330905	21331043
snoRNA:Psi18S-920	chr3L	+	11822983	11823124
snoRNA:Psi18S-996	chr3L	-	261802	261953
snoRNA:Psi28S-1060	chrX	-	6742851	6743001
snoRNA:Psi28S-1135a	chrX	-	17146611	17146759
snoRNA:Psi28S-1135b	chrX	-	17146400	17146545
snoRNA:Psi28S-1135c	chrX	-	17146247	17146390
snoRNA:Psi28S-1135d	chrX	-	17146073	17146215
snoRNA:Psi28S-1135e	chrX	-	17145729	17145880
snoRNA:Psi28S-1135f	chrX	-	17145383	17145534
snoRNA:Psi28S-1153	chr2R	-	13557538	13557686
snoRNA:Psi28S-1175a	chr2R	+	22607084	22607220
snoRNA:Psi28S-1175b	chr2R	+	22607231	22607372
snoRNA:Psi28S-1175c	chr2R	+	22607384	22607520
snoRNA:Psi28S-1180	chr2R	-	11591340	11591485
snoRNA:Psi28S-1192a	chrX	-	17144434	17144574
snoRNA:Psi28S-1192b	chrX	-	17144282	17144420
snoRNA:Psi28S-1192c	chrX	-	17144106	17144240
snoRNA:Psi28S-1192d	chrX	-	17143933	17144068
snoRNA:Psi28S-1232	chrX	-	6743674	6743815
snoRNA:Psi28S-1837a	chr3L	-	5764257	5764394
snoRNA:Psi28S-1837b	chr3L	-	5764112	5764249
snoRNA:Psi28S-1837c	chr3L	-	5763945	5764084
snoRNA:Psi28S-1936	chr2R	-	11588182	11588331
snoRNA:Psi28S-2149	chr3R	-	30206782	30206926
snoRNA:Psi28S-2179	chrX	-	763941	764086
snoRNA:Psi28S-2263	chr2L	+	5187777	5187922
snoRNA:Psi28S-2442a	chr3R	-	5598637	5598777
snoRNA:Psi28S-2442b	chr3R	-	5598422	5598566
snoRNA:Psi28S-2444	chr2R	+	19443126	19443256
snoRNA:Psi28S-2562	chr3R	+	20822925	20823060
snoRNA:Psi28S-2566	chr3L	-	18896188	18896456
snoRNA:Psi28S-2622	chr3L	+	1488905	1489045
snoRNA:Psi28S-2626	chr3R	-	30207897	30208039
snoRNA:Psi28S-2648	chr2L	-	8042188	8042350
snoRNA:Psi28S-2876	chrX	-	17144830	17144970
snoRNA:Psi28S-291	chr3R	+	11223570	11223790
snoRNA:Psi28S-2949	chr2R	+	9095371	9095526
snoRNA:Psi28S-2996	chr2L	-	22535457	22535593
snoRNA:Psi28S-3091a	chr3R	-	5596696	5596831
snoRNA:Psi28S-3091b	chr3R	-	5596525	5596658
snoRNA:Psi28S-3186	chr3R	-	5598014	5598157
snoRNA:Psi28S-3305a	chr3R	+	28601697	28601847
snoRNA:Psi28S-3305b	chr3R	+	28602339	28602489
snoRNA:Psi28S-3305c	chr3R	+	28603370	28603522
snoRNA:Psi28S-3308	chr3L	-	832486	832639
snoRNA:Psi28S-3316a	chr2R	+	21326738	21326870
snoRNA:Psi28S-3316b	chr2R	+	21326881	21327022
snoRNA:Psi28S-3316c	chr2R	+	21330126	21330259
snoRNA:Psi28S-3316d	chr2R	+	21330433	21330565
snoRNA:Psi28S-3316e	chr2R	+	21330735	21330867
snoRNA:Psi28S-3327a	chr3L	+	13042766	13042906
snoRNA:Psi28S-3327b	chr3L	+	13042943	13043083
snoRNA:Psi28S-3327c	chr3L	+	13043370	13043510
snoRNA:Psi28S-3342	chrX	-	5524301	5524465
snoRNA:Psi28S-3378	chr2R	+	21329697	21329847
snoRNA:Psi28S-3385a	chr3R	-	5596359	5596509
snoRNA:Psi28S-3385b	chr3R	-	5596200	5596340
snoRNA:Psi28S-3405a	chr3R	+	28601528	28601668
snoRNA:Psi28S-3405b	chr3R	+	28601876	28602016
snoRNA:Psi28S-3405c	chr3R	+	28602146	28602286
snoRNA:Psi28S-3405d	chr3R	+	28602555	28602695
snoRNA:Psi28S-3436a	chrX	-	6742685	6742826
snoRNA:Psi28S-3436b	chrX	-	6742348	6742491
snoRNA:Psi28S-3571	chr3R	-	5597595	5597739
snoRNA:Psi28S-612	chr3L	-	9429373	9429518
snoRNA:SC35-a	chr2L	-	12432797	12432950
snoRNA:SC35-b	chr2L	-	12433024	12433180
snoRNA:Tudor-SN-a	chr3L	-	259969	260280
snoRNA:U14:30Ea	chr2L	-	9894204	9894285
snoRNA:U14:30Eb	chr2L	-	9893945	9894026
snoRNA:U27:54Ea	chr2R	+	17701228	17701297
snoRNA:U27:54Eb	chr2R	+	17702636	17702708
snoRNA:U29:54Eb	chr2R	+	17700219	17700305
snoRNA:U29:54Ec	chr2R	+	17700471	17700559
snoRNA:U29:54Ed	chr2R	+	17700975	17701062
snoRNA:U31:54Eb	chr2R	+	17701935	17702002
snoRNA:U31:54Ec	chr2R	+	17702171	17702238
snoRNA:U31:54Ed	chr2R	+	17702410	17702477
snoRNA:U3:54Aa	chr2R	-	17143520	17143693
snoRNA:U3:54Ab	chr2R	+	17145653	17145826
snoRNA:U3:9B	chrX	+	10348169	10348337
snoRNA:U49:66Da	chr3L	+	8601472	8601552
snoRNA:U49:66Db	chr3L	+	8601947	8602031
snoRNA:U76:54Eb	chr2R	+	17700740	17700813
snoRNA:abba-a	chr2R	+	18994695	18994842
snoRNA:gcl-a	chr2R	+	8724904	8725065
snoRNA:hts-a	chr2R	-	19414354	19414490
snoRNA:kis-a	chr2L	-	232165	232253
snoRNA:lola-a	chr2R	-	10536494	10536660
snoRNA:lola-b	chr2R	-	10536744	10536905
snoRNA:lola-c	chr2R	-	10536949	10537120
snoRNA:lola-d	chr2R	-	10537134	10537270
snoRNA:nop5-x16-a	chr2L	-	6917209	6917310
snoRNA:snR38:54Eb	chr2R	+	17701688	17701764
snoRNA:snR38:54Ec	chr2R	+	17702872	17702949
sns	chr2R	+	8798488	8856091
snsl	chr2L	-	4903864	4906762
snu	chr3R	+	28675040	28695939
snz	chrX	+	7912088	7918444
so	chr2R	+	7419349	7434872
sob	chr2L	-	3578012	3580769
sofe	chrX	-	10854999	10857413
sog	chrX	-	15603282	15633434
sol	chrX	+	21350279	21357912
solo	chr2L	+	15061655	15072133
sona	chr2R	-	23753476	23798395
sosie	chr3R	+	24833951	24840488
soti	chr3R	-	14380662	14381699
sotv	chr2R	-	16145903	16148719
sov	chrX	+	6756321	6770712
sowah	chr3L	-	12537512	12572542
sowi	chr3R	-	6626929	6627900
spab	chr2R	-	8963163	8968184
spag	chr2R	+	24159383	24161503
spag4	chr2L	-	11610509	11611772
spartin	chr3R	+	4654799	4657985
spas	chr3R	+	24038214	24042982
spaw	chr2R	-	8359465	8362156
spd-2	chr3L	-	16591206	16595014
spdo	chr3R	+	30476683	30478849
spel1	chr2L	+	14362068	14366840
spen	chr2L	+	159031	203397
spg	chr3R	+	28845269	28870439
sphe	chrX	-	16700445	16701972
sphinx1	chr3L	-	7438420	7439405
sphinx2	chr3L	-	7439553	7440733
spi	chr2L	-	19567899	19577315
spict	chr2L	+	12704724	12706683
spidey	chrX	+	7908930	7911885
spin	chr2R	+	16124980	16138238
spir	chr2L	+	20311218	20348386
spirit	chrX	-	8571098	8573593
spn-A	chr3R	-	30054695	30056037
spn-B	chr3R	+	14328050	14329608
spn-D	chr3R	+	27165715	27167122
spn-E	chr3R	+	15837418	15844415
spn-F	chr3R	+	31255126	31256659
spo	chr3L	-	5590082	5592571
spok	chr3R	+	3322809	3354486
spoon	chrX	-	5412385	5420867
spri	chrX	-	10490068	10585422
sprt	chr2R	-	11384742	11397432
spt4	chr2R	+	12633588	12634172
spz	chr3R	-	27064989	27070070
spz3	chr2L	-	7873494	7879552
spz4	chr2L	+	11501714	11508649
spz5	chr3L	-	2883640	2892166
spz6	chr2R	+	24757377	24760466
sqa	chr2R	-	9716347	9748121
sqd	chr3R	-	13634861	13646304
sqh	chrX	-	6223060	6225140
squ	chr2L	+	16680053	16681653
sqz	chr3R	+	19164210	19170576
sr	chr3R	+	18090802	18135583
sra	chr3R	+	16186998	16197584
srl	chr3R	-	4422482	4429335
sro	chr3R	+	29794596	29795805
srp	chr3R	+	15986151	16004085
srw	chr3L	-	4282955	4283478
ss	chr3R	-	16374433	16403690
ssh	chr3R	-	24938709	24944956
ssp	chr3L	+	12118256	12119789
ssp2	chr3L	+	13965202	13973067
ssp3	chr2L	-	18916346	18943960
ssp5	chr3R	+	12033141	12035525
ssp6	chr3L	+	6076721	6082491
ssp7	chrX	-	11139761	11140263
sstn	chr3L	-	15090822	15094719
ssx	chrX	+	1370579	1375257
st	chr3L	+	16497650	16500460
sta	chrX	-	1481796	1483413
stac	chr3R	+	25056285	25064348
stai	chr2L	+	6100376	6124653
stan	chr2R	+	10673344	10721138
stas	chrX	-	17623220	17627895
stau	chr2R	-	18117895	18125779
stc	chr2L	+	15113479	15118069
stck	chr3R	+	8356977	8359964
ste14	chr3L	+	13018265	13019687
ste24a	chr2R	-	17000243	17001941
ste24b	chr2R	-	16998609	17000126
ste24c	chr2R	-	16995990	16998594
step	chr2L	-	21740040	21757466
stet	chr3L	-	1475437	1489547
stg	chr3R	-	29251825	29255800
stg1	chrX	+	21093843	21111417
sti	chr3L	-	12507997	12514815
stil	chr2R	+	12570366	12571883
stj	chr2R	+	13805793	13819571
stl	chr2R	+	22807859	22815993
stmA	chr2R	-	8729501	8734304
stnA	chrX	-	22980721	23004648
stnB	chrX	-	22980721	23004648
stops	chr3R	-	31158155	31169106
strat	chr2L	+	8320327	8321285
stum	chr2R	+	21674900	21685000
stumps	chr3R	+	14577216	14608079
sturkopf	chr3L	-	1311718	1313377
stv	chr3L	+	13477540	13483515
stw	chr2R	+	5413743	5456095
stwl	chr3L	-	14402929	14409939
stx	chrX	-	10711162	10744943
sty	chr3L	-	3401152	3424935
su(Hw)	chr3R	-	14304454	14308589
su(f)	chrX	+	23096770	23101431
su(r)	chrX	-	9196807	9201820
su(sable)	chrX	+	635889	643760
su(w[a])	chrX	+	1012778	1046040
sub	chr2R	-	17745499	17748078
subdued	chr3R	-	19633417	19642722
sud1	chr3R	-	24915839	24917864
sug	chr2R	+	12924566	12930644
sun	chrX	-	15847858	15849258
sunn	chr3L	+	11728347	11732016
sunz	chr3R	+	6630150	6631184
sut1	chr2R	+	8082975	8087151
sut2	chr2R	+	8087395	8089297
sut3	chr2R	+	8089481	8091297
sut4	chr2R	-	10085441	10087127
sv	chr4	+	1088797	1113317
svp	chr3R	+	12258736	12302785
svr	chrX	+	496445	509072
sw	chrX	-	20227960	20236382
swa	chrX	-	6363417	6365708
swi2	chr2R	-	17690274	17695353
swif	chr2R	-	8363271	8365345
swm	chr2L	+	19493250	19497978
sws	chrX	-	7956819	7968236
sxc	chr2R	+	5307287	5329555
sxe2	chr3R	+	16083877	16087222
syd	chr3L	-	7916649	7936120
t	chrX	-	9217654	9223257
t-cup	chr2L	-	12496615	12497333
tHMG1	chr3R	+	22491828	22492381
tHMG2	chr3R	+	22492952	22493746
tacc	chr3R	-	4733653	4749056
tadr	chr2L	+	21075404	21081053
tai	chr2L	+	9166777	9250211
tal-1A	chr3R	+	13813108	13814648
tal-2A	chr3R	+	13813108	13814648
tal-3A	chr3R	+	13813108	13814648
tal-AA	chr3R	+	13813108	13814648
tam	chr2L	-	13823979	13827772
tamo	chr2R	-	24126637	24133551
tank	chr2L	-	4835334	4837999
tant	chr3L	+	6055135	6057002
tap	chr3L	+	17359681	17361811
tapas	chr2R	+	20319179	20325973
tara	chr3R	+	16225650	16260329
tau	chr3R	-	27639885	27656996
tay	chrX	-	15876367	15887311
tbc	chrX	+	20449330	20467065
tbrd-1	chr3R	-	23891596	23893560
tbrd-2	chr2R	+	19259908	19262294
tbrd-3	chr2R	-	23326738	23327581
tctn	chr2L	-	6127871	6130651
tea	chr2R	+	9891954	9898513
tef	chr2R	-	17054545	17056835
tefu	chr3R	-	15232211	15242236
tej	chr2R	-	14300102	14302353
temp	chrX	-	2260206	2262515
teq	chr3L	+	9074642	9092131
term	chr3L	-	18592302	18593771
tex	chr3R	-	8307472	8308645
tey	chr3L	-	19650505	19664104
tfc	chr3L	+	1256448	1274498
tgo	chr3R	-	9016772	9020022
tgy	chrX	-	19125002	19127316
thetaTry	chr2R	-	11341713	11342760
tho2	chr2L	-	2137349	2145187
thoc5	chr2R	+	23954090	23956406
thoc6	chr3L	-	12190695	12193688
thoc7	chr3L	-	211635	212687
thr	chr2R	-	17861272	17865963
ths	chr2R	+	11756816	11814424
thw	chr3R	+	7224413	7241138
tilB	chrX	+	22449736	22451463
tim	chr2L	-	3493985	3508119
timeout	chr3R	+	13088650	13163876
tin	chr3R	+	21378976	21381970
tinc	chr3R	+	17811540	17872507
tio	chr2L	+	22019207	22025734
tipE	chr3L	+	4188498	4193788
tj	chr2L	+	19464266	19467758
tko	chrX	-	2442312	2443976
tkv	chr2L	-	5218999	5271384
tld	chr3R	+	24749730	24753510
tll	chr3R	+	30852314	30854400
tmod	chr3R	+	30532606	30578905
tn	chr2R	+	18987343	19008944
tna	chr3L	+	10835527	10876496
tnc	chr3R	+	24984383	25022867
to	chr3R	+	25240179	25241668
tobi	chr3R	-	25344760	25346921
toc	chr2L	-	3068344	3144786
toe	chr3L	-	12422509	12432668
tok	chr3R	+	24719696	24749125
tomb	chr2L	-	5535860	5536758
tomboy20	chr3R	-	10735276	10735957
tomboy40	chr2R	+	6225633	6226884
topi	chr3R	+	9775120	9777943
tor	chr2R	-	7705182	7709184
tos	chr2L	-	18679630	18682075
tou	chr2R	-	11577484	11616045
tow	chr3L	+	6942855	6949313
toy	chr4	+	989724	1007922
tplus3a	chr2L	+	22071143	22072902
tplus3b	chr2L	-	22102625	22104401
tpr	chr2R	-	21799329	21800904
tra	chr3L	-	16590058	16591050
tra2	chr2R	-	14602003	14604337
tral	chr3L	+	12515058	12520954
trbd	chr3R	-	9705995	9711037
trbl	chr3L	-	20396287	20401609
trc	chr3L	-	19830863	19834304
trem	chr3R	-	20029559	20031309
trh	chr3L	-	366523	392633
trio	chr3L	-	995981	1034875
trk	chr2L	-	10271442	10272324
trn	chr3L	+	13114270	13118077
trol	chrX	-	2470459	2545427
trp	chr3R	-	29914520	29920289
trpl	chr2R	+	9753696	9765518
trr	chrX	-	1881312	1889950
trsn	chr2R	-	10479010	10480111
trus	chr3R	+	12456572	12458444
trv	chr3R	+	28026614	28090740
trx	chr3R	-	14263357	14286903
tsg	chrX	-	11988061	11988948
tsh	chr2L	+	21828592	21837011
tsl	chr3R	-	21778113	21782536
tsr	chr2R	-	24044452	24046805
tst	chr3R	-	23768398	23772859
tsu	chr2R	+	9110798	9111578
tth	chrX	-	13613192	13616586
ttk	chr3R	+	31713866	31735392
ttm2	chr3L	+	275154	276667
ttm3	chr2L	+	22079631	22080738
ttm50	chrX	-	2730076	2732190
ttv	chr2R	+	14526266	14587917
tty	chrX	-	21328612	21339676
tub	chr3R	+	4387741	4389813
tud	chr2R	+	21183321	21192913
tum	chr2R	-	13856149	13858689
tun	chr2R	+	15793999	15855645
tup	chr2L	-	18859506	18881261
tut	chr3L	-	8209576	8210743
tutl	chr2L	+	4283147	4323781
tw	chrX	+	784745	788215
twe	chr2L	-	16259413	16261877
tweek	chr2L	+	16888489	16917052
twf	chr3R	+	14122653	14124474
twi	chr2R	+	22985373	23048325
twin	chr3R	-	24196892	24221965
twit	chr2L	+	20852577	20857113
twr	chr3R	+	6657881	6659442
tws	chr3R	-	10126128	10139772
twz	chr2R	-	21560245	21576035
tx	chr3R	+	26440777	26448991
tyf	chrX	+	4117019	4130016
tyn	chrX	+	140317	200663
tzn	chr3L	+	20798644	20800081
ubl	chr2R	-	6810010	6810530
udd	chr2R	+	8106384	8113949
udt	chr3R	-	23760736	23763263
uex	chr2R	-	3900284	3949425
uif	chr2L	-	6972827	7010359
unc	chrX	-	21111413	21116914
unc-104	chr2R	-	16751502	16772671
unc-119	chrX	-	7288366	7291298
unc-13	chr4	-	867823	912331
unc-13-4A	chr3L	-	7266191	7312896
unc-4	chrX	+	17768568	17778708
unc-45	chr3R	+	8033300	8037403
unc-5	chr2R	+	15340471	15368300
unc79	chr3R	-	19230763	19246130
unc80	chr3R	+	27662438	27677099
und	chr2L	+	9763368	9765338
unk	chr3R	-	23149652	23157862
unpg	chr2R	+	9195204	9199870
up	chrX	-	13593473	13602578
upSET	chr3L	+	14002126	14020148
upd1	chrX	-	18305353	18309291
upd2	chrX	-	18240653	18243284
upd3	chrX	+	18277232	18284596
uri	chr2R	+	24565553	24568082
ush	chr2L	+	476219	540560
usp	chrX	-	2038797	2042311
uzip	chr2R	+	25012061	25031737
v	chrX	+	10923971	10925631
vanin-like	chrX	-	6200187	6202559
vap	chrX	-	15999950	16005812
vari	chr2L	-	20788661	20797042
vas	chr2L	+	15061655	15074311
veil	chr2R	+	17478157	17482118
veli	chr3R	-	25064417	25065591
velo	chr3L	-	6744425	6752752
ver	chr3L	+	12523986	12525150
verm	chr3L	-	19690032	19695260
vers	chr3L	+	12116100	12118055
vg	chr2R	+	12884631	12899385
viaf	chr3L	-	11991852	11993179
vib	chr3R	-	19215433	19226651
vig	chr2L	-	15062930	15070316
vig2	chr3R	+	25123372	25125619
vih	chr3L	+	12504291	12505821
vilya	chrX	+	2726677	2727568
vimar	chr2R	-	6975284	6985712
vir	chr2R	-	23360191	23366355
vir-1	chr2L	-	12403269	12423439
vis	chr2R	-	12507895	12510615
vito	chr3L	-	5776323	5777333
vkg	chr2L	-	5012143	5028191
vlc	chr2R	+	5702111	5705439
vls	chr2L	-	20064260	20065679
vn	chr3L	-	5813337	5845664
vnc	chr3L	+	9972311	9974023
vnd	chrX	+	582120	598151
vret	chr3R	-	22742953	22745581
vri	chr2L	+	5288943	5311223
vrs	chr3R	+	12447652	12449046
vsg	chr3L	+	9714323	9717716
vtd	chr3L	+	27136524	27157999
vvl	chr3L	+	6790157	6794941
w	chrX	-	2790598	2796466
w-cup	chr2L	-	10575859	10577792
wa-cup	chr3R	+	7420764	7423057
wac	chr3L	+	258175	259097
wake	chr3R	+	22639807	22683827
wal	chr2R	-	11688568	11690863
wap	chrX	-	22451444	22455422
wapl	chrX	-	2149935	2158983
wash	chr2R	+	12180492	12182373
wat	chr3R	-	28992976	29020406
waw	chrX	+	21363027	21373145
wb	chr2L	+	14263026	14328262
wbl	chr2R	+	19249394	19250917
wcd	chr2R	-	16345837	16347500
wcy	chrX	-	17068716	17077897
wda	chr3R	-	23255069	23258087
wdb	chr3R	-	27561674	27582241
wde	chr2R	-	10800419	10808938
wdn	chr3R	-	28807982	28811337
wdp	chr2R	-	22298213	22311937
wds	chrX	+	2585979	2588217
wech	chr2R	-	7478852	7489823
wek	chr2L	-	15766132	15768349
wfs1	chr3R	-	22687541	22690380
wg	chr2L	+	7307158	7316265
wge	chr3R	-	22710882	22721150
wgn	chrX	-	18624041	18634908
whd	chr2R	-	10469472	10478567
whe	chrX	-	21402338	21402772
whip	chr2R	-	8362358	8363218
wisp	chrX	+	11893942	11899920
wit	chr3L	-	4064151	4071717
wkd	chr3R	+	11581575	11585305
wls	chr3L	-	11166619	11169625
wmd	chr2R	-	23544822	23548151
wnd	chr3L	-	19624405	19635783
wntD	chr3R	-	13292051	13293198
woc	chr3R	-	27256594	27264055
wol	chr2L	-	8301344	8302985
wor	chr2L	-	15423296	15425580
wrapper	chr2R	+	22379636	22382675
wrd	chr3R	+	18167756	18180049
wry	chr2L	+	1836537	1858550
wtrw	chr3R	+	7891330	7901147
wts	chr3R	-	30789624	30806619
wuc	chr2R	+	12700080	12700851
wuho	chrX	+	6288099	6289562
wun	chr2R	-	9400530	9413463
wun2	chr2R	+	9414341	9417846
wupA	chrX	-	18105567	18116922
wus	chrX	-	16938243	16940873
x16	chr2L	-	6914300	6920210
xit	chrX	+	6821015	6822840
xmas	chrX	-	17151230	17159306
y	chrX	+	356508	361245
yata	chr3R	+	29749218	29754528
yellow-b	chr2L	+	16754335	16758283
yellow-c	chr2L	+	15035393	15037841
yellow-d	chr2R	+	23378572	23380438
yellow-d2	chr2R	+	23381196	23382591
yellow-e	chr3R	-	13409542	13415286
yellow-e2	chr3R	-	13405108	13406998
yellow-e3	chr3R	-	13403422	13404870
yellow-f	chr3R	-	12991448	12993201
yellow-f2	chr3R	-	12993394	12995147
yellow-g	chr3L	-	2269880	2272769
yellow-g2	chr3L	+	2276549	2278038
yellow-h	chr4	+	227921	230428
yellow-k	chr3L	+	15520619	15521653
yem	chr3R	-	29118329	29122879
yin	chrX	-	3862965	3871939
yip2	chr2L	+	9915252	9917220
yip3	chr2R	-	23244043	23245399
yip7	chr3L	+	6035215	6036175
yki	chr2R	-	24065974	24068485
yl	chrX	+	14193213	14199958
ymp	chr3R	-	25591501	25609127
yps	chr3L	-	12121273	12125150
yrt	chr3R	-	13428866	13434984
ytr	chr2R	-	23847160	23851480
yuri	chr2L	-	15257266	15264692
z	chrX	+	2447768	2450550
zda	chr2R	-	18629593	18632045
zen	chr3R	-	6752863	6754194
zen2	chr3R	-	6743134	6744136
zetaCOP	chr3L	-	16671663	16673555
zetaTry	chr2R	-	11339185	11340132
zf30C	chr2L	+	9758341	9762375
zfh1	chr3R	+	30765925	30789202
zfh2	chr4	+	501809	540874
zip	chr2R	-	24990569	25011965
zld	chrX	-	19766464	19783548
zormin	chr3L	-	2117465	2151700
zpg	chr3L	-	6604365	6606032
zuc	chr2L	-	11988734	11989882
zyd	chrX	+	23022897	23035550
zye	chr3L	+	20413603	20424309
